cui,nombre_establecimiento,domicilio_edificio
0200001,JIN C (EPCJS 01/01°) - EPC N° 01 JUAN JOSE CASTELLI - CENS - UGEE N° 01,AYACUCHO 1680
0200002,SUPERVISIÓN DE 1 - JIC N° 04/01° CINCO ESQUINAS - EPC N° 02 DOMINGO FAUSTINO SARMIENTO - ESC. DE MUSICA N° 16 - ESEA EN DANZA MASTRAZZI CURSO VOCACIONAL DE DANZA Y EXPRESIÓN CORPORAL INFANTIL N° 04 - ESEA EN DANZA RAMICONE CURSO VOCACIONAL DE FOLKLORE N° 04,AVDA. PTE. MANUEL QUINTANA 31
0200003,EPA N° 03 DR. ONESIMO LEGUIZAMON - EPC N° 03 DR. ONESIMO LEGUIZAMON,AVDA. SANTA FE 1510
0200004,CENS N° 08 - EPC N° 04 JOSE MANUEL ESTRADA,RECONQUISTA 461
0200005,JII N° 13/01° - EPC N° 05 NICOLAS RODRIGUEZ PEÑA - IFTS N° 05,RODRIGUEZ PEÑA 747
0200006,CENS Nº 90 - EPC N° 06 FRENCH Y BERUTI - JII N° 02/01° - EPA N° 06 FRENCH Y BERUTI,BASAVILBASO 1295
0200007,Sup Inicial I A - JIN A (EPCJS 07/01°) - EPA N° 07 PRESIDENTE ROCA - EPC N° 07 PRESIDENTE ROCA,LIBERTAD 581
0200008,Sup Adultos Region VI - JIN A (EPCJC 08/01°) - EPC N° 08 NICOLAS AVELLANEDA - CENS N° 03 - EPA N° 08 NICOLAS AVELLANEDA - CENTRO EDUCATIVO CURSOS ESPECIALES - SUPERVISIÓN CURSOS ESPECIALES,TALCAHUANO 680
0200009,JIN A (EPCJC 09/01°) - EPC N° 09 FAMILIA DE CABEZON - CENS N° 26,TTE. GRAL. JUAN DOMINGO PERON 1140
0200010,JIN B (EPCJC 10/01°) - EPC N° 10 PRESIDENTE MANUEL QUINTANA - EPA N° 10 PRESIDENTE MANUEL QUINTANA,LAVALLE 2366
0200011,JII N° 01/01° - EPC N° 12 GRAL. LAS HERAS - CEC PLASTICA 01,JULIAN ALVAREZ 2849
0200012,EPC N° 13 GRAL. SAN MARTIN - CENS N° 46,SAN MARTIN 458
0200013,EPC N° 14 CORNELIO SAAVEDRA - JIN B (EPCJC 14/01°) [S] - CENOF CENTRO SARMIENTO,SARMIENTO 2250
0200014,EPC N° 16 WENCESLAO POSSE - JIC N° 03/01° - CENOF CENTRO JUNCAL - ESC. PRIM. 16/01°,JUNCAL 3131
0200015,EPA N° 18 DR. RAFAEL HERRERA VEGAS - EPC N° 18 DR. RAFAEL HERRERA VEGAS - JIN C (EPCJS 18/01°) (SEDE) - ESEA EN DANZA MASTRAZZI CURSO VOCACIONAL DE DANZA Y EXPRESIÓN CORPORAL JUVENIL N° 03 - ESEA EN DANZA MASTRAZZI CURSO VOCACIONAL DE DANZA Y EXPRESIÓN CORPORAL INFANTIL N° 01,AVDA. GRAL. LAS HERAS 3086
0200016,JIN C (EPCJC 21/01°) - EPC N° 21 ANGEL GALLARDO,AYACUCHO 1849
0200017,CENS N° 24 - EPC N° 23 BERNARDINO RIVADAVIA,LARREA 854
0200018,EPC N° 24 CyF.PIZARRO y M. PIZARROyMONJE - CEC IDIOMAS EXTRANJEROS N° 01,PEÑA 2670
0200020,EPC N° 26 ADOLFO VAN GELDEREN - CONSERVATORIO SUPERIOR DE MÚSICA MANUEL DE FALLA - ANEXO 2 - JIC N° 09/01°,JERONIMO SALGUERO 2455
0200022,ESPACIO PRIMERA INFANCIA COLEGIO N° 02 - COLEGIO N° 02 DOMINGO FAUSTINO SARMIENTO - CAIYJ CLUB CENTRO,LIBERTAD 1257
0200023,"Sup Media Region I - Sup.Educ.Tec.Region I DE 01,03 - ESC. DE COM. Nº 02 DR. ANTONIO BERMEJO",AVDA. CALLAO 628
0200024,ESC. TEC.  N° 12 LIB. GRAL. JOSE DE SAN MARTIN,AVDA. DEL LIBERTADOR 238
0200025,ESC. TEC. N° 19 ALEJANDRO VOLTA,LAVALLE 1681
0200026,ISFA [A 3] - ESC. SUPERIOR DE EDUCACIÓN ARTÍSTICA EN DANZA AÍDA VICTORIA MASTRAZZI,ESMERALDA 285
0200027,IFTS N° 14 - CBF OCUPACIONAL N° 04 PAULO FREIRE,JUNCAL 1258
0200028,ESC. DE COM. N° 26 ENRIQUE DE VEDIA - ENS LENGUAS VIVAS SOFIA DE SPANGENBERG - ESCUELA DE MAESTROS ([A] 04),JUNCAL 3251
0200029,ENS N° 01 LENGUAS VIVAS PRES. R. S. PEÑA - LICEO N° 04 R. DE ESCALADA DE SAN MARTIN - ESEA  DANZA RAMICONE  FOLKLORE N° 21 - ESC. DE COM. N° 10 ISLAS MALVINAS,AVDA. CORDOBA 1951
0200030,ENS N° 09 DOMINGO FAUSTINO SARMIENTO - LICEO N° 07 DOMINGO FAUSTINO SARMIENTO,AVDA. CALLAO 450
0200031,INST. DE EDUCACIÓN SUPERIOR N° 01 DRA. ALICIA MOREAU DE JUSTO - CENS N° 13,AVDA. CORDOBA 2016
0200032,INST. DE ENSEÑANZA SUPERIOR EN LENGUAS VIVAS JUAN RAMÓN FERNÁNDEZ,CARLOS PELLEGRINI 1515
0200033,ESC. INTEGRAL INTERDISCIPLINARIA Nª 01,AYACUCHO 953
0200042,CENS N° 63,MARCELO T. DE ALVEAR 1840
0200057,JM N° 06/01°,PARAGUAY 1657
0200063,ESCUELA INF. N° 08/01°,AVDA. LAS HERAS 2670
0200076,EPC N° 02 JUAN LARREA - ESC. DE MUSICA N° 10,LAPRIDA 1235
0200077,EPC N° 03 MANUEL SOLA - JIN C (EPCJS 03/02°) - CENOF CENTRO LAMBARE,LAMBARE 975
0200078,JIN A (EPCJS 04/02°) - EPC N° 04 AMADEO JACQUES,SOLER 3929
0200079,EPC N° 06 GRAL. MARTIN RODRIGUEZ - CENOF CENTRO ANCHORENA,DR. TOMAS MANUEL DE ANCHORENA 441
0200080,EPC N° 07 DEL CENTENARIO - JIN C (EPCJC 07/02°),RIO DE JANEIRO 986
0200081,EPC N° 08 DR. ARTURO MATEO BAS - JIN B (EPCJS 08/02°) JARDIN DEL ABASTO,TUCUMAN 3233
0200082,CENS N° 40 - EPC N° 09 CNEL. GENARO BERON DE ASTRADA - JIN A (EPCJS 09/02°) [S],EL SALVADOR 4037
0200083,JIC N° 01/02° - EPC N° 10 GREGORIA PEREZ - EPA N° 10 GREGORIA PEREZ,ARENALES 2733
0200084,EPC N° 11 PROVINCIA DE JUJUY - JIN C (EPCJC 11/02°) - CENS N° 29,OBRERO ROBERTO NUÑEZ 4355
0200085,Sup Inicial III B - JII N° 04/02º,JOSE ANTONIO CABRERA 3430
0200086,Supervisión de Nivel Primaria DE 02 - EPC N° 14 JUAN MARTIN DE PUEYRREDON - EPA N° 14 JUAN MARTIN DE PUEYRREDON,AVDA. PUEYRREDON 630
0200087,EPC N° 16 PRESIDENTE MITRE - EPA N° 16 PRESIDENTE MITRE - ESCUELA INF. N° 05/02°,SARMIENTO 2832
0200088,EPC N° 17 PRESIDENTE URIBURU - JIN C (EPCJC 17/02°) [S] - CENOF CENTRO ANGEL GALLARDO - ESEA EN DANZA MASTRAZZI CURSO VOCACIONAL DE DANZA Y EXPRESIÓN CORPORAL INFANTIL N° 02,AVDA. ANGEL GALLARDO 246
0200089,EPC N° 18 ALEJANDRO CARBO - JIN D (EPCJC 18/02°) - EEM N° 01/02° E.REINGRESO,MARIO BRAVO 234
0200090,EPA N° 19 FLORENCIO BALCARCE - JIN D (EPCJC 19/02°) - EPC N° 19 FLORENCIO BALCARCE,FRANCISCO ACUÑA DE FIGUEROA 850
0200091,EPC N° 20 ROSARIO VERA PEÑALOZA - JIN D (EPCJS 20/02°) [S] - CENOF CENTRO PRINGLES,PRINGLES 1165
0200092,EPC N° 22 CARLOS JAVIER BENIELLI - JIN D (EPCJS 22/02°),SANCHEZ DE BUSTAMANTE 260
0200093,CENS N° 01 - EPC N° 23 TOMAS MANUEL DE ANCHORENA - ESEA  DANZA RAMICONE  FOLKLORE N° 02,DR. TOMAS MANUEL DE ANCHORENA 855
0200094,JIN B (EPCJS 24/02°) JARDIN DEL ABASTO - CENS N° 16 - EPC N° 24 PROVINCIA DE CATAMARCA - ESEA  DANZA MASTRAZZI  DNZA  JUVIL N° 07,JEAN JAURES 870
0200095,EPA N° 13 REPUBLICA ISLAMICA DE IRAN - EPC N° 13 REPUBLICA ISLAMICA DE IRAN,JOSE ANTONIO CABRERA 3484
0200096,INST. DE TIEMPO LIBRE Y RECREACION - LICEO N° 01 JOSE FIGUEROA ALCORTA,AVDA. SANTA FE 2778
0200097,Sup Media Region III - COLEGIO N° 03 MARIANO MORENO - IFTS N° 28,AVDA. RIVADAVIA 3577
0200098,COLEGIO N° 06 MANUEL BELGRANO - COLEGIO N° 15 REVOLUCION DE MAYO,ECUADOR 1158
0200099,COLEGIO N° 05 BARTOLOME MITRE - COLEGIO N° 14 JUAN JOSE PASO - PI LUCIERNAGAS,VALENTIN GOMEZ 3163
0200100,Polideportivo ESC. TEC. N° 30 DR. NORBERTO PIÑERO - ESC. TEC. N° 30 DR. NORBERTO PIÑERO,JERONIMO SALGUERO 920
0200101,ENS N° 06 VICENTE LOPEZ Y PLANES,GUEMES 3859
0200102,ESPACIO PRIMERA INFANCIA ESC. DE COM. N° 25 - ENS N° 07 JOSE MARIA TORRES - ESC. DE COM. N° 08 PATRICIAS ARGENTINAS - ESC. DE COM. N° 25 SANTIAGO DE LINIERS,AVDA. CORRIENTES 4261
0200103,ESC. INTEGRAL INTERDISCIPLINARIA N° 02,JOSE ANTONIO CABRERA 4078
0200104,ESCUELA INF. N° 02/02° PAMPITA,GUARDIA VIEJA 3950
0200105,CENTRO DE ACTIVIDADES INFANTILES Y JUVENILES CLUB ALMAGRO - Polideportivo - Anexo Normal Nº07,SARMIENTO 4041
0200106,ESEA EN DANZA RAMICONE CURSO VOCACIONAL DE FOLKLORE N° 10 - ESC. SUPERIOR DE EDUCACIÓN ARTÍSTICA EN ARTE CERÁMICO N° 01,BULNES 45
0200107,CENS N° 20 - ESCUELA DE LA JOYA MAESTRO JOYERO SERGIO LUKEZ,LEZICA 3955
0200110,CFP N°29,AVDA. DÍAZ VELEZ 4093
0200113,JM N° 03/02°,GALLO 1340
0200120,EPC N° 05 URSULA LLAMES DE LAPUENTE - IFTS N° 18 - CEC IDIOMAS EXTRANJEROS N° 02,GRAL. LUCIO NORBERTO MANSILLA 3643
0200123,ESCUELA INF. N° 02/03° MANE BERNARDO,CHILE 1626
0200124,JIN D (EPCJC 03/03°) - CENS N° 12 - EPC N° 03 MARIA SANCHEZ DE THOMPSON,TACUARI 567
0200125,EPC N° 04 CNEL. ISIDORO SUAREZ - IFTS N° 09 - CENS N° 43 - ESEA EN DANZA MASTRAZZI CURSO VOCACIONAL DE DANZA Y EXPRESIÓN CORPORAL JUVENIL N° 08 - JIN D (EPCJS 04/03°) [S],REPÚBLICA BOLIVARIANA DE VENEZUELA 771
0200126,Sup Inicial I C - EPC N° 05 AGUSTIN ALVAREZ - JII N° 01/03° - ESEA EN DANZA RAMICONE CURSO VOCACIONAL DE FOLKLORE N° 13,HUMBERTO 1° 1573
0200127,EPC N° 07 GRAL. GÜEMES - CENS N° 54,CARLOS CALVO 1140
0200128,JIN B (EPCJS 09/03°) - EPC N° 09 MARIANO MORENO - EPA N° 09 MARIANO MORENO,MORENO 2104
0200129,EPC N° 11 DR. RICARDO GUTIERREZ - CEC IDIOMAS EXTRANJEROS N° 03,PTE. LUIS SAENZ PEÑA 1215
0200130,EPC N° 14 GRAL. MARIANO NECOCHEA,PTE. LUIS SAENZ PEÑA 463
0200131,EPC N° 15 FRANCISCO NARCISO DE LAPRIDA - JIN B (EPCJS 15/03°) - CENS N° 50,MEXICO 2383
0200132,EPA N° 16 EUSTAQUIO CARDENAS - EPC N° 16 EUSTAQUIO CARDENAS,SALTA 1226
0200133,EPA N° 22 CARLOS PELLEGRINI - JIN A (EPCJS 22/03°) - EPC N° 22 CARLOS PELLEGRINI - CENS N° 44 - JIN A (EPCJC 21/03°) - EPC N° 21 CARLOS PELLEGRINI - Sup Primaria DE03 A - Centro de Terminalidad a Distancia[sede] - Sup Adultos Region I A - Bib.del Docente Dist.3 Carlos Pellegrini,AVDA. ENTRE RIOS 1359
0200135,JIN B (EPCJC 23/03°) [S] - CENS N° 37 SEDE - EPC N° 23 GRAL. VIAMONTE,PASCO 961
0200136,CENS N° 59 - EPC N° 25 GERVASIO POSADAS - EPA N° 25 GERVASIO POSADAS - JIN A (EPCJC 25/03°) [S] - ESEA EN DANZA MASTRAZZI CURSO VOCACIONAL DE DANZA Y EXPRESIÓN CORPORAL INFANTIL N° 05,AVDA. SAN JUAN 2277
0200137,PI LUCECITAS - CENS N° 18 - COLEGIO N° 01 BERNARDINO RIVADAVIA - ESC. DE COM. N° 36 ISAAC HALPERIN,AVDA. SAN JUAN 1545
0200138,COLEGIO N° 07 JUAN MARTIN DE PUEYRREDON,CHACABUCO 922
0200139,Sup Adultos Region II B - Sup Adultos Region IV B - ESC. DE COM. N° 05 JOSE DE SAN MARTIN - CENS N° 04 - IFTS N° 10 - CENS N° 27 - IFTS N° 24 - EEM N° 01/03° E.REINGRESO,AVDA. ENTRE RIOS 757
0200140,CENS N° 34 - ESC. DE COM.  N° 34 MONSEÑOR MIGUEL DE ANDREA,MORENO 2135
0200141,ESC. PARA NIÑOS Y NIÑAS CON DISCAPACIDAD MENTAL N° 14 CONSTANCIO C. VIGIL,AVDA. INDEPENDENCIA 668
0200142,ESC. PARA JÓVENES Y ADULTOS CON DISCAPACIDAD MENTAL Y DE FORMACIÓN INTEGRAL N° 22 P B PALACIOS ALMAFUERTE - CENOF CENTRO INTEGRADOR ALMAFUERTE,AVDA. SAN JUAN 2128
0200143,ESC. PARA JÓVENES Y ADULTOS CON DISCAPACIDAD VISUAL Y FORMACIÓN INTEGRAL N° 37 FRANCISCO GATTI,AVDA. INDEPENDENCIA 672
0200144,ESC. INTEGRAL INTERDISCIPLINARIA N° 03,PIEDRAS 1430
0200145,EPC N° 13 PROV. SANTIAGO DEL ESTERO - CENS N° 42,CHILE 1371
0200146,JII N° 04/03° EL JARDIN DEL MANZANO,MEXICO 1627
0200147,EPJs 2 - Polideportivo - EPC N° 02 FRAY CAYETANO RODRIGUEZ,CHILE 1670
0200148,JIC N° 03/03° SAN TELMO,PIEDRAS 860
0200163,ESC. PARA JÓVENES Y ADULTOS CON DISCAPACIDAD MENTAL Y DE FORMACIÓN INTEGRAL N° 22 P B PALACIOS ALMAFUERTE [A:CR],COCHABAMBA 2147
0200168,EPA N° 01 VALENTIN GOMEZ - EPC N° 01 VALENTIN GOMEZ - CENS N° 36 - ESEA DANZA RAMICONE FOLKLORE N° 03,AVDA. INDEPENDENCIA 758
0200173,EPC N° 01 ALTE. GUILLERMO BROWN - EEM N° 07/04° ESCUELA DE LA RIBERA,ARISTOBULO DEL VALLE 471
0200174,EPC N° 02 CARLOS RAMON VIGNALE - EPA N° 02 CARLOS RAMON VIGNALE,WENCESLAO VILLAFAÑE 453
0200175,EPC N° 03 JUAN MARIA GUTIERREZ - JIN C (EPCJC 03/04°),ROCHA 1226
0200176,EPC N° 04 JOSE JACINTO BERRUTTI,BENITO QUINQUELA MARTIN 1081
0200177,Sup Inicial II A - EPC N° 08 CARLOS DELLA PENNA - JIC N° 02/04° CARLOS DELLA PENNA - ESC. DE MUSICA N° 01,BRAUN MENENDEZ 260
0200178,Museo de Bellas Artes de Artistas Argentinos Benito Quinquela Martin - EPC N° 09 BENITO QUINQUELA MARTIN - CENS N° 32 - CENOF CENTRO MUSEO QUINQUELA MARTIN - JII N° 01/04° BENITO QUINQUELA MARTIN,AVDA. DON PEDRO DE MENDOZA 1835
0200179,EPC N° 10 GRAL. ARAOZ DE LAMADRID,GRAL. GREGORIO ARAOZ DE LAMADRID 499
0200180,CENS N° 39 - EPC N° 11 ANTONIO J. BUCICH - JII N° 04/04° - CAIYJ LA BOCA,BRANDSEN 1057
0200181,Sup Primaria DE 04 A Sup Adultos Region V A - EPA N° 13 REPUBLICA DE CHILE - EPC N° 13 REPUBLICA DE CHILE - JIN C (EPCJC 13/04°),SUAREZ 1131
0200182,EPC N° 14 AGUSTIN RAFAEL CAFFARENA,NECOCHEA 1136
0200183,EPC N° 18 PROVINCIA DE LA RIOJA,HERNANDARIAS 556
0200184,EPC N° 19 REPUBLICA ITALIANA - JIN C (EPCJC 19/04°),RIO CUARTO 1249
0200186,EPC N° 22 DR. GUILLERMO RAWSON - CECIE N° 04,HUMBERTO I° 343
0200187,EPC N° 24 PRESIDENTE DERQUI - JIN C (EPCJS 24/04°),CALIFORNIA 1925
0200188,CENTRO CULTURAL FORTUNATO LACÁMERA - EPC N° 26 HIPOLITO YRIGOYEN - JII N° 09/04°,AVDA. SAN JUAN 353
0200189,EPC N° 27 DEAN FUNES - CENOF CENTRO DEFENSA,DEFENSA 1431
0200190,JIN C (EPCJC 28/04°) [S] - EPC N° 28 FRANCISCO PASCASIO MORENO - CAIYJ CLUB LA BOCA,JOSE AARON SALMUN FEIJOO 1073
0200191,CENS N° 45 - EPA N° 29 MANUEL BELGRANO,GRAL. GREGORIO ARAOZ DE LAMADRID 676
0200193,CAIYJ BARRACAS - PI ESPACIO BARRACAS - ESC. DE COM.  Nº 01 DE 04 JOAQUÍN V. GONZALEZ - COLEGIO N° 11 HIPOLITO YRIGOYEN,BENITO QUINQUELA MARTIN 1649
0200194,ESC. POLITEC. MANUEL BELGRANO,BOLIVAR 346
0200195,Sup Media Tecnica Region I - IFTS Nº 06 - ESC. TEC. N° 01 ING. OTTO KRAUSE,AVDA. PASEO COLON 650
0200196,Sup Media Tecnica Region II Este - ESC. TEC. N° 31 MAESTRO QUINQUELA,AVDA. DON PEDRO DE MENDOZA 1777
0200197,ESEA ARTES VISUALES MANUEL BELGRANO,WENCESLAO VILLAFAÑE 1342
0200198,CENS N° 51 - CFP N° 01,RIO CUARTO 1993
0200199,ENS N° 03 BERNARDINO RIVADAVIA (SEDE) - ENS N° 03 BERNARDINO RIVADAVIA (Anexo Nivel Inicial),BOLIVAR 1235
0200200,ESC. TEC. N° 15 MAIPU - UNIVERSIDAD DE LA CIUDAD,AVDA. PASEO COLON 255
0200201,ESCUELA INF. N° 03/04°,AZOPARDO 1504
0200202,ESC. INTEGRAL INTERDISCIPLINARIA N° 04,AVDA. ALMTE. BROWN 473
0200214,EEM N° 02/04° E.REINGRESO,AVDA. REGIMIENTO DE PATRICIOS 1933
0200216,ENS Nº 05 GRAL. M. M. DE GÜEMES[A:Polideportivo],CALIFORNIA 1851
0200222,CAIYJ CLUB SAN TELMO/Polideportivo Martina Cespedes,BOLIVAR 1280
0200223,POLIDEPORTIVO 9 DE JULIO,AVDA. SUAREZ 1851
0200224,EPC N° 01 EST. PLURINACIONAL DE BOLIVIA - CECIE N° 05,GRAL. HORNOS 530
0200225,EPC N° 02 PATRICIOS - JII N° 08/05°,AVDA. ALMAFUERTE 66
0200226,ESC. DE MUSICA N° 05 - EPC N° 03 BERNARDO DE IRIGOYEN - JIN A (EPCJS 03/05°) - Sup Inicial II B A Sup Primaria DE05 - ESC. DE MUSICA N° 05,AVDA. MANUEL MONTES DE OCA 439
0200227,JIN B (EPCJS 04/05°) - EPC N° 04 CNEL. DE MARINA TOMAS ESPORA,SOLIS 1815
0200228,JIN B (EPCJS 06/05°) (SEDE) - EPC N° 06 TOMAS GUIDO,SAN JOSE 1985
0200229,EPC N° 07 JUAN DE GARAY - EPA N° 07 JUAN DE GARAY - JIN A (EPCJS 07/05°) (SEDE),AVDA. CASEROS 734
0200230,EPC N° 08 CARLOS NORBERTO VERGARA - JIN B (EPCJS 08/05°),AVDA. AMANCIO ALCORTA 1934
0200231,JIC N° 03/05° - EPC N° 09 JOSE PEDRO VARELA,LUZURIAGA 1571
0200232,EPC N° 10 DEAN DIEGO E. DE ZAVALETA - CENS N° 75,IGUAZU 1110
0200233,EPC N° 11 REPUBLICA DE HAITI - EPA N° 11 REPUBLICA DE HAITI - UGEE N° 06 BACHILLERATO POPULAR DE ADULTOS Y ADOLESCENTES 2 DE DICIEMBRE - BACH.POP. DE JOVENES Y ADULTOS VILLA 21 24,LAFAYETTE 1879
0200235,EPC N° 13 FRAY MAMERTO ESQUIU,SALOM 332
0200236,JIC N° 04/05° SEDE - EPC N° 14 PROVINCIA DE SAN LUIS,CACHI 77
0200237,EPC N° 15 ARZOBISPO MARIANO A. ESPINOSA - JIN A (EPCJS 15/05°),AVDA. MANUEL MONTES DE OCA 807
0200238,EPA N° 16 SABINA BOVE DE BOZALLA - EPC N° 16 SABINA BOVE DE BOZALLA,AVDA. AMANCIO ALCORTA 3402
0200239,EPC N° 17 PEDRO MELITON LEDESMA - EPA N° 17 PEDRO MELITON LEDESMA,TRAFUL 3835
0200240,JIN B (EPCJC 18/05°) - EPC N° 18 JUAN ENRIQUE PESTALOZZI - ESEA DANZA MASTRAZZI N° 09 - ESEA EN DANZA MASTRAZZI CURSO VOCACIONAL DE DANZA Y EXPRESIÓN CORPORAL JUVENIL N° 01,AVDA. CASEROS 2152
0200241,EPC N° 19 PROVINCIA DE FORMOSA,ELIA 473
0200242,EPC N° 20 NIEVES ESCALADA DE OROMI,SAN ANTONIO 682
0200243,EPC N° 23 LORENZO ANADON - CENOF CENTRO TRAFUL,TRAFUL 3847
0200244,EPC N° 24 CONTRALMIRANTE MARTIN GUERRICO,LYNCH 3536
0200245,EPC N° 25 MARCOS PAZ,AVDA. AMANCIO ALCORTA 2502
0200246,EPC N° 26 BRIGADIER MIGUEL DE AZCUENAGA - JIN B (EPCJC 26/05°),PICHINCHA 1873
0200247,EPC N° 27 MANUEL DE SARRATEA - EPA N° 27 MANUEL DE SARRATEA,VIEYTES 1469
0200248,ESCUELA INF. N° 07/05° PADRE DANIEL DE LA SIERRA,ALVARADO 3295
0200249,ESCUELA INF. N°05/05° MARIA EVA DUARTE DE PERON,PROF. DR. PEDRO CHUTRO 3380
0200250,ESCUELA INF. N° 06/05° ROSARIO VERA PEÑALOZA,AVDA. MANUEL MONTES DE OCA 16
0200251,JII N° 01/05° WALT DISNEY,AVDA. CASEROS 1555
0200252,JII N° 02/05° ANTONINO ABERASTAIN,SAN ANTONIO 1136
0200253,PI ESPACIO HUELLITAS - ESC. DE COM. N° 18 REINO DE SUECIA - EEM N° 01/05° E.REINGRESO N. J.MORRESI - PI ESPACIO NOCHERITOS,JUAN CARLOS GOMEZ 253
0200254,ESC. TEC. N° 04 REPUBLICA DEL LIBANO,AVDA. MANUEL MONTES DE OCA 121
0200255,ESC. INTEGRAL INTERDISCIPLINARIA N° 05,JOSE A. CORTEJARENA 3350
0200256,ESC. TEC. N° 10 FRAY LUIS BELTRAN - LICEO COM. N° 03 J. M. ESTRADA - [A],VIEYTES 942
0200257,ESC. TEC. N° 14 LIBERTAD,SANTA MAGDALENA 431
0200259,ENS N° 05 GRAL.  M. M. DE GÜEMES (SEDE) - LICEO COM. N° 03 JOSE MANUEL ESTRADA,ARCAMENDIA 743
0200261,PI SOL DE NOCHE - JII N° 10/05° - CAIYJ ZAVALETA,AVDA. GRAL. IRIARTE 3880
0200262,IFTS Nº 11 DE 05 - ESC. TEC. N° 07 DOLORES LAVALLE DE LAVALLE - CAIYJ CLUB PARQUE PATRICIOS - CFP N° 36,ZAVALETA 204
0200266,CENTRO EDUCATIVO PARA NIÑOS EN TIEMPOS Y ESPACIOS SINGULARES N° 01 - CFP Nº02 (ANEXO),DR. RAMON CARRILLO 317
0200268,ESC. HOSP. N° 03 DR. PEDRO DE ELIZALDE,AVDA. MANUEL MONTES DE OCA 16
0200280,JII Nº 14/05º,MANUEL GARCIA 370
0200281,CAEBYT N° 47 - EEM N° 06/05° - EPC N° 12 HORACIO QUIROGA - CAIYJ CLUB BARRACAS SUR - CFP N° 09 POLO EDUCATIVO BARRACAS - ESCUELA INF. N° 12/05° - Casa de la Cultura,RIO CUARTO Y MONTESQUIEU
0200290,CFP Nº02 - CENS N° 49,BRANDSEN 2570
0200293,ENS N° 05 GRAL. M. M. DE GÜEMES ([A]),AVDA. SUAREZ 2123
0200294,EPA N° 01 ESTEBAN DE LUCA - EPC N° 01 ESTEBAN DE LUCA - JIN A (EPCJS 01/06°),ADOLFO ALSINA 2499
0200295,EPC N° 02 JOSE MARIA GUTIERREZ,LA RIOJA 1846
0200296,JIN A (EPCJC 03/06°) [S] - EPC N° 03 RUFINO SANCHEZ,LA RIOJA 850
0200297,EPC N° 04 SALVADOR MARIA DEL CARRIL - JIN B (EPCJS 04/06°) MAESTRO F. REYES,QUINTINO BOCAYUVA 620
0200298,CENS N° 70 - EPC N° 05 PAUL GROUSSAC,CATAMARCA 462
0200299,EPC N° 06 DR. GUILLERMO CORREA - JIC N° 03/06° - CAIYJ CLUB DE CHICOS BALVANERA,SAAVEDRA 695
0200300,EPC N° 07 OLEGARIO VICTOR ANDRADE - CECIE N° 06,24 DE NOVIEMBRE 1536
0200301,EPC N° 10 FRANCISCO DE GURRUCHAGA,AVDA. JUJUY 1471
0200302,CONSERVATORIO SUPERIOR DE MÚSICA MANUEL DE FALLA - ANEXO 3 - JIN B (EPCJC 11/06°) MAESTRO F.REYES [S] - EPC N° 11 JOSE FEDERICO MORENO,HUMBERTO I° 3171
0200303,EPC N° 12 REPUBLICA DEL PARAGUAY - CENOF CENT.MUN.DEL TANGO-ESC.PRIM.12/06,AGRELO 3231
0200304,EPC N° 13 BRIG. GRAL. JOSE M. ZAPIOLA - JIN B (EPCJC 13/06°) MAESTRO F. REYES - EPA N° 13 BRIG.GRAL. JOSE MATIAS ZAPIOLA,GRAL. URQUIZA 227
0200305,JIC N° 04/06° MARIANO BOEDO - EPC N° 14 INTENDENTE ALVEAR,CASTRO BARROS 965
0200307,EPC N° 17 LUIS JOSE CHORROARIN,CARLOS CALVO 2827
0200308,CENS N° 15 - EPC N° 18 DR. ANTONIO BERMEJO,AVDA. BELGRANO 3767
0200309,EPC N° 22 MARTINA SILVA DE GURRUCHAGA - EPA N° 22 MARTINA SILVA DE GURRUCHAGA,AVDA. BOEDO 657
0200310,JIN C (EPCJS 25/06°) - EPC N° 25 PAULA ALBARRACIN DE SARMIENTO - ESCUELA DE MAESTROS ([A] 02),TARIJA 4136
0200311,EPA N° 26 REPUBLICA DE COLOMBIA - EPC N° 26 REPUBLICA DE COLOMBIA,AVDA. JUAN DE GARAY 3972
0200312,Museo Bernasconi - ESC. PRIMARIA COMÚN N° 91 DR. CARLOS SAAVEDRA LAMAS - INST. F. F. BERNASCONI - EPA N° 02 - ESC. PRIMARIA COMÚN N° 94 ENRIQUE BANCHS - INST. F. F. BERNASCONI - JIC N° 05/06° - ESC. PRIMARIA COMÚN N° 92 DR. RAFAEL BIELSA - INST. F. F. BERNASCONI - ESC. PRIMARIA COMÚN N° 93 DR. JUAN ANGEL GOLFARINI - INST. F. F. BERNASCONI - ESC. DE CORO Y ORQUESTA ATHOS PALMA - CENS N° 72 - JII N° 10 FRANCISCO PASCASIO MORENO - ESEA EN DANZA RAMICONE CURSO VOCACIONAL DE FOLKLORE N° 05,RONDEAU 2751
0200313,ESC. DE COM.  N° 22 G.A.MARTINEZ ZUVIRIA,CONSTITUCION 4154
0200315,JII N° 01/06°,HUMBERTO I° 2861
0200316,JII N° 02/06° FEDERICO FROEBEL,AVDA. INDEPENDENCIA 3354
0200317,Sup Inicial I B - JII N° 08/06° M.A.SCHIAVONI DE LOPEZ,AVDA. BOEDO 650
0200318,LICEO N° 10 RICARDO ROJAS - BOA N° 04 XUL SOLAR,AVDA. JUJUY 150
0200319,ESC. TEC. N° 11 MANUEL BELGRANO,COCHABAMBA 2830
0200320,ESC. TEC.  N°25 TTE.1° DE ARTILLERIA F.L.BELTRAN,AVDA. JUJUY 780
0200322,ESC. TEC. N° 26 CONFEDERACION SUIZA,AVDA. JUJUY 255
0200323,ESC. TEC. N° 29 RECONQUISTA DE BUENOS AIRES,AVDA. BOEDO 760
0200324,ENS N°02 EN LENGUAS VIVAS MARIANO ACOSTA - IES MARIANO ACOSTA - ESEA EN DANZA RAMICONE CURSO VOCACIONAL DE FOLKLORE N° 06,GRAL. URQUIZA 277
0200325,ENS N° 08 PRESIDENTE J.A. ROCA (SEDE),LA RIOJA 1042
0200326,ENS N° 08 PRESIDENTE J.A. ROCA ([A]),CARLOS CALVO 3150
0200327,ENS N° 11 DR. RICARDO LEVENE,DEAN FUNES 1821
0200328,"ESC. PARA NIÑOS, NIÑAS, JÓVENES Y ADULTOS CON DISCAPACIDAD MENTAL Y FORMACIÓN INTEGRAL N° 09 DR L R MAC KAY",CARLOS CALVO 3176
0200329,ESC. PARA JÓVENES Y ADULTOS CON DISCAPACIDAD MENTAL Y FORMACIÓN INTEGRAL N° 36 DR. AURELIO MARTÍNEZ,GRAL. URQUIZA 2159
0200330,ESC. INTEGRAL INTERDISCIPLINARIA N° 06,INCLAN 3146
0200331,CFP N°8 SMATA,MAZA 851
0200332,CENOF Venezuela,REPÚBLICA BOLIVARIANA DE VENEZUELA 3259
0200333,CAIYJ CLUB SAN CRISTOBAL,DEAN FUNES 1360
0200334,EPC N° 15 MAESTRO JORGE LUIS CHINETTI - IFTS N° 26,ESTADOS UNIDOS 3141
0200335,JM N° 07/06° DELFINA MARULL DE SARDA,CATULO CASTILLO 2852
0200342,Sup Educ Adulto y Adolesc  Sector I - Sup Educ Adulto y Adolesc  Sector III - CENS N° 06 - CENS N° 31,SAAVEDRA 15
0200343,JIC Nº12 DE 06 - EPC N° 08 ALMAFUERTE,MAZA 1913
0200344,EPC N° 23 PROVINCIA DE ENTRE RIOS,AVDA. BOEDO 1935
0200345,Sup Primaria DE06 A Sup Adultos Region II A,HUMBERTO 1° 3187
0200353,EPA N° 01 T. DE LA QUINTANA DE ESCALADA - JIN A (EPCJC 01/07°) [S] - EPC N° 01 T. DE LA QUINTANA DE ESCALADA,AVDA. CORRIENTES 5332
0200354,EPC N° 02 FRANCISCO DESIDERIO HERRERA - CONSERVATORIO SUPERIOR DE MÚSICA MANUEL DE FALLA - ANEXO 4 - JIN A (EPCJS 02/07°),CAMARGO 725
0200356,EPA N° 04 PRES. DR. ARTURO UMBERTO ILLIA - EPC N° 04 PRES. DR. ARTURO UMBERTO ILLIA - JIC N° 03/07° LA PORTEÑA,AVDA. RIVADAVIA 6065
0200357,EPC N° 05 JUAN B. PEÑA - JIN C (EPCJC 05/07°),MANUEL RICARDO TRELLES 948
0200358,EPC N° 06 DELFIN JIJENA,OLAYA 1565
0200359,EPC N° 08 PROVINCIA DE SAN JUAN - JIC N° 04/07° - ESC. DE MUSICA N° 11,CNEL. APOLINARIO FIGUEROA 1077
0200360,JIN C (EPCJC 09/07°) - EPC N° 09 JAPON,SANCHEZ 1858
0200361,JIN D (EPCJC 11/07°) - EPC N° 11 JOSE IGNACIO GORRITI,NICASIO OROÑO 1431
0200362,EPC N° 12 FACUNDO ZUVIRIA - JIN C (EPCJC 12/07°) [S] - CECIE N° 07,FRANKLIN 1836
0200363,EPC N° 13 LEOPOLDO MARECHAL - JIN C (EPCJS 13/07°),GALICIA 1857
0200364,EPC N° 14 DR. ERNESTO E. PADILLA,FELIPE VALLESE 835
0200365,EPC N° 15 GRAL. JOSE GERVASIO DE ARTIGAS - JINB(EPCJC 15/07°)LA VELETA DE CABALLITO,DR. ELEODORO LOBOS 437
0200366,Sup Primaria DE07 - EPA N° 16 ANDRES FERREYRA - EPC N° 16 ANDRES FERREYRA - JII N° 06/07° - CAIYJ CLUB CABALLITO,CNEL. APOLINARIO FIGUEROA 651
0200367,EPC N° 17 FRANCISCO DE VITORIA - CENS N° 33 LEOPOLDO MARECHAL - JIN A (EPCJC 17/07°),JULIAN ALVAREZ 240
0200368,JIN C (EPCJS 18/07°) - EPC N° 18 COMODORO CLODOMIRO URTUBEY,ALEJANDRO MAGARIÑOS CERVANTES 1556
0200369,EPC N° 19 GALICIA,LUIS VIALE 1046
0200370,EPC N° 20 TTE. BENJAMIN MATIENZO - JINB(EPCJS 20/07)VELETA DE CABALLITO [S] - CECIE N° 22,HIDALGO 635
0200371,JIN D (EPCJS 21/07°) - EPC N° 21 EMILIO RAUL OLIVE,ROJAS 1554
0200372,JIN A (EPCJS 22/07°) - EPC N° 22 DR. ROMULO S. NAON,ARAOZ 234
0200373,EPA N° 23 GRAL. BELGRANO - JIN D (EPCJC 23/07°) [S] - EPC N° 23 GRAL. BELGRANO - ESEA EN DANZA MASTRAZZI CURSO VOCACIONAL DE DANZA Y EXPRESIÓN CORPORAL JUVENIL N° 06,PRINGLES 263
0200374,CENS N° 19 - EPC N° 24 VIRGEN GENERALA - JINB(EPCJC 24/07°)LA VELETA DE CABALLITO,JOSE JUAN BIEDMA 459
0200375,EPC N° 25 REPUBLICA DE GUATEMALA,MENDEZ DE ANDES 1451
0200376,ESC. DE COM. N° 16 GABRIELA MISTRAL,JULIAN ALVAREZ 123
0200377,JIC N° 02/07° PROF. M. MARGARITA RAVIOLI - EPC N° 03 PRIMERA JUNTA,CAMPICHUELO 100
0200378,JM N° 05/07° JACARANDA,JUAN B. AMBROSETTI 699
0200379,Sup Inicial III A - JII N° 01/07° ANDRES FERREYRA,AVDA. DIAZ VELEZ 4659
0200380,ESC. DE COM. N° 23 DR. LUIS AGOTE - EC N° 29 MARINA MERCANTE ARGENTINA - COLEGIO N° 17 PRIMERA JUNTA - CAIYJ CLUB PRIMERA JUNTA,AVDA. RIVADAVIA 5161
0200381,ESC. TEC. N° 09 ING. LUIS A. HUERGO - CAIYJ CLUB HUERGO,GRAL. MARTIN DE GAINZA 1050
0200382,IFTS N° 07 - ESC. DE COM. N° 03 HIPOLITO VIEYTES,AVDA. GAONA 1502
0200383,CENS N° 57 - ESC. SUPERIOR DE ENFERMERÍA DRA. CECILIA GRIERSON SEDE,JUAN B. AMBROSETTI 601
0200385,EEM N° 03/07°,PADILLA 1051
0200396,EEM N° 01/07 JULIETA LANTERI,YERBAL 25
0200397,EPC N° 10 ARQ. MARIO JOSE BUSCHIAZZO - JINB(EPCJS 10/07°)LA VELETA DE CABALLITO,FELIPE VALLESE 975
0200398,Polideportivo Colegio N° 03 M.Moreno,BACACAY 650
0200400,EPC N° 01 CHACABUCO - JII N° 01/08° CIUDAD DE BUENOS AIRES - CENS N° 30,AVDA. EVA PERON 1502
0200401,EPC N° 02 TOMAS SANTA COLOMA,SANTANDER 1150
0200402,Centro Cultural Sebastián Piana - EPC N° 03 DR. MANUEL A. MONTES DE OCA,PUAN 360
0200403,CONSERVATORIO SUPERIOR DE MÚSICA MANUEL DE FALLA - ANEXO 1 - EPC N° 04 ORG. DE LOS ESTADOS AMERICANOS - JINE(EPCJC 04/08)TRANVIA DE CABALLITO[S],DEL BARCO CENTENERA 747
0200404,JIN B (EPCJS 06/08°) [S] - EPC N° 06 SAN JOSE DE CALASANZ - EPA N° 06 SAN JOSE DE CALASANZ,AVDA. LA PLATA 1038
0200405,EPC N° 07 NIÑAS DE AYOHUMA - JIC N° 05/08° MARTHA A. SALOTTI - IFTS N° 27,AVDA. ASAMBLEA 1221
0200406,JIN B (EPCJS 08/08°) - EPA N° 08 ANTONIO SCHETTINO - EPC N° 08 ANTONIO SCHETTINO,AVDA. JOSE MARIA MORENO 480
0200407,Sup Primaria DE08 - CENS N° 52 - JIN A (EPCJC 09/08°) - EPC N° 09 FLORENTINO AMEGHINO,AVDA. LA PLATA 623
0200408,EPC N° 10 JUAN AGUSTIN MAZA,CACHIMAYO 1657
0200409,IFTS N° 13 - EPC N° 11 PRES. MARCELO T. DE ALVEAR - JIN A (EPCJC 11/08°) [S],AVDA. JUAN BAUTISTA ALBERDI 163
0200410,EPA N° 14 JOAQUIN VICTOR GONZALEZ - EPC N° 14 JOAQUIN VICTOR GONZALEZ - JINE(EPCJS 14/08°) TRANVIA DE CABALLITO,AVDA. PEDRO GOYENA 984
0200411,JIC N° 03/08° - EPC N° 15 PROVINCIA DE SALTA,SARAZA 1353
0200412,JIN A (EPCJS 16/08°) - EPC N° 16 JOSE MARIA RAMOS MEJIA - CENOF CENTRO DON BOSCO - ESEA EN DANZA MASTRAZZI CURSO VOCACIONAL DE DANZA Y EXPRESIÓN CORPORAL INFANTIL N° 07,DON BOSCO 4200
0200413,EPC N° 17 PROF. RAUL L. BERNARDELLI - CENS N° 22,ESTRADA 627
0200414,EPC N° 20 ELOY FERNANDEZ ALONSO - JIN C (EPCJS 20/08°),MUÑIZ 2147
0200415,EPC N° 21 JUAN JOSE PASO - JIN C (EPCJS 21/08°),BEAUCHEF 1869
0200416,EPC N° 22 ANTONIO ABRAHAM ZINNY - CECEP N° 08 - CECIE N° 08,SALAS 565
0200417,EPC N° 23 CANADA - CENS N° 68,CACHIMAYO 1735
0200418,EPC N° 24 DR. FLORIAN OLIVER - CENS N° 05 ([A] 2) - JIN C (EPCJC 24/08°) [S] - CAEBYT N° 36 - CAEBYT N° 28 - CENOF CENTRO SARAZA,SARAZA 470
0200419,ESCUELA INF. N° 04/08°,VICTOR MARTINEZ 1780
0200420,BOA N° 01 ANTONIO BERNI - COLEGIO N° 10 JOSE DE SAN MARTIN,QUITO 4045
0200421,CFP N° 06 CIFP P/ADOLES. (CIFPA),AVDA. ASAMBLEA 153
0200422,Sup Inicial IV A - JII N° 02/08° JORGE EDUARDO COLL,HIPOLITO YRIGOYEN 4238
0200423,ESC. INTEGRAL INTERDISCIPLINARIA N° 08 LUIS VERNET,HORTIGUERA 742
0200425,LICEO N° 12 FRAY MAMERTO ESQUIU,AVDA. JOSE MARIA MORENO 345
0200426,ESPACIO PRIMERA INFANCIA ESC. DE COM. N° 19 - ESC. DE COM. N° 19 JUAN MONTALVO - ESEA DANZA MASTRAZZI DANZA JUV. N°02,FORMOSA 136
0200427,ENS N°04 ESTANISLAO SEVERO ZEBALLOS - LICEO N° 02 AMANCIO ALCORTA,AVDA. RIVADAVIA 4950
0200428,ISEF N° 02 PROF. FEDERICO W. DICKENS,AVDA. CURAPALIGÜE 1150
0200429,"ESC. PARA NIÑOS, NIÑAS, JÓVENES Y ADULTOS CON DISCAPACIDAD MENTAL Y FORMACIÓN INTEGRAL N° 01 ALFONSINA STORNI",EMILIO MITRE 1087
0200430,EEE N° 33 SANTA CECILIA,SENILLOSA 650
0200431,"ESC. PARA NIÑOS, NIÑAS Y JÓVENES CON DISCAPACIDAD VISUAL N° 35 JOSÉ MANUEL ESTRADA",AVDA. JUAN BAUTISTA ALBERDI 1083
0200432,CFP N°11,CARLOS SPEGAZZINI 450
0200440,JIN C (EPCJC 01/09°) - EPC N° 01 REPUBLICA DE CUBA,COSTA RICA 4942
0200441,JIC N° 03/09° LEOPOLDO MARECHAL - EPC N° 02 AUSTRALIA - IFTS N° 20,AGUIRRE 752
0200442,JIN B (EPCJC 03/09°) - EPC N° 03 JUANA MANSO - CECIE N° 09,ZAPATA 449
0200443,EPC N° 04 PROVINCIA DE CORDOBA,AVDA. RAUL SCALABRINI ORTIZ 1336
0200444,JII N° 05/09° - EPC N° 05 HON. CONGRESO DE LA NACION - CECEP N° 09 ([A]),AVDA. DEL LIBERTADOR 4777
0200445,JII N° 06/09° - EPC N° 06 VICENTE FIDEL LOPEZ - EPA N° 06 VICENTE FIDEL LOPEZ,AVDA. SANTA FE 5039
0200446,EPC N° 07 MARCOS SASTRE - JIN A (EPCJC 07/09°),VIRREY LORETO 3050
0200447,JIN A (EPCJC 08/09°) - EPC N° 08 ARMENIO-ARGENTINA,ARCE 611
0200448,JINB(EPCJC 09/09°)[S]JARD.DE LOS PUENTES - EPC N° 09 JUAN CRISOSTOMO LAFINUR,GORRITI 5740/5744
0200449,JIN A (EPCJS 10/09°) [S] - EPC N° 10 MANUEL LAINEZ - ESCUELA DE MAESTROS ([A] 11),OLLEROS 2325
0200450,EPC N° 11 MANUELA PEDRAZA,MALABIA 2252
0200451,EPC N° 12 MARISCAL DEL PERU R.CASTILLA,CONDE 943
0200452,JIC N° 07/09° EL JARDIN DE LAS GLICINAS - EPC N° 13 RAUL SCALABRINI ORTIZ - CECEP N° 09 (SEDE),CONDE 223
0200453,JIN D (EPCJC 14/09°) [S] - EPC N° 14 PROVINCIA DE RIO NEGRO - CENOF CENTRO AREVALO,AREVALO 1408
0200454,JIN B (EPCJS 15/09°) - EPC N° 15 CAP. GRAL. BERNARDO O'HIGGINS - EPA N° 15 CAP. GRAL. BERNARDO O'HIGGINS,AVDA. FEDERICO LACROZE 2971
0200455,EPC N°16 CAP.DE FRAGATA CARLOS M.MOYANO - EPA N° 16 CAP.DE FRAGATA CARLOS M.MOYANO,MOLDES 1102
0200456,CAI N° 17 DE 09 - JII N° 04/09° - EPC N° 17 BLAS PARERA - EPA N° 17 BLAS PARERA,PARAGUAY 4301
0200457,EPC N° 18 YAPEYU - JIN D (EPCJC 18/09°) - ESC. DE MUSICA N° 08,MALABIA 964
0200458,JIN D (EPCJS 19/09°) - EPC N° 19 PROVINCIA DEL CHUBUT - CAIYJ CHACARITA,HUMBOLDT 742
0200459,JIN C (EPCJC 20/09°) [S] - EPC N° 20 CARLOS MARIA BIEDMA - ESEA EN DANZA RAMICONE CURSO VOCACIONAL DE FOLKLORE N° 09,GUEMES 4610
0200460,JIN C (EPCJS 23/09°) - EPC N° 23 DR. JOSE MARIA BUSTILLO - EPA N° 23 DR. JOSE MARIA BUSTILLO,THAMES 1361
0200461,EPC N° 30 GRANADEROS DE SAN MARTIN - JIC N° 02/09° GRANADEROS DE SAN MARTIN - ESCUELA DE MAESTROS ([A] 07),AVDA. DEL LIBERTADOR 4903
0200462,Sup Inicial IX A - JIC N° 09/09°,MOLDES 1220
0200464,JII N° 01/09° DR. ALFREDO PALACIOS,URIARTE 2235
0200465,ESPACIO PRIMERA INFANCIA COLEGIO N°04 - COLEGIO N° 04 NICOLAS AVELLANEDA - CAIYJ CLUB AVELLANEDA,EL SALVADOR 5528
0200466,ESC. DE COM. N° 31 NACIONES UNIDAS - IFTS N° 03 - ESEA EN DANZA MASTRAZZI CURSO VOCACIONAL DE DANZA Y EXPRESIÓN CORPORAL JUVENIL N° 04,ANGEL JUSTINIANO CARRANZA 2045
0200467,CENS N° 38 - IFTS N° 22 - ESC. TEC. N° 02 OSVALDO MAGNASCO,AVDA. SANTA FE 3727
0200468,ESC. TEC. N° 03 MARIA SANCHEZ DE THOMPSON,AVDA. CABILDO 40
0200469,Sup Media Region VIII A Sup Media Tecnica Region VIII - ESC. TEC. N° 34 ING. ENRIQUE MARTIN HERMITTE,LOYOLA 1500
0200470,EEM N° 07/09° MARIA CLAUDIA FALCONE,MALABIA 2148
0200471,ESC. TEC. DE JARDINERIA CRISTOBAL M. HICKEN,AVDA. GRAL. LAS HERAS 4078
0200472,INST. SUPERIOR DEL PROF. DE EDUC. INICIAL SARA CHAMBERLAIN DE ECCLESTON (SEDE),AVDA. DORREGO 3751
0200473,CENTRO EDUCATIVO PARA NIÑOS EN TIEMPOS Y ESPACIOS SINGULARES N° 02,JUAN FRANCISCO SEGUI 3755
0200474,"ESC. PARA NIÑOS, NIÑAS, JÓVENES Y ADULTOS CON DISCAPACIDAD MENTAL Y FORMACIÓN INTEGRAL N° 04 DR. RAFAEL  ARCONE",NICARAGUA 5732
0200475,ESC. PARA NIÑOS Y NIÑAS CON SEVEROS TRASTORNOS DE LA PERSONALIDAD N° 17 ARMINDA ABERASTURY,RAUL SCALABRINI ORTIZ 2760
0200476,ESC. PARA NIÑOS Y NIÑAS CON DISCAPACIDAD MENTAL N° 25 MACACHA GÜEMES,GUEMES 4059
0200477,"ESC. PARA NIÑOS, NIÑAS Y JÓVENES CON PLURIDISCAPACIDAD N° 26 DR. JORGE GARBER",DARREGUEYRA 2460
0200478,"ESC. DOMICILIARIA PARA NIÑOS, NIÑAS Y JÓVENES CON DISCAPACIDAD N° 08",BONPLAND 1314
0200479,ESC. INTEGRAL INTERDISCIPLINARIA N° 09,LA PAMPA 1240
0200480,JM N° 08/09° ABRIENDO CAMINOS,BONPLAND 1324
0200487,Superv.Educ.Prim.Zona E Región IX-DE 09,GUEMES 4615
0200491,INST. SUPERIOR DEL PROF. DE EDUCACIÓN INICIAL SARA CHAMBERLAIN DE ECCLESTON - JIC MITRE,AVDA. DORREGO 3723
0200496,EPC N° 01 CASTO MUNITA - JIC N° 03/10° [A] - CENOF CENTRO CUBA - ESEA EN DANZA MASTRAZZI CURSO VOCACIONAL DE DANZA Y EXPRESIÓN CORPORAL JUVENIL N° 09,CUBA 2039
0200497,Superv.Educ.Prim. Zona E Región IX-DE10 - EPC N° 03 ESTEBAN ECHEVERRIA,MOLDES 1854
0200498,EPC N° 04 CNEL. C. F. BRANDSEN - JIN C (EPCJS 04/10°),JUANA AZURDUY 2541
0200499,EPC N° 05 JUAN BAUTISTA ALBERDI - JIC N° 03/10° SEDE - CECIE N° 10,MOLDES 2043
0200500,EPC N° 06 MANUEL DORREGO,BESARES 2990
0200501,Sup Inicial IX B - EPC N° 07 MANUEL J. GARCIA - CENOF CENTRO CABILDO - JM N° 07/10°,AVDA. CABILDO 3615
0200502,EPC N° 08 ALTE. RAMON GONZALEZ FERNANDEZ - JII N° 04/10°,MENDOZA 1000
0200503,JIN A (EPCJS 09/10°) [S] - EPC N° 09 EVARISTO JULIO BADIA,O'HIGGINS 3050
0200504,JIN A (EPCJC 10/10°) - EPC N° 10 JOAQUIN MARIA CULLEN,11 DE SEPTIEMBRE DE 1888 3451
0200505,EPC N° 11 PRIMER MINISTRO INDIRA GANDHI - JIN D (EPCJC 11/10°),AVDA. INTENDENTE CANTILO Y LA PAMPA
0200506,JIC N° 09/10° - EPC N° 12 PROF. RODOLFO SENET - CENS N° 81,AVDA. CRAMER 3271
0200507,JIN E (EPCJS 13/10°) - EPC N° 13 RICARDO MONNER SANS,RUIZ HUIDOBRO 2643
0200508,EPC N°14 FRAY MARTIN DEL BARCO CENTENERA - JIC Nº 10 DE 10,ROQUE PEREZ 3545
0200509,JIC N° 05/10° PABLO PICASSO - EPA N° 15 PROVINCIA DE SANTA FE - EPC N° 15 PROVINCIA DE SANTA FE,PICO 2689
0200510,EPC N° 16 REPUBLICA DOMINICANA - JIN C (EPCJS 16/10°) - EPA N° 16 REPUBLICA DOMINICANA,AVDA. CONGRESO 3045
0200511,EPC N° 17 DR. JUAN BALESTRA,ARCOS 2440
0200512,EPC N° 18 JOSE HERNANDEZ,LA PAMPA 3855
0200513,EPA N° 19 PABLO A. PIZZURNO - EPC N° 19 PABLO A. PIZZURNO - JIN C (EPCJS 19/10°) [S],AVDA. MONROE 3000
0200514,JIN A (EPCJS 20/10°) - EPC N° 20 VICEALM. VICENTE E. MONTES - ESEA EN DANZA MASTRAZZI CURSO VOCACIONAL DE DANZA Y EXPRESIÓN CORPORAL JUVENIL N° 10,AVDA. CONGRESO 1553
0200515,EPC N° 21 CNEL. CORNELIO SAAVEDRA - JIN E (EPCJC 21/10°) [S],PINTO 3910
0200516,JIN D (EPCJC 22/10°) [S] - EPC N° 22 REMEDIOS DE ESC. DE SAN MARTIN,FRANKLIN DELANO ROOSEVELT 1510
0200517,EPC N° 23 JOSE CLEMENTE PAZ - JIN D (EPCJS 23/10°) - EPA N° 23 JOSE CLEMENTE PAZ,MCAL. ANTONIO JOSE DE SUCRE 1367
0200518,EPC N° 25 REPUBLICA DE TURQUIA - EPA N° 25 REPUBLICA DE TURQUIA - CENS N° 53 - JII N° 02/10° MERCEDITAS - CAI SAAVEDRA MITRE - PI NUEVE LUNAS,AVDA. RUIZ HUIDOBRO 3853
0200519,CFP N° 07,RAMSAY 2250
0200520,JII N° 01/10° ATHOS PALMA,MCAL. ANTONIO JOSE DE SUCRE 2284
0200521,LICEO N° 09 SANTIAGO DERQUI,CONESA 1855
0200523,INST. SUPERIOR DE DEPORTES - EEM N° 03/10° - INST. SUPERIOR DE EDUCACIÓN FÍSICA N° 01 DR. ENRIQUE ROMERO BREST,AVDA. MIGUEL SANCHEZ 1050
0200524,ESC. INTEGRAL INTERDISCIPLINARIA N° 10 ALFÉREZ DE NAVÍO JOSÉ MARÍA SOBRAL,O'HIGGINS 3401
0200525,COLEGIO N° 08 JULIO ARGENTINO ROCA,CARLOS E. ZUBERBÜHLER 1850
0200526,ESC. DE COM. N° 07 MANUEL BELGRANO - PI EL MUNDO DEL REVÉS - EEM N° 02/10° E.REINGRESO,AVDA. MONROE 3061
0200527,EEM N° 05/10° HEROES DE MALVINAS,AVDA. CRAMER 2136
0200528,ESC. TEC.S RAGGIO,AVDA. DEL LIBERTADOR 8635
0200529,ESC. TEC. N° 21 FRAGATA ESCUELA LIBERTAD,NUÑEZ 3620
0200530,ESC. TEC. N° 28 REPUBLICA FRANCESA,CUBA 2410
0200531,CBFO N° 03 OLGA COSSETTINI,JURAMENTO 2945
0200532,ENS N° 10 JUAN BAUTISTA ALBERDI (SEDE),O'HIGGINS 2441
0200533,ENS N° 10 JUAN BAUTISTA ALBERDI ([A]) - CAIYJ CLUB BELGRANO / NUÑEZ,3 DE FEBRERO 2463
0200542,ET Raggio (anexo: Polideportivo),LA CACHILA 8631
0200549,CENS N° 09 - EPC N° 01 JOSE ALFREDO FERREIRA - JIN B (EPCJC 01/11°) - CAIYJ VELEZ SARSFIELD - PI LUCERITOS,CNEL. RAMON L. FALCON 4126
0200550,JIN B (EPCJC 02/11°) - EPC N° 02 MAXIMIO S. VICTORIA,CNEL. RAMON L. FALCON 4151
0200551,JIN B (EPCJC 03/11°) - EPA N° 03 ANGELA M. DE CAVIGLIA - EPC N° 03 ANGELA M. DE CAVIGLIA,MARIANO ACOSTA 45
0200552,EPC N° 04 BENJAMIN ZORRILLA - JIC N° 02/11°,AVDA. SAN PEDRITO 1415
0200553,JIN C (EPCJS 05/11°) HERMINIA BRUMANA - EPC N° 05 ALBINA GARCIA DE RYAN,PORTELA 734
0200554,EPA N° 06 DR. CARLOS VAZ FERREIRA - EPC N° 06 DR. CARLOS VAZ FERREIRA,AVDA. VARELA 1040
0200555,JIN D (EPCJS 07/11°) SIN FRONTERAS - EPC N° 07 TTE. MANUEL FELIX ORIGONE,PUMACAHUA 1247
0200556,JIN C (EPCJS 08/11°) HERMINIA BRUMANA - EPC N° 08 CNEL.ING.PEDRO ANTONIO CERVIÑO,VARELA 358
0200557,JIN C (EPCJC 09/11°) HERMINIA BRUMANA - EPC N° 09 JOSE MARIA PAZ - ESEA EN DANZA RAMICONE CURSO VOCACIONAL DE FOLKLORE N° 11,CNEL. RAMON L. FALCON 2934
0200558,JINC (EPCJC 10/11°) [S] HERMINIA BRUMANA - EPC N° 10 ING. OCTAVIO S. PICO - CECIE N° 11,AVDA. LAFUENTE 559
0200559,EPC N° 11 DR. PEDRO GOYENA - JINA (EPCJC 11/11°) BALDOMERO F. MORENO,GREGORIO DE LAFERRERE 3624
0200560,EPC N° 12 RECONQUISTA - CENOF CENTRO VARELA - ESC. PRIM. 12/11°,AVDA. VARELA 753
0200561,JIN D (EPCJC 13/11°) SIN FRONTERAS - EPC N° 13 FRANCISCA JACQUES,LAUTARO 1440
0200562,ESC. TEC. N° 37 HOGAR NAVAL STELLA MARIS - EPC N° 14 HOGAR NAVAL STELLA MARIS - ESEA EN DANZA RAMICONE CURSO VOCACIONAL DE FOLKLORE N° 01,PERGAMINO 211
0200563,Sup Primaria DE 11 - JIN D (EPCJS 15/11°) [S] SIN FRONTERAS - EPA N° 15 REPUBLICA ORIENTAL DEL URUGUAY - EPC N° 15 REPUBLICA ORIENTAL DEL URUGUAY,AVDA. CARABOBO 253
0200564,EPC N°16 DR.F.J.E.DE SANTA CRUZ Y ESPEJO - JIN A (EPCJS 16/11°) BALDOMERO F. MORENO,PRIMERA JUNTA 3445
0200565,JIN B (EPCJC 17/11°) [S] - EPC N° 17 GRAL. JUAN GALO LAVALLE,GRAL. EUGENIO GARZON 3950
0200566,JIN B (EPCJS 19/11°) - EPC N° 19 FRAGATA ARA LIBERTAD,JOSE BONIFACIO 3650
0200567,JINA(EPCJC 20/11°)[S]BALDOMERO F.MORENO - EPC N° 20 ANTONIO ALICE,BALDOMERO FERNANDEZ MORENO 3652
0200568,EPC N° 22 HIPOLITO BOUCHARD,AVELINO DIAZ 2356
0200569,EPC N° 23 GRAL. DE DIV. MANUEL N. SAVIO,SAN PEDRITO 1137
0200570,Sup Inicial IV B - EPC N° 24 DR. PEDRO AVELINO TORRES - JII N° 03/11° - ESC. DE MUSICA N° 07,LAUTARO 752
0200571,ESC. DE COM. N° 09 JOSE INGENIEROS,CNEL. RAMON L. FALCON 2248
0200572,ESC. TEC. N° 05 MARIA DE ESCALADA DE SAN MARTIN,AVDA. JUAN BAUTISTA ALBERDI 1845
0200573,ESCUELA INF. N° 04/11° - CAIYJ FLORES,AVDA. VARELA 1425
0200574,LICEO N° 05 PASCUAL GUAGLIANONE - ESC. TEC.  N° 18 JOSE ANTONIO ALVAREZ CONDARCO,AVDA. CARABOBO 286
0200575,ESC. DE COM.  N° 21 CAP. DE NAVIO HIPOLITO BOUCHARD,PUMACAHUA 390
0200576,JII N° 01/11°,AVDA. SAN PEDRITO 341
0200579,EPC N° 21 MARIA SKLODOWSKA DE CURIE - JINA(EPCJS 21/11°) BALDOMERO F. MORENO,MARIANO ACOSTA 1071
0200584,JIN A (EPCJC 01/12°) - EPC N°01 M.DE BELLAS ARTES GRAL. URQUIZA,YERBAL 2370
0200585,EPC N° 02 FLORENCIO VARELA - EPA N° 02 FLORENCIO VARELA,CARACAS 10
0200586,JIN D (EPCJC 03/12°) [S] - EPC N° 03 EMILIO GIMENEZ ZAPIOLA - EPA N° 03 EMILIO GIMENEZ ZAPIOLA - CECIE N° 12,JOAQUIN V. GONZALEZ 180
0200587,JIN A (EPCJS 04/12°) [S] - EPC N° 04 PROVINCIA DE LA PAMPA - ESEA EN DANZA MASTRAZZI  JUV. N° 05,CARACAS 1249
0200588,JIN A (EPCJC 05/12°) - EPC N° 05 REPUBLICA DE EL SALVADOR,GRAL. JOSE GERVASIO DE ARTIGAS 878
0200589,EPC N° 06 DR. ALFREDO L. PALACIOS,CARACAS 2057
0200590,EPC N° 07 JORGE NEWBERY,SAN BLAS 2962
0200591,EPC N° 08 QUINTINO BOCAYUVA - EPA N° 08 QUINTINO BOCAYUVA,GRAL. CESAR DIAZ 3050
0200592,JIN D (EPCJS 09/12°) - EPC N° 09 LIC. DON MAURO FERNANDEZ - CENS N° 85,BACACAY 3542
0200593,JIC N° 03/12° BANDERIN - EPC N°10 CNEL.DE MARINA LEONARDO ROSALES,MERCEDES 1405
0200594,JIN C (EPCJS 11/12°)(SEDE) - EPC N° 11 ANDRES BELLO,DR. LUIS BELAUSTEGUI 3751
0200595,JIC N° 02/12° PROVIMCIA DE CHACO - EPC N° 12 PROVINCIA DEL CHACO,AVDA. AVELLANEDA 2547
0200596,EPC N° 15 CNEL. C. T. SOURIGUES - CENOF CENTRO ARANGUREN,DR. JUAN FELIPE ARANGUREN 2400
0200597,EPC N° 16 ERNESTO ALEJANDRO BAVIO - JIN C (EPCJC 16/12°) - CAIYJ CLUB FLORESTA,BAHIA BLANCA 1551
0200598,EPC N° 17 CASILDA IGARZABAL DE ROD.PEÑA - JIN C (EPCJS 17/12°) - CECIE N° 23,ALEJANDRO MAGARIÑOS CERVANTES 2865
0200599,JIN A (EPCJC 19/12°) - EPC N° 19 LEANDRO NICEFORO ALEM - CENS N° 76,FRAY CAYETANO RODRIGUEZ 95
0200600,EPC N° 23 SATURNINO SEGUROLA,GRAL. VENANCIO FLORES 3869
0200601,JIN D (EPCJC 24/12°) - EPC N° 24 PADRE CASTAÑEDA,MORON 3745
0200602,EPC N° 25 INSP.GEN. ALFREDO DANIEL ZUMDA - JIN C DE 12 (ESC. PRIM. Nº 11 DE 12),REMEDIOS DE ESCALADA DE SAN MARTIN 2986
0200603,JIC N° 06 DE 12,SAN BLAS 2238
0200604,JII N° 01/12° RITA LATALLADA DE VICTORIA,JOAQUIN V. GONZALEZ 307
0200605,JM N° 05/12° H° DR. T. ALVAREZ,DR. JUAN FELIPE ARANGUREN 2605
0200606,COLEGIO N° 09 JUSTO JOSE DE URQUIZA,CONDARCO 290
0200607,ESC. TEC. N° 06 FERNANDO FADER,PJE. LA PORTEÑA 54
0200608,EEM N° 01/12° JULIO CORTAZAR,BOGOTA 2759
0200609,CFP N° 24 (SEDE),GRAL. JOSE GERVASIO DE ARTIGAS 690
0200610,ESC. PARA JÓVENES Y ADULTOS CON DISCAPACIDAD MENTAL Y FORMACIÓN INTEGRAL N° 16 DRA. C TOBAR GARCÍA,CAMARONES 3559
0200611,ESC. INTEGRAL INTERDISCIPLINARIA N° 12,GAVILAN 1464
0200612,CENS N° 56 - CE DE NIVEL PRIMARIO - SEDE SUPERVISION - CENTRO EDUCATIVO DE NIVEL PRIMARIO N° 28 - CENOF CENTRO SAN NICOLAS - CENTRO EDUCATIVO CURSOS ESPECIALES - (SEADAD),SAN NICOLAS 588
0200615,Superv.Educ Prim. Zona D RegiónVII-DE 12,CARACAS 48
0200618,EPC N° 14 ENRIQUE G. PARKER - JIC N°04/12 CONV.INTER. DER.DEL NIÑO - CECEP N° 12 - ESEA EN DANZA RAMICONE CURSO VOCACIONAL DE FOLKLORE N° 19 - ESEA EN DANZA RAMICONE CURSO VOCACIONAL DE FOLKLORE N° 14,CONDARCO 1129
0200619,JIN D (EPCJC 01/13°) [S] - EPC N° 01 PROF. JOSE ONAINDIA,RAFAELA 5159
0200620,EPC N° 02 PATRIA GRANDE - JIN B (EPCJC 02/13°),CHASCOMUS 5598
0200621,JIN B (EPCJC 03/13°) - EPC N° 03 EDUARDO LADISLAO HOLMBERG - ESC. DE MUSICA N° 06,AVDA. LARRAZABAL 1556
0200622,Sup Inicial V A A Sup Primaria DE13 - EPC N° 04 REPUBLICA DEL BRASIL - JIN B (EPCJC 04/13°) [S],MANUEL ARTIGAS 5951
0200623,JINC(EPCJS 05/13°)NIÑOS LATINOAMERICANOS - EPA N° 05 ROBERTO BILLINGHURST - EPC N° 05 ROBERTO BILLINGHURST,ZINNY 1641
0200624,EPC N° 06 CARLOS GUIDO Y SPANO - JIN D (EPCJC 06/13°),CNEL. RAMON L. FALCON 4801
0200625,EPC N° 07 RECUERDOS DE PROVINCIA - JIN D (EPCJS 07/13°) - CENOF CENTRO ALBERDI,AVDA. JUAN BAUTISTA ALBERDI 4755
0200626,JINC(EPCJS 08/13)[S]NIÑOS LATINOAMERIC. - EPC N° 08 REINO DE THAILANDIA - CENOF CENTRO HOMERO,SARAVIA 2358
0200627,EPC N° 09 HOMERO MANZI - CENS N° 91,MIRALLA 2666
0200628,EPC N° 10 ANTONIO ZACCAGNINI - JII N° 03/13° JARDIN DEL PARQUE,LACARRA 1135
0200629,EPC N° 11 PONCIANO VIVANCO - JIC N° 01/13°,OLIDEN 2851
0200630,EPC N° 12 PRESB. PROF.V.MONTES CARBALLO - JIN A (EPCJC 12/13°),LARRAYA 2055
0200631,EPC N° 13 PROF. LUZ VIEIRA MENDEZ - JIN B (EPCJS 13/13°) - CENS N° 82,BRAGADO 5350
0200632,JIN A (EPCJS 14/13°) [S] - EPC N° 14 JOSE ANTONIO CABRERA,SAN PEDRO 5845
0200633,JIC N° 02/13° - EPC N° 15 REPUBLICA ARGENTINA - CECEP N° 13 MARTIN MALHARRO,AVDA. TTE. GRAL. DELLEPIANE 4750
0200634,JINC(EPCJS 16/13°)NIÑOS LATINOAMERICANOS - EPC N° 16 DR. TOMAS A. LE BRETON,GRAL. EUGENIO GARZON 4346
0200635,EPC N° 18 DRA.ELVIRA R. DE DELLEPIANE - JINC(EPCJC 18/13°)NIÑOS LATINOAMERICANOS,SAN PEDRO 4457
0200636,EPC N°19 CAJA NAC. DE AHORRO Y SEGURO - JIN A (EPCJS 19/13°),ALBARIÑO 2062
0200637,EPC N° 20 SARGENTO JUAN BAUTISTA CABRAL - EPA N° 20 SARGENTO JUAN BAUTISTA CABRAL,HOMERO 1157
0200638,JIN D (EPCJC 21/13°) - EPC N° 21 PEDRO INCHAUSPE,JOSE ENRIQUE RODO 4431
0200639,EPA N°22 SANTA MARIA DE LOS BUENOS AIRES - EPC N°22 SANTA MARIA DE LOS BUENOS AIRES,ECHEANDIA 5650
0200640,JIN D (EPCJC 24/13°) - EPC N° 24 SARA DE ELIA DE GIMENEZ - CECIE N° 13 MARTIN LUTHER KING,AVDA. BRUIX 4620
0200641,ESC. DE COM.  N° 32 JOSE LEON SUAREZ [S],ACASSUSO 5860
0200642,Sup Media Region V - LICEO N° 08 ESTEBAN ECHEVERRIA,MURGUIONDO 1568
0200643,ESC. TEC. N° 08 PAULA ALBARRACIN DE SARMIENTO,PIO COLLIVADINO 436
0200644,Sup Media Tecnica Region V Oeste - ESC. TEC.  N° 17 BRIG. GRAL. CORNELIO SAAVEDRA - CAIYJ LACARRA,LACARRA 535
0200645,ESC. TEC. N° 23 CASAL CALVIÑO,LACARRA 621
0200647,ESC. DE COM. N° 06 AMERICA - EEM N° 01/13° MANUEL MUJICA LAINEZ - CAIYJ CLUB AMERICA,AVDA. TTE. GRAL. DELLEPIANE Y AVDA. ESCALADA
0200648,ESCUELA INF. N° 05/13° - ESCUELA INF. N° 04/13°,BASUALDO 2850
0200650,Esc. de Teatro Niní Marschall,OLIDEN 1245
0200655,ESC. DE COM. N° 32 JOSE LEON SUAREZ [A],ACASSUSO 6138
0200657,EPC N° 01 RUBEN DARIO - JIN B (EPCJC 01/14°) (SEDE),OTERO 271
0200658,EPC N° 02 GRAL. MARIANO ACHA,ROSETI 1450
0200659,EPC N° 03 ING. ALVAREZ CONDARCO - JIN C (EPCJC 03/14°) [S],GIRARDOT 1946
0200660,EPC N° 04 GRAL. JUAN ANTONIO LAVALLEJA,14 DE JULIO 546
0200661,EPC N° 05 ENRIQUE DE VEDIA - JIN C (EPCJS 05/14°) - CECIE N° 24,COMBATIENTES DE MALVINAS 3234
0200662,EPC N° 08 CARMEN C. DE MENDEZ CASARIEGO - JIN B (EPCJC 08/14°),AVDA. JORGE NEWBERY 4436
0200663,EPC N° 10 REPUBLICA DEL ECUADOR - CECIE N° 14,ESPINOSA 2547
0200664,EPC N° 11 DR. ENRIQUE MOSCA,CASAFOUST 761
0200665,EPC N° 12 HERMINIA BRUMANA,FITZ ROY 171
0200666,EPC N° 13 PROVINCIA DEL NEUQUEN - JII N° 06/14°,ALMTE. FRANCISCO J. SEGUI 2580
0200667,EPC N° 14 DR. LUIS AGOTE - CENS N° 74,AVDA. JORGE NEWBERY 3664
0200668,JIN B (EPCJC 15/14°) - EPC N° 15 PROVINCIA DE MENDOZA - CENOF CENTRO JUAN AGUSTIN GARCIA,JUAN AGUSTIN GARCIA 1511
0200669,EPC N° 16 FRAY JUSTO SANTA MARIA DE ORO - JIN D (EPCJS 16/14°) - EPA N° 16 FRAY JUSTO SANTA MARIA DE ORO,AVDA. ALVAREZ JONTE 1964
0200670,EPC N° 17 MONSEÑOR GUSTAVO J. FRANCESCHI,GRAL. ENRIQUE MARTINEZ 1432
0200671,EPC N° 18 CABILDO DE BUENOS AIRES - EPA N° 18 CABILDO DE BUENOS AIRES,AVDA. FEDERICO LACROZE 3839
0200672,EPC N° 20 REPUBLICA DE HONDURAS - JIN C (EPCJC 20/14°),AVDA. ELCANO 4861
0200673,EPC N° 21 ALTE. SEGUNDO R. STORNI - JIN B (EPCJC 21/14°),MARTINEZ ROSAS 1364
0200674,EPC N° 22 AGRONOMIA - JII N° 04/14,AVDA. DE LOS CONSTITUYENTES 3100
0200675,EPC N° 23 ALFREDO RODOLFO BUFANO - JIN B (EPCJC 23/14°),GRAL. MANUEL A. RODRIGUEZ 2332
0200676,Supervisión Primaria DE 14 - EPC N° 24 FRANCISCO BEIRO - JIN D (EPCJS 24/14°) [S],BOLIVIA 2569/2571
0200677,EPC N° 25 CARMEN SONDA DE PANDOLFINI - EPA N° 25 CARMEN SONDA DE PANDOLFINI,AVDA. SAN MARTIN 5021
0200678,JIN D (EPCJC 26/14°) - EPC N° 26 DELFINA DE VEDIA DE MITRE - CENS N° 86,CARACAS 2372
0200679,ESC. DE COM.  N° 20 DR. JUAN AGUSTIN GARCIA,NICASIO OROÑO 2131
0200680,CENS N° 21 - CENS N° 61 - CENS N° 10,BALBOA 210
0200681,Sup Inicial X A - JII N° 03/14° EL JARDIN DE OLLEROS,OLLEROS 3621
0200682,JM N° 01/14° PAULA ALBARRACIN,LEIVA 4274
0200683,ESC. DE COM. N° 24 DR. DALMACIO VELEZ SARSFIELD,AVDA. DEL CAMPO 1340
0200684,Sup Media Region IV A Sup Media Tecnica Region IV A UTN - ESC. TEC. N° 32 GRAL. JOSE DE SAN MARTIN - CAIYJ CHACARITA - ESCUELA DE MAESTROS (ANEXO 08),TEODORO GARCIA 3871
0200685,Sup Educacion Especial. Escal C A Centro Cultural Roberto Santoro - ESC. PARA JÓVENES Y ADULTOS CON DISCAPACIDAD MENTAL Y FORMACIÓN INTEGRAL N° 18 C M ESTRADA DE CANO,GIRIBONE 1961
0200686,ESC. INTEGRAL INTERDISCIPLINARIA N° 14,AVDA. TRIUNVIRATO 3626
0200687,EEM N° 01/14° FEDERICO GARCIA LORCA - CAIYJ CLUB GARCIA LORCA,AVDA. CHORROARIN 305
0200688,ESCUELA INF. N° 02/14° H° TORNU,COMBATIENTES DE MALVINAS 3002
0200689,EEM N° 02/14° ARGENTINOS JUNIORS,BOYACA 2152
0200691,CFP N° 20,DELGADO 769
0200699,EPC N° 02 Gral. Mariano Acha (Polid.),CHARLONE 1525/1533
0200703,JIN A (EPCJC 01/15°) - EPC N° 01 CNEL. JOSE DE OLAVARRIA - ESC. DE MUSICA N° 09,AVDA. TRIUNVIRATO 5101
0200704,JIN A (EPCJC 02/15°) [S] - EPC N° 02 JUANA MANUELA GORRITI - EPA N° 02 JUANA MANUELA GORRITI,AVDA. TRIUNVIRATO 4857
0200705,EPC N° 03 REPUBLICA DE COSTA RICA - JIN C (EPCJC 03/15°) - CECIE N° 15,MANUELA PEDRAZA 4548
0200706,EPC N° 04 PROVINCIA DE BUENOS AIRES,AVDA. ALVAREZ THOMAS 3391
0200707,EPC N° 08 JORGE ANGEL BOERO,JURAMENTO 4849
0200708,EPC N° 09 DOMINGUITO - CENS N° 78,ECHEVERRIA 5034
0200709,EPC N° 10 DR. RAMON J. CARCANO,BUCARELLI 1950
0200710,EPC N° 11 FRAY LUIS BELTRAN - JIN A (EPCJC 11/15°),CAPDEVILA 3156
0200711,EPC N° 12 ESPAÑA - JIN C (EPCJC 12/15°) [S] - PI VALDENEGRO,VALDENEGRO 3525
0200712,EPC N° 13 DR. IGNACIO LUCAS ALBARRACIN,MARIANO ACHA 4452
0200713,EPC N° 14 DR. VICENTE CARMELO GALLO - JIN C (EPCJC 14/15°),DEHEZA 4728
0200714,JII N° 02/15° JUAN M. COGHLAN - EPC N° 15 MANUEL ANTONIO ACEVEDO,TRONADOR 2861
0200715,EPA N° 16 EJERCITO DE LOS ANDES - EPC N° 16 EJERCITO DE LOS ANDES,AVDA. TRIUNVIRATO 4247
0200716,EPC N° 17 GAUCHOS DE GÜEMES - JIN A (EPCJS 17/15°),JOSE PASCUAL TAMBORINI 5324
0200717,EPC N° 18 JUAN B. TERAN - JIN C (EPCJS 18/15°),ARIAS 4763
0200718,EPC N° 19 NACIONES UNIDAS - JIC N° 01/15° - CAIYJ CLUB SAAVEDRA,ROGELIO YRURTIA 5806
0200719,EPC N° 21 LIC. JUSTO JOSE NUÑEZ,MARIANO ACHA 2250
0200720,EPC N° 22 FELIX DE AZARA,JOSE PASCUAL TAMBORINI 3948
0200721,ESCUELA DOMICILIARIA Nº 01 DE 15 - Supervisión Escuela Especial B - Supervisión Escuela Especial C - Delegación Administrativa de Educación Especial Escalafón A y B - Delegación Distrito Administrativo N 15 - Delegación Distrito Administrativo VII (media) - Supervisión Escuela Especial A,DR. PEDRO RIVERA 4151
0200722,Sup Primaria DE15 - EPC N° 26 JOSE MARMOL,CARBAJAL 4019
0200723,EPC N° 27 PETRONILA RODRIGUEZ,ANDONAEGUI 1532
0200724,BACHILLERATO A DISTANCIA ADULTOS 2000,BALLIVIAN 2329
0200726,COLEGIO N° 16 GUILLERMO RAWSON - COLEGIO N° 12 RECONQUISTA - LICEO N° 11 CORNELIO SAAVEDRA,AVDA. TRIUNVIRATO 4992
0200727,ESC. DE COM. N° 28 ABRAHAM LINCOLN - ESC. DE COM. N° 15 DRA. CECILIA GRIERSON,VALDENEGRO 3523
0200728,EEM N° 05/15° - EEM N° 05/15°,TRONADOR 4136
0200729,"ESC. PARA NIÑOS, NIÑAS Y JÓVENES CON PLURIDISCAPACIDAD MOTORA N° 11 DR. AQUILES GAREISO",QUESADA 4357
0200730,JII N° 04/15°,BLANCO ENCALADA 4863
0200736,JM N° 06/13,ZELADA 6240
0200737,EPC Nº 21 Lic. J.J.Núñez [A: Polidep.],DONADO 2057
0200738,EPC Nº 08 Jorge A. Boero [A: Polidep.],DONADO 2083
0200740,Sup Primaria DE16 - EPC N° 01 DR. DELFIN GALLO - EPA N° 01 DR. DELFIN GALLO - JIC N° 03/16° MAFALDA,FERNANDEZ DE ENCISO 4451
0200741,JIN B (EPCJC 02/16°) JUANA AZURDUY [S] - EPC N° 02 REPUBLICA DE PANAMA - CECIE N° 16,AVDA. SAN MARTIN 6387
0200742,EPC N° 03 GRECIA - JII N° 02/16° AIME PAINE - ESEA EN DANZA MASTRAZZI CURSO VOCACIONAL DE DANZA Y EXPRESIÓN CORPORAL INFANTIL N° 03,CONDARCO 3984
0200743,EPC N° 04 CNEL. MAYOR I. ALVAREZ THOMAS - JIN B (EPCJC 04/16°) JUANA AZURDUY,TERRADA 3983
0200744,EPC N° 05 GABRIELA MISTRAL - EPA N° 05 GABRIELA MISTRAL,JOSE LEON CABEZON 3446
0200745,EPC N° 06 LUIS PASTEUR - JIN C (EPCJC 06/16°),NAHUEL HUAPI 5740
0200746,EPC N° 07 GRAL. MAXIMO DE ZAMUDIO,JOSE CUBAS 4440
0200747,EPC N° 08 SAN JUAN BOSCO - JIN A (EPCJS 08/16°),MERCEDES 4966
0200748,EPC N° 09 IRLANDA - JIN C (EPCJC 09/16°),IBERA 5734
0200749,EPC N° 11 CONGRESO DE TUCUMAN - JIN B (EPCJC 11/16°) JUANA AZURDUY,PEDRO MORAN 2899
0200750,EPC N° 12 CARDENAL PACELLI - JIN D (EPCJS 12/16°),AVDA. CRISOLOGO LARRALDE 5934
0200751,EPC N° 13 HILARION MARIA MORENO - JIN D (EPCJS 13/16°),GRAL. JOSE GERVASIO DE ARTIGAS 5645
0200752,EPC N° 14 LEOPOLDO LUGONES - JIC N° 04/16° DR. FLORENCIO ESCARDO,CERETTI 2035
0200753,EPC N° 15 REP. BOLIVARIANA DE VENEZUELA - JIN A (EPCJS 15/16°) [S],OBISPO SAN ALBERTO 3370
0200754,JIN B (EPCJC 16/16°) JUANA AZURDUY - EPC N° 16 RICARDO ROJAS - CENS N° 87,GABRIELA MISTRAL 3376
0200755,EPC N°17 GREGORIA MATORRAS DE SAN MARTIN - JIN C (EPCJS 17/16°) [S],VALLEJOS 2555
0200756,EPC N° 18 HELENA LARROQUE DE ROFFO - JIN D (EPCJC 18/16°) - CENS N° 83,MEDEYROS 3555
0200757,EPC N° 19 DR. T. SANCHEZ DE BUSTAMANTE,GAVILAN 4246
0200758,EPC N° 22 REPUBLICA DE NICARAGUA - JIN D (EPCJS 22/16°) [S],BAZURCO 2551
0200759,EPC N° 23 BELISARIO ROLDAN - JIN A (EPCJC 23/16°),FRANCO 2390
0200760,EPC N° 24 EJERCITO ARGENTINO - JIN A (EPCJS 24/16°),AVDA. NAZCA 5168
0200761,JII N° 01/16° PROF. LUIS SIXTO CLARA,CUENCA 5049
0200762,EEM N° 01/16° RODOLFO WALSH,ARGERICH 5651
0200763,EEEYFL N° 21 ROSARIO VERA PEÑALOZA,OBISPO SAN ALBERTO 2379
0200764,"CENS Nº 66 - ESC. BILINGÜE PARA NIÑOS, NIÑAS, JÓVENES Y ADULTOS CON DISCAPACIDAD AUDITIVA Y FORMACIÓN INTEGRAL N° 28  B. AYROLO - ESEA EN DANZA RAMICONE CURSO VOCACIONAL DE FOLKLORE N° 15",AVDA. LINCOLN 4325
0200765,ESC. INTEGRAL INTERDISCIPLINARIA N° 16 GRAL. ING. MOSCONI,AVDA. GRAL. MOSCONI 2641
0200766,Sup Inicial VIII A - EEM N° 02/16°,JOSE CUBAS 2410
0200768,EPC N° 01 DR. ANTONIO DELLEPIANE - JINA(EPCJC 01/17°)ALICIA MOREAU DE JUSTO - ESC. DE MUSICA N° 03,BAIGORRIA 3169
0200769,EPC N° 02 PROF. JUAN JOSE MILLAN - JIN E (EPCJS 02/17°) JUANA MANSO,HELGUERA 3228
0200770,EPC N° 03 POLICIA FEDERAL ARGENTINA - JINA(EPCJC 03/17°)ALICIA MOREAU DE JUSTO,ARGERICH 2849
0200771,EPA N° 04 RAFAEL RUIZ DE LOS LLANOS - EPC N° 04 RAFAEL RUIZ DE LOS LLANOS - JIN D (EPCJC 04/17°) VICTORIA OCAMPO [S],AVDA. FRANCISCO BEIRO 4548
0200772,EPC N°05 CAP. JUAN DE SAN MARTIN Y GOMEZ - JIN E (EPCJC 05/17°) JUANA MANSO,NOGOYA 2557
0200773,JIN C (EPCJS 06/17°) LOLA MORA - EPC N° 06 ESTADO DE ISRAEL,CNEL. PEDRO CALDERON DE LA BARCA 3073
0200774,EPC N° 07 REPUBLICA DE MEXICO - EPA N° 07 REPUBLICA DE MEXICO - JINA(EPCJC 07/17°)ALICIA MOREAU DE JUSTO,JUAN AGUSTIN GARCIA 2755
0200775,EPC N° 08 ALTE. MANUEL BLANCO ENCALADA - JIN E (EPCJS 08/17° JUANA MANSO),EMILIO LAMARCA 3379
0200776,EPC N° 09 BENITO JUAREZ - JIN D (EPCJS 09/17°) VICTORIA OCAMPO,BENITO JUAREZ 2702
0200777,EPC N° 10 JOSE ERNESTO GALLONI - JINA(EPCJS 10/17°)ALICIA M.DE JUSTO) [S] - ESEA EN DANZA RAMICONE CURSO VOCACIONAL DE FOLKLORE N° 18,HELGUERA 2435
0200779,JIC N° 01/17° PABLO NERUDA - CENS N° 07 - EPC N° 14 SIMON BOLIVAR,TINOGASTA 5768
0200780,Sup Media Region VII A Centro Cultural Devoto - EPC N° 15 ANTONIO DEVOTO - JIC N° 02/17° ANTONIO BERNI,AV SALVADOR M. DEL CARRIL 4172
0200781,EPA N° 16 RDO. PADRE AGUSTIN P. NORES - JIN C (EPCJS 16/17°) LOLA MORA [S] - EPC N° 16 RDO. PADRE AGUSTIN P. NORES,CNEL. RAMON LISTA 5256
0200782,EPC N° 17 RODOLFO RIVAROLA - JIN E (EPCJC 17/17°) JUANA MANSO [S],HELGUERA 3341
0200783,"EPC N° 18 PROV. DE TIERRA DEL FUEGO, ANTARTIDA E IS. DEL ATLANT. SUR - JINA(EPCJS 18/17°) ALICIA M. DE JUSTO",JULIO S. DANTAS 3260
0200784,Sup Inicial VIII B - EPC N° 19 BARTOLINA SISA - JII N° 03/17° EL JARDIN DEL BOULEVARD,AVDA. SALVADOR MARIA DEL CARRIL 4957
0200785,EPC N° 20 PEDRO MEDRANO,NUEVA YORK 4713
0200786,EPC N° 21 ROMPEHIELOS GRAL. SAN MARTIN - JINA(EPCJS 21/17°)ALICIA MOREAU DE JUSTO,SANTO TOME 2836
0200787,EPC N° 22 PROF. PEDRO LUIS COMI - JIN D (EPCJS 22/17°) VICTORIA OCAMPO,TINOGASTA 5046
0200788,EPC N° 23 ABEL AYERZA - CECIE N° 17,AVDA. SALVADOR MARIA DEL CARRIL 3650
0200789,EPC N° 24 PRES. DR. ROBERTO MARIO ORTIZ - JIN D (EPCJS 24/17°) VICTORIA OCAMPO,BAHIA BLANCA 2535
0200790,COLEGIO N° 19 LUIS PASTEUR,NAVARRO 4344
0200791,ESC. DE COM. N° 11 DR. JOSE PERALTA,PEDRO LOZANO 4250
0200792,ESC. TEC. N° 16 ESPAÑA,CONCORDIA 3555
0200793,ESC. TEC. N° 24 DEFENSA DE BUENOS AIRES,RICARDO GUTIERREZ 3246
0200794,Sup. Media Region 7 - EEM N° 03/17° ANTONIO DEVOTO - CENS N° 65 - CAIYJ CLUB DEVOTO,MERCEDES 4002
0200795,ESPACIO DE PRIMERA INFANCIA EEM Nº2 DE 17 - EEM N° 02/17° RUMANIA - CBFO N° 02 SALVADOR MAZA,MANUEL PORCEL DE PERALTA 1437
0200796,INST. DE ENSEÑANZA SUPERIOR EN LENGUAS VIVAS JUAN B. JUSTO (SEDE),LASCANO 3840
0200797,"ESC. PARA NIÑOS, NIÑAS, JÓVENES Y ADULTOS CON DISCAPACIDAD MENTAL Y FORMACIÓN INTEGRAL N° 02 DOMINGO F SARMIENTO",PEDRO LOZANO 3056
0200798,"ESC. PARA NIÑOS, NIÑAS, JÓVENES Y ADULTOS CON DISCAPACIDAD MENTAL Y FORMACIÓN INTEGRAL N° 03 N MIR DE TOBAR GARCÍA",AVDA. FRANCISCO BEIRO 4418
0200801,Sup.Educ.Prim.Zona D Región VIII - DE 17 - Biblioteca Antonio Devoto A Sup Primaria DE 17,BAHIA BLANCA 4025
0200805,EPC N° 01 MARTIN FIERRO - JIN E (EPCJS 01/18°) (SEDE),MARTIN FIERRO 5351
0200806,JIC N° 01/18° REPUBLICA ARGENTINA - EPC N° 02 ALEJANDRO AGUADO,AVDA. ALVAREZ JONTE 5081
0200807,EPC N° 03 MONTE CASTRO - JINA(EPCJS03/18°)[S]LA CALESITA DON JOSE - EPA N° 03 MONTE CASTRO,AVDA. ALVAREZ JONTE 4651
0200808,EPC N° 04 CASIMIRO AURELIANO MACIEL - JINA(EPCJS 04/18°)LA CALESITA DON JOSE,MARCOS PAZ 1732
0200809,JIN D (EPCJS 07/18°) - EPA N° 07 REPUBLICA ARABE DE EGIPTO - EPC N° 07 REPUBLICA ARABE DE EGIPTO,AVDA. RIVADAVIA 9799
0200810,EPC N° 08 BASE AEREA VICEC.MARAMBIO - JIN D (EPCJC 08/18°) [S],YERBAL 4965
0200811,JIC N° 04/18° - IFTS N° 16 SEDE - EPC N° 09 PROVINCIA DE MISIONES,LASCANO 4044
0200812,JIN D (EPCJC 10/18°) - EPC N° 10 ADA MARIA ELFLEIN,DR. LUIS BELAUSTEGUI 4949
0200813,EPA N° 11 REPUBLICA DEL PERU - EPC N° 11 REPUBLICA DEL PERU - JIN C (EPCJC 11/18°),AV GAONA 4763
0200814,EPC N° 13 CNEL. JOSE ANTONIO MELIAN - JIN C (EPCJC 13/18°) - ESC. DE MUSICA N° 02,CAMARONES 4351
0200815,EPC N° 14 GUILLERMO ENRIQUE HUDSON - JIN B (EPCJS 14/18°) [S],ARREGUI 6840
0200816,Sup Primaria DE 18 - EPC N° 15 MANUEL PEÑA - JIN C (EPCJC 15/18°) [S],AVDA. SEGUROLA 1104
0200817,EPC N° 16 JOHN F. KENNEDY - JIC N° 02/18° EL TRENCITO DE VERSALLES - CECIE N° 18 - EPC N° 25 ESTADOS UNIDOS DE AMERICA,BRUSELAS 721
0200818,JINA(EPCJS 17/18°)LA CALESITA DON JOSE - EPC N° 17 TTE. GRAL. LUIS MARIA CAMPOS,SANTO TOME 4529
0200819,EPC N° 18 GENDARMERIA NACIONAL - JIN E (EPCJS 18/18°),JUAN AGUSTIN GARCIA 5265
0200820,EPC N° 20 MARIANO SANCHEZ DE LORIA - JIN B (EPCJS 20/18°),BARRAGAN 366
0200821,EPC N° 22 PROVINCIA DE SANTA CRUZ - EPA N° 22 PROVINCIA DE SANTA CRUZ - JIN B (EPCJC 22/18°),CUZCO 116
0200822,Sup Inicial VII B - EPC N° 23 REPUBLICA DE PORTUGAL - JIC N° 03/18° EL JARDIN DE LA FLORESTA - CENOF CENTRO GUALEGUAYCHU,GUALEGUAYCHU 550
0200823,EPC N° 24 MAIPU - JIN B (EPCJS 24/18°),GALLARDO 521
0200825,"ESC. PARA NIÑOS, NIÑAS, JÓVENES Y ADULTOS CON DISCAPACIDAD MENTAL Y FORMACIÓN INTEGRAL N° 06 CLELIA A C SESSA",MORON 4460
0200826,ESCUELA INF. N° 05/18°,ARREGUI 4430
0200827,COLEGIO N° 13 CNEL. TOMAS ESPORA - EEM N° 01/18° E REINGRESO - PI LUZ DE LUNA,GALLARDO 149
0200828,ESC. DE COM. N° 30 DR. ESTEBAN AGUSTIN GASCON,SAN BLAS 5387
0200829,ESC. DE COM. N° 33 MAIPU,AVDA. ALVAREZ JONTE 5075
0200830,ESC. TEC. N° 27 HIPOLITO YRIGOYEN,VIRGILIO 1980
0200831,ESC. TEC. N° 35 ING. EDUARDO LATZINA,AVDA. LOPE DE VEGA 2150
0200832,ESEA DANZA N° 02 JORGE DONN - ESEA ARTE CERAMICO Nª 2 FERNANDO ARRANZ,ALEJANDRO MAGARIÑOS CERVANTES 5068
0200833,"ESC. BILINGÜE PARA NIÑOS, NIÑAS, JÓVENES Y ADULTOS CON DISCAPACIDAD AUDITIVA Y FORMACIÓN INTEGRAL N° 29 O MAGNASCO - ESC. INFANTIL ESPECIAL N° 27 DRA. LIDIA F. DE CORIAT - GABINETE MATERNO INFANTIL DE 18 - PI MAGNASCO",CHIVILCOY 1820
0200834,ESC. INTEGRAL INTERDISCIPLINARIA N° 18,SAN BLAS 4356
0200836,CENS N° 73 - CENS N° 88,MIRANDA 4173
0200838,CAEBYT N° 78 P SAN CAYETANO - CENOF CENTRO SAN CAYETANO,CUZCO 220
0200839,COLEGIO N° 18 DR. ALBERTO LARROQUE,MORON 4149
0200844,Sup Inicial  VI A A Sup Primaria DE19 - JIN B (EPCJS 01/19°) HOMERO MANZI - EPC N° 01 MARIA SILVENTI DE AMATO - ESC. DE MUSICA N° 12,ALAGON 300
0200845,EPC N° 02 DR. GENARO SISTO - JIN A (EPCJS 02/19°),TILCARA 3365
0200846,EPC N° 03 PROF. CARLOS JUSTO FLORIT - CENS N° 84,TILCARA 2856
0200847,EPC N° 04 RICARDO GÜIRALDES,AVDA. RIESTRA 1850
0200848,EPC N° 05 PROVINCIA DE CORRIENTES - CECEP N° 19,AVDA. CASEROS 4050
0200849,EPC N° 06 DR. ADOLFO SALDIAS,ECHAURI 1576
0200850,EPC N° 07 AERONAUTICA ARGENTINA - CECIE N° 19,QUILMES 473
0200851,EPC N° 08 LUIS FEDERICO LELOIR - JIN A (EPCJC 08/19°),AVDA. INTENDENTE FRANCISCO RABANAL 2275
0200852,CENS N° 77 - JIN A (EPCJS 09/19°) [S] - EPC N° 09 DR. JOSE BENJAMIN ZUBIAUR,CARLOS BERG 3460
0200853,JIN B (EPCJC 10/19°) - EPC N° 10 JUAN ANDRES DE LA PEÑA - INST. DE ENSEÑANZA SUPERIOR EN LENGUAS VIVAS JUAN RAMÓN FERNÁNDEZ (ANEXO),ANIBAL PEDRO ARBELETCHE 1052
0200854,EPC N° 11 IGNACIO FERMIN RODRIGUEZ,PJE. LA CONSTANCIA 2524
0200855,CFP N° 24 -Anexo - JII N° 01/19° MANUEL BELGRANO - EPC N° 12 JOSE ENRIQUE RODO - EPA N° 12 JOSE ENRIQUE RODO,CALLE S/NOMBRE 200 M COBO Y CURAPALIGUE
0200856,EPC N° 13 PRESBITERO ALBERTI - JIC N° 02/19°,ITAQUI 2050
0200857,EPC N° 14 CAPIT.MARIA REMEDIOS DEL VALLE - JIN A (EPCJC 14/19°),AVDA. INTENDENTE FRANCISCO RABANAL 2751
0200858,EPC N° 15 EVARISTO CARRIEGO - ESC. DE MUSICA N° 04,PORTELA 3150
0200859,JIC N° 08/19° - EPC N° 16 WILLIAM C. MORRIS,AVDA. LAFUENTE 2670
0200860,JIC N° 03/19° - EPC N° 17 GASPAR LUCILO BENAVENTO - CENOF CENTRO CORRALES - PI BICHITO DE LUZ - EPC N° 18 SAN JUAN BAUTISTA DE LA SALLE - EPA N° 18 SAN JUAN BAUTISTA DE LA SALLE - JII N° 07/19° - CAIYJ CLUB DE JOVENES SOLDATI,CORRALES 3420
0200862,EPC N° 19 JOSE MARTI - EPA N° 19 JOSE MARTI,"PJE. L, E/LACARRA Y LAGUNA"
0200863,POLIDEPORTIVO - EEM N° 02/19° - PI JAURETCHITOS - EEM N° 02/19° ARTURO JAURETCHE - CAEBYT N° 16 - CAEBYT N° 06 - EPC N° 20 MAESTRO CARLOS A. CARRANZA - CAIYJ CLUB DE JOVENES ARTURO JAURETCHE - JII N° 10/19° ([A]) - PI NOCHECITAS,MARTINEZ CASTRO 3061
0200864,EPC N° 21 GUILLERMO JOSE BARROS - CENS N° 71 - CAIYJ CLUB DE JOVENES FATIMA,MARIANO ACOSTA 2976
0200865,JIN B (EPCJS 11/19°) [S] HOMERO MANZI - EPC N° 22 JUANA AZURDUY,MOM 2380
0200868,ESCUELA INF. N° 05/19° SAN LORENZO DE ALMAGRO,AVDA. VARELA 2751
0200869,ESCUELA INF. N° 04/19° DR. RAMON CARRILLO,"PJE. L, E/LACARRA y LAGUNA"
0200870,ESC. TEC.  N° 33 F. MAESTRANZA DEL PLUMERILLO - CAIYJ CLUB POMPEYA,AVDA. INTENDENTE FRANCISCO RABANAL 1549
0200871,EEM N° 03/19° - CAIYJ CLUB BAJO FLORES - CAIYJ CLUB DE CHICOS BAJO FLORES - PI CUYEN - ESCUELA INF. N° 06/19°,AGUSTIN DE VEDIA 2519
0200872,ESC. PARA NIÑOS Y NIÑAS CON DISCAPACIDAD MENTAL N° 05 DR. ANGEL ARDAIZ,FERRE 1957
0200873,"ESC. PARA NIÑOS, NIÑAS Y JÓVENES CON DISCAPACIDAD MENTAL Y DE FORMACIÓN INTEGRAL N° 07 JUAN XXIII",MARIANO ACOSTA 2936
0200874,ESC. DE EDUC. MEDIA Nº 05 DE 19 E.REINGRESO,AVDA. GRAL. FERNANDEZ DE LA CRUZ 3605
0200875,ESCUELA INF. N° 09/19°,CNEL. MARTINIANO CHILAVERT 2680
0200879,CAEBYT N° 43 C R CARRILLO - CENOF CENTRO CARRILLO - CAIYJ CLUB CARRILLO - PI CENTRO COMUNITARIO RAMON CARRILLO,MARTINEZ CASTRO S/N  B° CARRILLO
0200886,EEM N° 04/19° HOMERO MANZI - PI POMPEYITOS,AVDA. SAENZ 631
0200887,EEM N° 06/19 - EPC N° 23 RENÉ FAVALORO,CNEL. MARTINIANO CHILAVERT 2680
0200889,"Sup Educ.Media y Téc.RegiónV-DE 13, 19, 20, 21",AVDA. INTENDENTE FRANCISCO RABANAL 1507
0200892,JII N° 14/19°,AVDA. VARELA 1802
0200894,CFP N° 24 -Anexo CooPa-,JOSE HERNANDEZ 800
0200895,EPC Nº 07 Aeronáutica Argentina (anexo),QUILMES 484
0200898,EPC N° 01 DE LA INDEPENDENCIA ARGENTINA,GUAMINI 1167
0200899,EPC N° 02 DR. FRANCISCO MELITON ALVAREZ,MONTIEL 1041
0200900,EPC N° 03 REPUBLICA FRANCESA - CENOF CENTRO MONTIEL - CFP N° 26 ([A]),MONTIEL 153
0200901,EPC N° 04 GRAL. FELIX DE OLAZABAL - JIN B (EPCJC 04/20°) - ESC. DE MUSICA N° 14,CNEL. RAMON L. FALCON 6702
0200902,EPC N° 05 VICENTE LOPEZ Y PLANES - CENS N° 02,TANDIL 6690
0200903,EPA N° 06 PROF. FELIPE BOERO,AVDA. EVA PERON 7431
0200904,EPC N° 07 ARISTOBULO DEL VALLE - JIN C (EPCJS 07/20°),CARHUE 2157
0200905,Sup Primaria DE20 A Sup Adultos Region IV A - JIN B (EPCJC 08/20°) [S] - EPC N° 08 DR. DALMACIO VELEZ SARSFIELD,FONROUGE 346
0200906,EPC N° 09 JOSE MARIA TORRES - JIN B (EPCJS 09/20°),AVDA. LARRAZABAL 420
0200907,EPC N° 10 ALFONSINA STORNI - EPA N° 10 ALFONSINA STORNI - JIN C (EPCJS 10/20°),AVDA. LISANDRO DE LA TORRE 1171
0200908,EPC N° 11 EMILIO VON BEHRING,AVDA. CNEL. CARDENAS 2652
0200909,CENS N° 25 - JIN B (EPCJS 12/20°) - EPC N° 12 PROF. RAMON J. GENE,GARCIA DE COSSIO 5570
0200910,EPC N° 13 REPUBLICA DE FILIPINAS - JIN C (EPCJS 13/20°),COSQUIN 1943
0200911,EPC N° 14 ISLAS MALVINAS,AVDA. DE LOS CORRALES 7040
0200912,EPC N° 15 REPUBLICA ISLAMICA DE PAKISTAN - JIN B (EPCJC 15/20°),AVDA. LISANDRO DE LA TORRE 550
0200913,EPC N° 16 DR. MARTINIANO LEGUIZAMON - JIN C (EPCJC 16/20°) [S],MARTINIANO LEGUIZAMON 1470
0200914,EPC N° 17 CARLOS MOREL - EPA N° 17 CARLOS MOREL,IBARROLA 7249
0200915,EPC N° 18 REPUBLICA DE COREA - JIN B (EPCJC 18/20°),MURGUIONDO 76
0200916,EPC N° 19 ROMA - JII N° 14/20 - CENTRO DE ACTIVIDADES INFANTILES Y JUVENILES CLUB DE CHICOS MATADEROS,COSQUIN 3100
0200917,EPC N° 20 JUAN RAMON JIMENEZ - JIN C (EPCJC 20/20°) - CECIE N° 20,MURGUIONDO 1347
0200918,ESC. INTEGRAL INTERDISCIPLINARIA N° 20 ALICIA MOREAU DE JUSTO - EPA N° 21 SOLDADO DE MALVINAS - EPC N° 21 SOLDADO DE MALVINAS - JIC N° 10/20°,GOLETA SANTA CRUZ 6997
0200919,JII N° 01/20° - EPC N° 22 RUFINO LURO CAMBACERES,MONTIEL 3826
0200920,JIC N° 02/20°,MONTIEL 1174
0200922,CFP N° 04 (SEDE),CARHUE 2970
0200923,JII N° 03/20° - CAIYJ MATADEROS,AVDA. PIEDRA BUENA 3100 Y AVDA. EVA PERON
0200926,ESCUELA INF. N°06/20° JUAN FRANCISCO SALABERRY,PILAR 1798
0200927,EEM N° 02/20° - JM N° 05/20° (A) - CAIYJ CLUB MATADEROS - IFTS N° 02,CAÑADA DE GOMEZ 3850
0200928,Sup Inicial V B - JII N° 07/20°,AVDA. LISANDRO DE LA TORRE 2288
0200930,CFP N° 10 RAUL S. ORTIZ ([A]) - SEC,AVDA. EMILIO CASTRO 6603/6621
0200931,CFP N° 11 ([A]) - SAME,AVDA. EMILIO CASTRO 7680
0200937,"CENOF CENTRO CONVIVEN MATADEROS - PRIMERA INFANCIA CENTRO COMUNITARIO CONVIVEN - CAEBYT N° 48 CENTRO COMUNITARIO POPULAR CONVIVEN - PROGRAMA DE NIVEL SECUNDARIO FINES TRAYECTO ""CONVIVEN""",MARTINIANO LEGUIZAMÓN 2974
0200940,CENS N° 64 - CENS N° 05 ([A] 1),PIERES 258
0200945,CENTRO EDUCATIVO DE NIVEL PRIMARIO N° 05 - CENTRO EDUCATIVO DE NIVEL PRIMARIO N° 45 - CAEBYT N° 76 MARIA MADRE DE LA ESPERANZA - CFP N° 15,MIRALLA 3838
0200946,JIN B (EPCJC 01/21°) [S] - EPC N° 01 CONCEJAL ALBERTO SALVATORI - CENS N° 67 - PI LOS GRILLITOS,CAFAYATE 5115
0200948,EPC N° 03 CRISTOBAL COLON - EPA N° 03 CRISTOBAL COLON - JIN A (EPCJS 03/21°),AVDA. LARRAZABAL 4051
0200949,EEM N° 04/21° - EPC N° 04 PROVINCIA DE TUCUMAN - CAIYJ CLUB LUGANO - JIN A (EPCJS 04/21°) (SEDE) - PI RIESTRA,AVDA. RIESTRA 5030
0200950,EPC N° 05 ARMADA ARGENTINA - EPA N° 05 ARMADA ARGENTINA - CECIE N° 21 - JII N° 06/21°,AVDA. LARRAZABAL 4520
0200951,EPC N° 06 REPUBLICA DE LA INDIA - JII N° 02/21°,NICOLAS DESCALZI 5425
0200952,JIC N° 04/21° - EPC N° 08 JUDITH Y DEMETRIO DEMARCHI - EPA N° 08 JUDITH Y DEMETRIO DEMARCHI - CECIE N° 25,JOSE IGNACIO RUCCI 3961
0200953,JIC N° 03/21° - EPC N° 09 HECTOR PANIZZA,BERON DE ASTRADA 5920
0200954,EPC N° 10 ITALO AMERICO FORADORI - JIC N° 07/21°,AVDA. LARRAZABAL 5001
0200955,EPC N° 13 DR. ALFREDO LANARI - JIN C (EPCJS 13/21°) - EPA N° 13 DR. ALFREDO LANARI,AVDA. PIEDRA BUENA 4863
0200956,JIN C (EPCJS 14/21°) [S] - EPC N° 14 DR. RICARDO LEVENE,CAÑADA DE GOMEZ 4548
0200957,EPC N° 15 DR. CARLOS ALBERTO VERONELLI - JII N° 01/21° - CENOF CENTRO CAFAYATE,CAFAYATE 5388
0200958,PI EL RINCONCITO DE CLAUDIO - EEM N° 05/21° JUAN MANUEL FANGIO - EPC N° 16 DR. SOFANOR NOVILLO CORVALAN,BERON DE ASTRADA 6351
0200960,ESC. INTEGRAL INTERDISCIPLINARIA N° 21,SUMACA DE LA SANTISIMA TRINIDAD 5088
0200961,ESCUELA INF. N°05/21° HEBE SAN MARTIN DUPRAT,FONROUGE 4211
0200962,ESC. DE COM. N° 12 JUAN XXIII,AQUINO 6040
0200963,ESC. TEC. N° 13 ING. JOSE LUIS DELPINI,CNEL. MARTINIANO CHILAVERT 5460
0200964,ESEA DANZA RAMICONE  FOLK.N° 20 - ESEA ARTES VISUALES LOLA MORA,SOLDADO DE LA FRONTERA 5155
0200965,JII Nº 10 DE 21 - EEM N° 06/21° E.REINGRESO - PI LARRAZABAL - EPC N° 02 MAESTRO EDUARDO LUIS VICENTE - CAIYJ CLUB DE JOVENES LUGANO I y II - CAIYJ CLUB LOLA MORA - ESC. DE COM. N° 35 LEOPOLDO MARECHAL,AVDA. LARRAZABAL 5130
0200966,CENS N° 14 - CFP N° 04 ([A]),SOLDADO DE LA FRONTERA 5140
0200979,Superv.Educ.Prim. Zona C RegiónVI-DE 21,CORONEL MARTINIANO CHILAVERT 6090
0200984,CENS Nº 48 - CFP Nº 25 DE 04 - CENP N°01-10-11-12-16-17-25-51 - PI ISAURO ARANCIBIA - CENOF CENTRO ISAURO ARANCIBIA,AVDA. PASEO COLON 1360
0200989,JM N° 09/06°,DON BOSCO 4050
0200990,ESCUELA INF. N° 05/04°,BALCARCE 677
0201163,CFP Nº 8  MEDRANO (Adultos),AVDA. MEDRANO 162
0201236,CFP N°31,PICHINCHA 467
0201808,"Espacio de Primera Infancia""EL GLOBO ROJO""",MARIANO ACOSTA 3650
0201826,"Asociación Civil La Dignidad - Espacio de Primera Infancia ""Barracas una y otra vez""",ALVARADO 1961
0201828,"Espacio del Programa Primera Infancia JM ""SUEÑITOS""",LUIS HERRERA 3460
0201863,IS DEL PROF. DR. JOAQUIN V. GONZALEZ,AYACUCHO 632
0201864,EEM N° 02/13°,LACARRA 1151 Y AVDA. FRANCISCO BILBAO
0201865,ESC. DE COM.  N° 17 SANTA MARIA DE LOS BUENOS AIRES,FRAGATA PRESIDENTE SARMIENTO 1817
0202134,JII N° 10/01°,CARAGUATÁ 2215  (Barrio 31)
0202135,ESCUELA INF. N° 07/04° CASA AMARILLA,PALOS (ALT APROX 100-200 PAR) Y JUAN M. BLANES
0202144,EPC N° 21 HIPOLITO VIEYTES - CENS N° 60,PERU 946
0202145,JM N° 12/04° - ESCUELA INF. N° 08/04°,AVDA. INDEPENDENCIA 569
0202146,JM N° 10/ 09°,TTE. BENJAMIN MATIENZO 1880
0202167,INST. DE ENSEÑANZA SUPERIOR EN LENGUAS VIVAS JUAN B. JUSTO (ANEXO),LASCANO 3810
0202172,CFP N°32,SOLIS 765
0202178,CENOF POLA - EPC N° 19 HERMANOS LATINOAMERICANOS - EEM N° 01/21° - ESCUELA INF. N° 08/21°,POLA Y JOSE BARROS PAZOS 5250
0202179,ESCUELA INF. N° 11/05° (S),LOS PATOS 3004
0202180,ESCUELA INF. N° 12/19°,PERGAMINO 3045
0202188,"ESC. TEC. N° 36 ALTE. GUILLERMO BROWN - ESC. SUPERIOR DE EDUCACIÓN ARTÍSTICA EN MÚSICA JUAN PEDRO ESNAOLA - ESCUELA INF. N° 06/15° NARANJO EN FLOR - ESC. PARA NIÑOS, NIÑAS Y JÓVENES CON PLURIDISCAPACIDAD MOTORA N° 11 DR. AQUILES GAREISO - ESC. INTEGRAL INTERDISCIPLINARIA N° 01 - Auditorio Polo Saavedra - Sup Inicial X B",AVDA. CRISOLOGO LARRALDE 5085
0202194,ESCUELA INF. N° 08/10° CAMINITO (EX 03/15°),ARIAS 3775
0202204,ESEA DANZA N° 01 PROF. NELLY RAMICONE - ESEA DANZA RAMICONE FOLK.N°08 - ESEA DANZA RAMICONE FOLK.N°25,FONROUGE 711
0202215,"Espacio de Primera Infancia ""EL JARDÍN DE TERESA""",FRAGA 895
0202224,ESCUELA INF. N° 13/05°,DIOGENES TABORDA 1096
0202309,ENS N° 03 BERNARDINO RIVADAVIA ([A]),"TENIENTE PRIMERO ROBERTO NÉSTOR ESTÉVEZ S/N, ENTRE CASTAÑARES Y SARAZA"
0202310,CENTRO EDUCATIVO PARA NIÑOS EN TIEMPOS Y ESPACIOS SINGULARES N° 03 ANEXO,GUTENBERG 3674
0202339,CFP N°10,FRAGA 638
0202343,ESCUELA INF. N° 06/10° MADRE EUFRASIA IACONIS,BLANCO ENCALADA 3483
0202379,ESC. PARA JÓVENES Y ADULTOS CON DISCAPACIDAD VISUAL Y FORMACIÓN INTEGRAL N° 34 GRAL. SAN MARTÍN,COLPAYO 132
0202384,ESCUELA INF. N° 07/01° PALACIO PIZZURNO,PARAGUAY 1452
0202385,CENTRO EDUCATIVO PARA NIÑOS EN TIEMPOS Y ESPACIOS SINGULARES N° 03 SEDE,VICTOR HUGO 741
0202387,JIC N° 12/20°,ZUVIRIA 6640
0202388,JM N°15/19°,AVDA. RIESTRA 3300
0202389,ESCUELA INF. N° 11/05° (A) - EPC N° 28 Argentino China,LOS PATOS 3042
0202391,"JII N° 14/21° - SUM-COMEDOR JIC N°14""Complejo Bermejo""",DR. ANTONIO BERMEJO 6675
0202394,Sup Media Region II - CFP N° 36 (A) - CICLO BASICO DE FORM. OCUP. N° 01 EVITA,LOS PATOS 3072
0202395,EPC N° 13 PREFECTURA NAVAL ARGENTINA - ESCUELA INF. N° 04/17°,SIMBRON 5821
0202418,JM N° 06/02°,ECUADOR 261
0202430,JII Nº 13/21º,"AVDA. CNEL. ROCA, PTA. 9, AUTODROMO"
0202431,JII N° 13/19°,AVDA. GRAL. FERNANDEZ DE LA CRUZ 2615
0202432,JM N° 11/09°,GODOY CRUZ 2320
0202437,ESCUELA INF. N° 11/20°,ZUVIRIA 6620
0202450,ESCUELA INF. N° 11/04°,AVDA. ALMTE. BROWN 373 Y CNEL. DE MARINA TOMAS ESPORA S/N
0202562,JII N° 10/19° (SEDE),JOSE BARROS PAZOS 3610
0202564,EEM N° 03/04°,PALOS (ALT APROX 100-200 PAR) Y JUAN M. BLANES
0202566,Huerta de la Escuela Especial 9,SAN JUAN 3294
0202567,EPC N° 01 Valentín Gómez (anexo huerta),AVDA. INDEPENDENCIA 755
0202568,EEE Nº14 Constancio C.Vigil[A:Huerta y Patio Juegos],AVDA. INDEPENDENCIA Y CHACABUCO
0202569,ESC. DE COM.   N° 27 ANTARTIDA ARGENTINA - ESC. DE COM.  N° 04 BALDOMERO FERNANDEZ MORENO,PERU 1357
0202571,ESC. DOMICILIARIA N° 02,CASTRO 1187
0202572,CEI N° 15,GARCIA DEL RIO 4559
0202583,EPC N° 24,JOSE BARROS PAZOS 3620
0202584,EEM N° 01/20° BIB.CONGRESO DE LA NACION - ESCUELA INF. N° 08/20° - JII N° 04/20°,ZUVIRIA 6550
0202595,ESCUELA INF. N° 08/15° - EPC N° 24 FRANCISCO MORAZAN - INST. SUPERIOR DEL PROF. DE EDUCACIÓN ESPECIAL,DR. PEDRO I. RIVERA 4221
0202596,JII Nº 09/21º,CNEL. MANUEL JOSE OLASCOAGA 5001
0202597,JII Nº 03/15º,BESARES 4333
0202602,ESCUELA INF. N° 05/16°,JOSE CUBAS 2440
0202613,JII N°10/04°,WENCESLAO VILLAFAÑE 515
0202627,ESCUELA INF. N° 11/19°,MARTINEZ CASTRO 3085
0202629,JII Nº 09/20,MURGUIONDO 2265
0202635,JII Nº 11/6º,REPÚBLICA BOLIVARIANA DE VENEZUELA 3269
0202638,JII Nº 05 DE 14 - Polideportivo EEM N° 01/14°,AVDA. CHORROARIN 365
0202643,JIC N° 15/21° - EPC N° 07 DE 21,FONROUGE 4358
0202649,"ESC. TEC.  Nº 20 DE 20 - IFTS Nº 04 - CFP N° 36 ""Polo Mataderos""",MURGUIONDO 2151
0202655,Polideportivo Polo Mataderos DE 20,MURGUIONDO Y AVDA. DIRECTORIO
0202656,EPC N° 11 DE 21,AVDA. GRAL F DE LA CRUZ Y AVDA. ESCALADA
0202658,JII N° 13/04°,AVDA. CALABRIA Y ROSARIO VERA PEÑALOZA
0202659,JII N° 13/20°,MONTE 7420
0202660,JIN A (EPCJC 11/01Âº) - EPC N° 11 DE 01 - Adultos 2000 - Dirección General de Educación de Gestión Privada,CARLOS H. PERETTE y CALLE 10
0202661,JII N° 15/05°,ANDRES FERREYRA 3705
0202662,ESC. SUPERIOR DE EDUCACIÓN ARTÍSTICA EN ARTES VISUALES ROGELIO YRURTIA - EPC N° 23,AVDA. JUAN BAUTISTA ALBERDI 4139
0202663,EPC N° 23 DE 20,MURGUIONDO 2251
0202667,JII N° 16/05°,LUNA 690
0202668,JII N°05/17° - ESC. INTEGRAL INTERDISCIPLINARIA N° 17,CNEL. RAMON LISTA 5448
0202669,JII N°17/21° VILLA OLIMPICA,23 DE JUNIO 4155
0202676,JII N° 17/05°,SUAREZ 3110
0202678,ESCUELA INF. N° 05/01° ANEXO - ESCUELA INF. N° 12/01° - ESCUELA INF. N° 05/01°,LETONIA 1928
0202679,EPC N° 25 BANDERA ARGENTINA,LETONIA 26
0202680,EEM N° 06/01° PADRE CARLOS MUGICA,LETONIA 1940
0202681,"ADULTOS 2000 - JORNADA EXTENDIDA DE LAS ESC PRIMARIAS 4, 7, 9 y 11 DEL DE 12 - COLEGIO N° 18 DR. ALBERTO LARROQUE (POLIDEPORTIVO)",AV. GAONA Y SANABRIA
0202682,SUPERVISIÓN INICIAL DE 21 - ESCUELA INF. N° 11/21°,"AVDA. CNEL. ROCA, PTA. 9, AUTODROMO"
0202683,EPC N° 18 JORGE NEWBERY,"AVDA. CNEL. ROCA, PTA. 9, AUTODROMO"
0202684,JII Nº 19/05°,LAGOS 2929
0202685,JII Nº 18/21°,AVDA. CASTAÑARES 6580
0202686,ESCUELA INF. N° 06/06°,CATAMARCA 342
0202687,EPC N° 24 DE 20,ZUVIRIA 6590
0202688,ESCUELA INF. N° 09/05° - EPC N°05 DE 05,SANTO DOMINGO 4050
0202689,EPC Nº 12 DE 21,BLVD OLIMPICO JOSE BENJAMIN ZUBIAUR 4180
0202695,JM N° 06/18°,CALDERON DE LA BARCA 1550
0202731,JII N°18/05°,USPALLATA 3325
0202732,INST. DE ENSEÑANZA SUPERIOR EN LENGUAS VIVAS JUAN B. JUSTO (ANEXO),AVDA. ALVAREZ JONTE 3867
0202734,CFP N° 24 -Anexo casona-,MORON 2453
0202735,Polideportivo de establecimientos DE 16,BOLIVIA 5842
0202736,EPC N° 6 CARLOS VAZ FERREIRA (HUERTA),TTE. CNEL. CASIMIRO RECUERO 2545
0202737,Polideportivo Polo Piedrabuena,ZUVIRIA 6580
0202772,CFP N° 38,ALPACA 2474 (Barrio 31)
0202773,JII N° 05/03°,PICHINCHA 1152
0202774,EPC N° 21,ANDRES FERREYRA 3749
0202779,EPC N° 06 PROF. FELIPE BOERO,AVDA. EVA PERON 7449
NA,"Polideportivo EPC N° 15 DE 15 - CENS N° 63 - Planetario Galileo Galilei - Espacio de Infancia ""Los niños felices"" - Espacio de Primera Infancia ""Luces en el Bajo"" - ESPACIO PRIMERA INFANCIA ""NIÑOS FELICES"" - CFP N° 14 EDUARDO VICENTE - UTE",HOLMBERG 2850
