cui,entrega,texto
00000na,2021,"Armario 22, Escritorio 16, Mesa pupitre doble 290, Mesa usos múltiples 20, Piso antigolpe para juegos 100, Pizarrón 26, Silla escolar 748, Varios 22"
00000na,2022,"Armario 53, Banco largo comedor 207, Mesa pupitre doble 194, Mesa usos múltiples 78, Piso antigolpe para juegos 50, Silla escolar 1185"
00000na,2023,"Armario 241, Banco largo comedor 289, Biblioteca 27, Escritorio 142, Juego de patio 33, Locker 78, Mesa inicial 412, Mesa integradora con escotadura 8, Mesa pupitre doble 1113, Mesa usos múltiples 419, Piso antigolpe para juegos 1759, Pizarrón 392, Silla escolar 4687, Varios 175, NA 2522"
000null,2021,"Armario 16, Varios 2"
000null,2022,"Armario 3, Escritorio 5, Juego de patio 1, Mesa usos múltiples 23"
000null,2023,Armario 15
0200001,2021,"Armario 4, Escritorio 6, Mesa pupitre doble 60, Silla escolar 124"
0200001,2022,"Armario 4, Banco largo comedor 60"
0200001,2023,"Juego de patio 1, Piso antigolpe para juegos 1"
0200002,2021,"Banco largo comedor 36, Escritorio 4, Juego de patio 1, Mesa usos múltiples 18, Piso antigolpe para juegos 60, Silla escolar 124, Varios 10"
0200002,2022,"Armario 2, Mesa inicial 5, Pizarrón 7, Silla escolar 30, Varios 1"
0200003,2021,"Banco largo comedor 50, Escritorio 6, Mesa pupitre doble 75, Mesa usos múltiples 25, Pizarrón 2, Silla escolar 176"
0200004,2021,"Banco largo comedor 50, Mesa usos múltiples 25"
0200005,2021,"Mesa inicial 10, Silla escolar 60"
0200005,2022,"Armario 4, Mesa inicial 10, Mesa pupitre doble 22, Silla escolar 134"
0200006,2021,"Armario 4, Banco largo comedor 96, Escritorio 2, Mesa pupitre doble 75, Mesa usos múltiples 48, Silla escolar 152"
0200006,2022,Armario 2
0200006,2023,"Mesa inicial 10, Silla escolar 60"
0200007,2021,"Armario 4, Mesa inicial 6, Mesa pupitre doble 60, Silla escolar 60"
0200007,2022,"Armario 2, Mesa pupitre doble 52, Pizarrón 14, Silla escolar 106"
0200007,2023,"Armario 1, Pizarrón 14"
0200008,2021,Pizarrón 2
0200008,2022,"Armario 4, Mesa inicial 4, Mesa integradora con escotadura 1, Mesa pupitre doble 30, Pizarrón 11, Silla escolar 83"
0200009,2021,"Escritorio 2, Mesa pupitre doble 60, Pizarrón 12, Silla escolar 62"
0200009,2022,"Mesa inicial 5, Silla escolar 30"
0200010,2022,"Armario 9, Escritorio 7, Mesa inicial 8, Mesa pupitre doble 78, Pizarrón 20, Silla escolar 221"
0200011,2021,"Mesa inicial 10, Mesa pupitre doble 12, Silla escolar 84"
0200011,2022,"Armario 2, Escritorio 2, Varios 3"
0200012,2021,"Escritorio 2, Mesa pupitre doble 30, Silla escolar 62"
0200013,2021,"Armario 3, Mesa inicial 5, Silla escolar 30"
0200013,2022,"Armario 2, Mesa inicial 10, Mesa pupitre doble 45, Pizarrón 15, Silla escolar 160"
0200014,2022,"Mesa inicial 10, Silla escolar 85"
0200015,2021,"Armario 8, Escritorio 4, Mesa inicial 5, Mesa pupitre doble 60, Pizarrón 3, Silla escolar 124"
0200015,2022,"Armario 8, Mesa inicial 5, Silla escolar 60"
0200015,2023,Armario 3
0200016,2021,"Armario 4, Escritorio 4, Mesa pupitre doble 60, Silla escolar 124"
0200016,2022,"Armario 2, Banco largo comedor 112, Mesa inicial 5, Mesa usos múltiples 56, Pizarrón 7, Silla escolar 30"
0200017,2022,"Banco largo comedor 8, Escritorio 3, Mesa pupitre doble 47, Mesa usos múltiples 4, Pizarrón 4, Silla escolar 93"
0200018,2021,"Escritorio 7, Mesa pupitre doble 89, Pizarrón 14, Silla escolar 185"
0200020,2023,Varios 1
0200022,2022,"Escritorio 5, Mesa pupitre doble 75, Pizarrón 5, Silla escolar 155"
0200022,2023,"Escritorio 5, Mesa pupitre doble 75, Pizarrón 5, Silla escolar 155"
0200023,2021,"Escritorio 4, Mesa pupitre doble 60, Pizarrón 4, Silla escolar 124"
0200023,2022,"Escritorio 4, Mesa pupitre doble 64, Pizarrón 4, Silla escolar 132"
0200023,2023,"Escritorio 4, Mesa pupitre doble 60, Pizarrón 4, Silla escolar 124"
0200024,2021,"Escritorio 4, Mesa pupitre doble 60, Pizarrón 4, Silla escolar 124"
0200024,2022,"Escritorio 4, Mesa pupitre doble 60, Pizarrón 4, Silla escolar 124"
0200024,2023,"Escritorio 5, Mesa pupitre doble 75, Pizarrón 5, Silla escolar 155"
0200025,2021,"Escritorio 3, Mesa pupitre doble 45, Pizarrón 3, Silla escolar 93"
0200025,2022,"Escritorio 3, Mesa pupitre doble 45, Pizarrón 3, Silla escolar 93"
0200025,2023,"Escritorio 2, Mesa pupitre doble 30, Pizarrón 4, Silla escolar 62"
0200026,2021,"Escritorio 2, Mesa pupitre doble 30, Pizarrón 2, Silla escolar 62"
0200026,2022,"Escritorio 2, Mesa pupitre doble 32, Pizarrón 2, Silla escolar 64, Varios 2"
0200026,2023,"Escritorio 2, Locker 15, Mesa pupitre doble 30, Pizarrón 2, Silla escolar 62"
0200028,2021,"Escritorio 4, Mesa pupitre doble 60, Pizarrón 4"
0200028,2022,"Escritorio 4, Mesa inicial 6, Mesa pupitre doble 60, Pizarrón 5, Silla escolar 154"
0200029,2021,"Escritorio 5, Mesa pupitre doble 75, Pizarrón 5, Silla escolar 155"
0200029,2022,"Armario 1, Banco largo comedor 2, Escritorio 6, Mesa pupitre doble 90, Pizarrón 6, Silla escolar 186"
0200029,2023,"Escritorio 6, Juego de patio 1, Mesa pupitre doble 90, Piso antigolpe para juegos 1, Pizarrón 6, Silla escolar 186, Varios 3"
0200030,2021,"Armario 4, Escritorio 4, Mesa pupitre doble 90, Pizarrón 4, Silla escolar 60"
0200030,2022,"Armario 20, Escritorio 8, Mesa pupitre doble 120, Pizarrón 10, Silla escolar 248"
0200030,2023,"Escritorio 1, Mesa pupitre doble 15, Pizarrón 1, Silla escolar 31"
0200031,2022,"Armario 3, Pizarrón 6"
0200032,2021,"Escritorio 4, Mesa pupitre doble 60, Pizarrón 4, Silla escolar 124"
0200032,2022,"Escritorio 4, Mesa pupitre doble 60, Pizarrón 4, Silla escolar 124"
0200033,2021,"Armario 5, Mesa inicial 1"
0200033,2022,Silla escolar 6
0200041,2021,"Mesa trabajo estante 4, Varios 8"
0200057,2023,"Armario 1, Silla escolar 7"
0200063,2021,"Armario 6, Escritorio 3, Mesa inicial 6, Pizarrón 3, Silla escolar 48, Varios 43"
0200063,2022,"Armario 8, Varios 32"
0200076,2021,"Armario 3, Banco largo comedor 64, Escritorio 4, Mesa pupitre doble 60, Mesa usos múltiples 27, Silla escolar 124"
0200076,2022,Armario 6
0200077,2022,"Escritorio 4, Mesa pupitre doble 45, Silla escolar 93"
0200080,2023,"Armario 3, Escritorio 3, Silla escolar 9"
0200081,2021,"Escritorio 2, Mesa pupitre doble 30, Silla escolar 62"
0200081,2023,Mesa usos múltiples 12
0200082,2021,"Armario 6, Mesa inicial 6, Pizarrón 2, Silla escolar 25"
0200083,2021,"Banco largo comedor 52, Mesa inicial 5, Mesa usos múltiples 26, Silla escolar 30"
0200083,2022,Armario 2
0200084,2021,"Armario 6, Banco largo comedor 32, Biblioteca 5, Mesa usos múltiples 9, Pizarrón 1"
0200084,2022,Armario 4
0200085,2021,Piso antigolpe para juegos 12
0200086,2021,"Escritorio 2, Mesa pupitre doble 30, Pizarrón 6, Silla escolar 62"
0200086,2022,"Armario 14, Banco largo comedor 64, Escritorio 7, Mesa pupitre doble 26, Mesa usos múltiples 32, Pizarrón 8, Silla escolar 61"
0200087,2022,Armario 2
0200088,2021,"Armario 4, Banco largo comedor 4, Mesa inicial 5, Mesa usos múltiples 2, Silla escolar 30, Varios 30"
0200089,2021,"Banco largo comedor 31, Mesa usos múltiples 1"
0200090,2023,"Armario 3, Escritorio 3, Silla escolar 9"
0200092,2022,Armario 5
0200093,2022,"Armario 22, Escritorio 11, Mesa pupitre doble 52, Pizarrón 11, Silla escolar 125"
0200095,2021,"Armario 4, Escritorio 4, Mesa pupitre doble 60, Pizarrón 2, Silla escolar 124"
0200096,2021,"Escritorio 4, Mesa pupitre doble 108, Pizarrón 6, Silla escolar 124"
0200096,2022,"Escritorio 4, Mesa pupitre doble 68, Pizarrón 4, Silla escolar 136"
0200097,2023,"Escritorio 5, Mesa pupitre doble 75, Pizarrón 5, Silla escolar 155"
0200098,2021,"Escritorio 6, Mesa pupitre doble 95, Pizarrón 6, Silla escolar 186"
0200098,2022,Mesa pupitre doble 60
0200098,2023,"Escritorio 4, Mesa pupitre doble 60, Pizarrón 8, Silla escolar 124"
0200099,2021,"Escritorio 4, Mesa pupitre doble 60, Pizarrón 4, Silla escolar 124"
0200099,2022,"Escritorio 4, Mesa pupitre doble 60, Pizarrón 4, Silla escolar 122"
0200099,2023,"Escritorio 3, Mesa pupitre doble 45, Pizarrón 3, Silla escolar 93"
0200100,2021,"Escritorio 5, Mesa pupitre doble 75, Pizarrón 5, Silla escolar 155"
0200100,2022,"Escritorio 3, Mesa pupitre doble 60, Pizarrón 8, Silla escolar 123"
0200100,2023,"Escritorio 6, Mesa pupitre doble 90, Pizarrón 6, Silla escolar 186"
0200101,2021,"Armario 3, Escritorio 4, Mesa pupitre doble 60, Pizarrón 5"
0200101,2022,"Armario 6, Escritorio 4, Mesa pupitre doble 60, Pizarrón 4, Silla escolar 124"
0200101,2023,Armario 2
0200102,2021,"Armario 4, Banco largo comedor 20, Escritorio 5, Mesa pupitre doble 75, Mesa usos múltiples 10, Pizarrón 7, Silla escolar 155"
0200102,2022,"Armario 8, Escritorio 4, Mesa pupitre doble 60, Pizarrón 4, Varios 3"
0200102,2023,"Escritorio 4, Mesa pupitre doble 60, Pizarrón 4, Silla escolar 124"
0200103,2021,Armario 6
0200104,2022,"Mesa inicial 10, Silla escolar 75"
0200106,2021,Silla escolar 62
0200106,2023,Locker 40
0200123,2021,"Mesa inicial 20, Silla escolar 120"
0200123,2022,Varios 27
0200123,2023,"Armario 4, Escritorio 3, Juego de patio 1, Piso antigolpe para juegos 7, Pizarrón 1, Silla escolar 10"
0200124,2022,"Mesa pupitre doble 31, Silla escolar 100"
0200124,2023,"Armario 1, Pizarrón 2"
0200125,2021,"Escritorio 2, Mesa pupitre doble 30, Silla escolar 62"
0200125,2023,"Mesa inicial 8, Silla escolar 46"
0200126,2021,"Armario 4, Banco largo comedor 96, Escritorio 4, Mesa inicial 6, Mesa pupitre doble 60, Mesa usos múltiples 48, Silla escolar 36"
0200126,2022,"Mesa pupitre doble 41, Silla escolar 82"
0200126,2023,"Armario 2, Varios 1"
0200128,2021,"Escritorio 2, Mesa inicial 2, Mesa pupitre doble 30, Pizarrón 2, Silla escolar 72"
0200129,2021,"Banco largo comedor 8, Mesa usos múltiples 4"
0200129,2022,"Banco largo comedor 6, Escritorio 1, Mesa pupitre doble 12, Mesa usos múltiples 3, Pizarrón 10, Silla escolar 24"
0200130,2021,"Banco largo comedor 44, Pizarrón 1"
0200130,2022,"Armario 2, Mesa pupitre doble 30, Silla escolar 62"
0200131,2022,"Mesa pupitre doble 45, Silla escolar 90"
0200132,2023,"Banco largo comedor 8, Mesa pupitre doble 5, Mesa usos múltiples 4, Pizarrón 3, Silla escolar 10"
0200133,2021,"Banco largo comedor 10, Mesa usos múltiples 5, Varios 2"
0200133,2022,"Armario 2, Mesa pupitre doble 30, Silla escolar 70"
0200135,2021,"Banco largo comedor 10, Mesa usos múltiples 5"
0200135,2022,"Armario 6, Escritorio 4, Mesa pupitre doble 30, Pizarrón 14, Silla escolar 64, Varios 1"
0200136,2021,"Escritorio 2, Mesa pupitre doble 30, Mesa usos múltiples 1, Silla escolar 62"
0200136,2022,"Armario 7, Banco largo comedor 20, Mesa inicial 10, Silla escolar 60"
0200137,2021,Mesa pupitre doble 60
0200137,2022,"Escritorio 4, Mesa pupitre doble 66, Silla escolar 136"
0200137,2023,"Escritorio 4, Mesa pupitre doble 60, Pizarrón 4, Silla escolar 124"
0200138,2021,"Escritorio 3, Mesa pupitre doble 45, Pizarrón 3, Silla escolar 93"
0200138,2022,"Escritorio 3, Mesa pupitre doble 45, Pizarrón 3, Silla escolar 93"
0200139,2022,Pizarrón 21
0200139,2023,"Escritorio 9, Mesa pupitre doble 135, Pizarrón 9, Silla escolar 279"
0200140,2021,"Escritorio 2, Mesa pupitre doble 30, Pizarrón 2, Silla escolar 62"
0200140,2022,"Escritorio 2, Mesa integradora con escotadura 1, Mesa pupitre doble 30, Pizarrón 2, Silla escolar 62"
0200141,2021,"Mesa usos múltiples 12, Silla escolar 72"
0200141,2022,"Mesa pupitre doble 45, Mesa usos múltiples 3, Silla escolar 108"
0200144,2021,"Armario 4, Banco largo comedor 24, Escritorio 1, Mesa pupitre doble 15, Mesa usos múltiples 12, Silla escolar 31"
0200145,2021,"Armario 6, Escritorio 4, Mesa integradora con escotadura 1, Mesa pupitre doble 69, Pizarrón 3, Silla escolar 202"
0200146,2021,"Mesa inicial 10, Silla escolar 60"
0200147,2021,Pizarrón 21
0200148,2022,"Mesa inicial 7, Silla escolar 50"
0200150,2021,"Mesa trabajo estante 4, Varios 8"
0200153,2021,"Mesa trabajo estante 6, Varios 12"
0200168,2021,"Banco largo comedor 32, Escritorio 4, Mesa pupitre doble 60, Mesa usos múltiples 16, Silla escolar 124"
0200173,2021,Silla escolar 30
0200174,2021,"Escritorio 2, Mesa integradora con escotadura 1, Mesa pupitre doble 30, Silla escolar 62"
0200174,2022,"Armario 3, Varios 4"
0200175,2021,"Banco largo comedor 48, Mesa usos múltiples 24"
0200175,2022,"Pizarrón 12, Varios 3"
0200176,2021,"Escritorio 3, Mesa pupitre doble 45, Mesa usos múltiples 2, Pizarrón 28, Silla escolar 94"
0200177,2022,"Escritorio 3, Mesa inicial 10, Mesa pupitre doble 48, Pizarrón 15, Silla escolar 156"
0200178,2021,"Armario 5, Mesa inicial 20, Mesa pupitre doble 30, Mesa usos múltiples 10, Pizarrón 2, Silla escolar 150"
0200178,2022,"Armario 24, Biblioteca 12, Escritorio 8, Juego de patio 1, Mesa inicial 30, Piso antigolpe para juegos 60, Pizarrón 16, Silla escolar 410, Varios 8"
0200179,2022,"Armario 6, Banco largo comedor 16, Escritorio 1, Mesa pupitre doble 15, Mesa usos múltiples 8, Pizarrón 28, Silla escolar 30"
0200180,2021,"Armario 4, Banco largo comedor 4, Escritorio 11, Mesa pupitre doble 75, Mesa usos múltiples 15, Silla escolar 155"
0200181,2021,"Escritorio 2, Mesa pupitre doble 30, Silla escolar 62"
0200181,2022,"Banco largo comedor 8, Mesa usos múltiples 4"
0200182,2021,"Banco largo comedor 10, Mesa usos múltiples 4"
0200183,2021,"Banco largo comedor 4, Mesa usos múltiples 3"
0200184,2022,"Mesa pupitre doble 13, Silla escolar 26"
0200186,2021,"Armario 5, Banco largo comedor 24, Escritorio 4, Mesa usos múltiples 12, Pizarrón 2, Silla escolar 28"
0200188,2021,"Escritorio 4, Juego de patio 1, Mesa pupitre doble 60, Silla escolar 124"
0200189,2021,"Banco largo comedor 12, Mesa usos múltiples 10"
0200190,2021,"Armario 35, Banco largo comedor 16, Mesa pupitre doble 20, Mesa usos múltiples 8, Silla escolar 40"
0200190,2023,Pizarrón 16
0200193,2022,"Escritorio 9, Mesa pupitre doble 135, Pizarrón 9, Silla escolar 279"
0200193,2023,"Escritorio 7, Mesa pupitre doble 105, Pizarrón 7, Silla escolar 217"
0200194,2021,"Escritorio 1, Mesa pupitre doble 15, Pizarrón 1, Silla escolar 31"
0200195,2022,"Escritorio 9, Mesa pupitre doble 120, Pizarrón 8, Silla escolar 278"
0200195,2023,"Escritorio 6, Mesa pupitre doble 90, Pizarrón 6, Silla escolar 186"
0200196,2021,"Escritorio 2, Mesa pupitre doble 30, Pizarrón 2, Silla escolar 62"
0200196,2022,"Escritorio 1, Mesa pupitre doble 23, Pizarrón 1, Silla escolar 46"
0200196,2023,"Escritorio 1, Mesa pupitre doble 15, Pizarrón 1, Silla escolar 31"
0200197,2021,"Armario 7, Escritorio 3, Mesa pupitre doble 45, Pizarrón 3, Silla escolar 93"
0200197,2022,"Armario 12, Escritorio 3, Mesa pupitre doble 45, Pizarrón 3, Silla escolar 93"
0200197,2023,"Escritorio 3, Locker 70, Mesa pupitre doble 45, Pizarrón 3, Silla escolar 93"
0200198,2021,"Mesa pupitre doble 60, Mesa trabajo estante 48, Silla escolar 60, Varios 88"
0200199,2021,"Escritorio 8, Mesa pupitre doble 120, Pizarrón 6, Silla escolar 124"
0200199,2022,"Escritorio 4, Mesa pupitre doble 67, Piso antigolpe para juegos 100, Pizarrón 4, Silla escolar 8"
0200199,2023,"Armario 4, Escritorio 10, Mesa pupitre doble 70, Pizarrón 16, Silla escolar 170"
0200202,2021,"Armario 11, Biblioteca 2, Escritorio 1, Mesa pupitre doble 18, Pizarrón 6, Silla escolar 37"
0200224,2021,"Escritorio 2, Mesa pupitre doble 30, Silla escolar 62"
0200224,2023,"Armario 4, Escritorio 4, Mesa pupitre doble 30, Silla escolar 60"
0200225,2022,Escritorio 3
0200226,2021,"Armario 8, Escritorio 4, Mesa integradora con escotadura 2, Mesa pupitre doble 60, Pizarrón 4, Silla escolar 125"
0200226,2022,Escritorio 1
0200227,2022,"Escritorio 1, Mesa inicial 9, Mesa integradora con escotadura 1, Mesa pupitre doble 11, Pizarrón 6, Silla escolar 98"
0200228,2021,"Escritorio 3, Mesa pupitre doble 45, Pizarrón 18, Silla escolar 93"
0200228,2022,"Armario 2, Escritorio 3, Pizarrón 2"
0200229,2021,"Escritorio 4, Mesa pupitre doble 60, Pizarrón 10, Silla escolar 124"
0200230,2022,"Escritorio 5, Mesa pupitre doble 105, Pizarrón 25, Silla escolar 263"
0200231,2021,"Escritorio 2, Mesa pupitre doble 30, Pizarrón 7, Silla escolar 92"
0200231,2022,Silla escolar 37
0200232,2021,"Banco largo comedor 8, Mesa usos múltiples 4"
0200232,2022,"Escritorio 2, Mesa pupitre doble 30, Silla escolar 62"
0200232,2023,Armario 4
0200233,2021,Pizarrón 15
0200233,2022,"Escritorio 4, Mesa pupitre doble 75, Pizarrón 1, Silla escolar 154"
0200235,2021,"Mesa pupitre doble 30, Pizarrón 7, Silla escolar 30"
0200236,2021,"Armario 28, Mesa pupitre doble 90, Silla escolar 180"
0200236,2022,"Mesa inicial 10, Pizarrón 4, Silla escolar 60"
0200236,2023,"Armario 2, Silla escolar 60"
0200237,2022,"Escritorio 5, Mesa pupitre doble 48, Silla escolar 48"
0200237,2023,Pizarrón 6
0200238,2022,"Mesa pupitre doble 45, Silla escolar 90"
0200239,2022,"Escritorio 2, Mesa pupitre doble 30, Pizarrón 9, Silla escolar 62"
0200240,2022,"Mesa inicial 5, Silla escolar 30"
0200241,2022,"Armario 5, Escritorio 4, Mesa pupitre doble 30, Pizarrón 2, Silla escolar 50"
0200242,2022,"Armario 1, Banco largo comedor 4, Biblioteca 6, Escritorio 3, Mesa usos múltiples 7, Pizarrón 20, Silla escolar 33"
0200243,2021,"Escritorio 7, Mesa pupitre doble 107, Pizarrón 21, Silla escolar 149"
0200243,2022,"Armario 4, Banco largo comedor 32, Mesa usos múltiples 16, Pizarrón 3"
0200244,2021,Mesa integradora con escotadura 1
0200244,2022,"Armario 4, Escritorio 3, Mesa pupitre doble 39, Pizarrón 7, Silla escolar 88"
0200245,2021,Pizarrón 2
0200245,2023,Pizarrón 15
0200246,2022,"Armario 6, Banco largo comedor 14, Escritorio 3, Mesa pupitre doble 90, Pizarrón 6, Silla escolar 45"
0200246,2023,Banco largo comedor 6
0200247,2021,"Escritorio 4, Mesa pupitre doble 60, Pizarrón 9, Silla escolar 124"
0200248,2021,"Mesa inicial 44, Silla escolar 264"
0200250,2021,Armario 8
0200251,2022,"Mesa inicial 15, Silla escolar 89"
0200252,2021,"Mesa inicial 24, Silla escolar 144"
0200253,2021,"Banco largo comedor 50, Mesa usos múltiples 25"
0200253,2022,"Escritorio 3, Mesa pupitre doble 45, Pizarrón 3, Silla escolar 98"
0200253,2023,"Escritorio 2, Mesa pupitre doble 30, Pizarrón 2, Silla escolar 62"
0200254,2021,"Escritorio 4, Mesa pupitre doble 60, Pizarrón 4, Silla escolar 124"
0200254,2022,"Escritorio 3, Mesa pupitre doble 45, Pizarrón 3, Silla escolar 93"
0200254,2023,"Escritorio 2, Mesa pupitre doble 30, Pizarrón 2, Silla escolar 62"
0200255,2021,"Armario 14, Mesa inicial 1, Mesa pupitre doble 3, Pizarrón 8, Silla escolar 13"
0200255,2023,"Mesa inicial 3, Silla escolar 18"
0200256,2021,"Escritorio 2, Mesa pupitre doble 30, Pizarrón 2, Silla escolar 62"
0200256,2022,"Banco largo comedor 30, Escritorio 2, Mesa pupitre doble 30, Mesa usos múltiples 15, Pizarrón 2, Silla escolar 62"
0200256,2023,"Escritorio 2, Mesa pupitre doble 30, Pizarrón 2, Silla escolar 62"
0200257,2021,"Escritorio 4, Mesa pupitre doble 60, Pizarrón 4, Silla escolar 124"
0200257,2022,"Armario 2, Escritorio 1, Mesa pupitre doble 40"
0200257,2023,"Escritorio 4, Mesa pupitre doble 60, Pizarrón 4, Silla escolar 124"
0200258,2021,"Escritorio 2, Pizarrón 10"
0200258,2023,"Armario 68, Banco largo comedor 10, Biblioteca 14, Escritorio 37, Locker 9, Mesa pupitre doble 210, Mesa usos múltiples 42, Pizarrón 64, Silla escolar 739, Varios 73, NA 93"
0200259,2021,"Escritorio 6, Mesa pupitre doble 90, Pizarrón 6, Silla escolar 186"
0200259,2022,"Escritorio 5, Mesa pupitre doble 75, Pizarrón 5, Silla escolar 155"
0200259,2023,"Escritorio 5, Mesa pupitre doble 75, Pizarrón 5, Silla escolar 155"
0200261,2022,"Armario 6, Mesa inicial 10, Silla escolar 60"
0200262,2021,"Escritorio 2, Mesa pupitre doble 30, Mesa trabajo estante 4, Pizarrón 2, Silla escolar 62, Varios 8"
0200262,2022,"Escritorio 2, Mesa pupitre doble 30, Pizarrón 2, Silla escolar 62"
0200262,2023,"Escritorio 2, Mesa pupitre doble 30, Silla escolar 62"
0200266,2021,"Armario 2, Escritorio 2, Mesa inicial 1, Mesa pupitre doble 30, Mesa usos múltiples 2, Silla escolar 68, Varios 4"
0200275,2021,"Mesa trabajo estante 3, Varios 6"
0200278,2021,"Mesa trabajo estante 3, Varios 6"
0200280,2021,Varios 2
0200281,2021,"Escritorio 2, Mesa pupitre doble 30, Mesa trabajo estante 9, Silla escolar 60, Varios 18"
0200281,2023,"Escritorio 3, Mesa pupitre doble 45, Pizarrón 3, Silla escolar 93"
0200290,2021,Armario 6
0200294,2023,Mesa integradora con escotadura 3
0200295,2022,Silla escolar 12
0200298,2021,Mesa usos múltiples 7
0200298,2022,Pizarrón 6
0200300,2022,"Banco largo comedor 10, Escritorio 5, Mesa pupitre doble 90, Silla escolar 183"
0200300,2023,Pizarrón 1
0200301,2021,"Armario 14, Escritorio 4, Mesa pupitre doble 26, Pizarrón 7, Silla escolar 108"
0200302,2021,"Escritorio 2, Mesa inicial 10, Mesa pupitre doble 30, Silla escolar 122"
0200303,2021,"Banco largo comedor 8, Mesa usos múltiples 4"
0200303,2022,Pizarrón 5
0200304,2021,"Banco largo comedor 16, Mesa usos múltiples 8"
0200304,2023,Pizarrón 7
0200305,2021,"Escritorio 2, Mesa integradora con escotadura 2, Mesa pupitre doble 30, Silla escolar 62"
0200305,2022,Pizarrón 3
0200307,2021,"Escritorio 2, Mesa pupitre doble 30, Silla escolar 62"
0200308,2022,"Banco largo comedor 12, Mesa usos múltiples 6"
0200309,2021,"Escritorio 2, Mesa integradora con escotadura 2, Mesa pupitre doble 30, Silla escolar 62"
0200309,2022,"Banco largo comedor 10, Escritorio 3, Mesa pupitre doble 45, Silla escolar 62"
0200310,2021,"Banco largo comedor 20, Mesa usos múltiples 10, Pizarrón 7"
0200310,2022,Armario 10
0200311,2021,Armario 6
0200311,2022,"Armario 2, Mesa pupitre doble 60, Pizarrón 1, Silla escolar 120"
0200312,2021,"Banco largo comedor 140, Escritorio 2, Mesa pupitre doble 30, Mesa usos múltiples 70, Pizarrón 5, Silla escolar 155"
0200312,2022,"Armario 2, Mesa inicial 10, Mesa pupitre doble 48, Pizarrón 5, Silla escolar 156"
0200312,2023,"Juego de patio 1, Mesa inicial 10, Piso antigolpe para juegos 60, Pizarrón 10, Silla escolar 60"
0200313,2021,"Escritorio 2, Mesa pupitre doble 30, Pizarrón 2, Silla escolar 62"
0200313,2022,"Escritorio 2, Mesa pupitre doble 30, Pizarrón 2, Silla escolar 62"
0200315,2023,Varios 1
0200316,2022,"Armario 10, Biblioteca 5, Mesa inicial 10, Pizarrón 6, Silla escolar 180"
0200317,2021,"Mesa inicial 5, Silla escolar 20"
0200317,2022,"Armario 2, Escritorio 1, Juego de patio 1, Mesa inicial 10, Piso antigolpe para juegos 36, Pizarrón 2, Silla escolar 63"
0200318,2022,"Escritorio 4, Mesa pupitre doble 75, Mesa usos múltiples 35, Pizarrón 3, Silla escolar 183"
0200318,2023,"Armario 5, Escritorio 2, Mesa pupitre doble 30, Pizarrón 17, Silla escolar 62"
0200319,2022,"Escritorio 6, Mesa pupitre doble 75, Pizarrón 5, Silla escolar 150"
0200319,2023,"Escritorio 4, Mesa pupitre doble 60, Pizarrón 4, Silla escolar 124"
0200320,2021,"Escritorio 3, Mesa pupitre doble 45, Pizarrón 3, Silla escolar 93"
0200322,2021,"Escritorio 3, Mesa pupitre doble 45, Pizarrón 3, Silla escolar 93"
0200322,2022,"Escritorio 3, Mesa pupitre doble 45, Pizarrón 3, Silla escolar 93"
0200322,2023,"Escritorio 3, Mesa pupitre doble 45, Pizarrón 3, Silla escolar 93"
0200323,2021,"Escritorio 4, Mesa pupitre doble 60, Pizarrón 4, Silla escolar 124"
0200323,2022,"Escritorio 3, Mesa pupitre doble 45, Pizarrón 4, Silla escolar 93"
0200323,2023,"Escritorio 3, Mesa pupitre doble 45, Pizarrón 6, Silla escolar 93"
0200324,2021,"Armario 4, Escritorio 4, Mesa pupitre doble 40, Silla escolar 84"
0200324,2022,"Armario 4, Escritorio 6, Mesa usos múltiples 1"
0200324,2023,"Escritorio 3, Mesa pupitre doble 45, Pizarrón 3, Silla escolar 93"
0200325,2021,Armario 3
0200325,2022,"Escritorio 4, Mesa pupitre doble 51, Pizarrón 8, Silla escolar 123"
0200325,2023,"Escritorio 3, Mesa pupitre doble 45, Pizarrón 3, Silla escolar 93"
0200326,2022,"Armario 4, Escritorio 4, Mesa inicial 5, Mesa pupitre doble 60, Pizarrón 5, Silla escolar 150"
0200327,2021,"Armario 4, Escritorio 2, Mesa pupitre doble 30, Pizarrón 4, Silla escolar 62"
0200327,2022,"Escritorio 4, Mesa inicial 3, Mesa pupitre doble 64, Pizarrón 3, Silla escolar 156, Varios 3"
0200327,2023,"Escritorio 2, Mesa pupitre doble 30, Silla escolar 62"
0200328,2021,"Armario 7, Mesa inicial 5, Mesa usos múltiples 2, Silla escolar 30"
0200330,2021,"Armario 5, Biblioteca 3, Escritorio 3, Mesa pupitre doble 20, Mesa usos múltiples 6, Silla escolar 70"
0200330,2022,"Escritorio 1, Mesa inicial 2, Silla escolar 8"
0200343,2022,"Escritorio 8, Mesa inicial 9, Silla escolar 54"
0200343,2023,"Mesa inicial 2, Silla escolar 20"
0200344,2022,"Armario 3, Pizarrón 6"
0200356,2021,"Banco largo comedor 40, Mesa pupitre doble 35, Mesa usos múltiples 20, Silla escolar 70"
0200356,2022,"Armario 4, Mesa pupitre doble 40, Pizarrón 7, Silla escolar 80"
0200357,2021,Mesa usos múltiples 7
0200357,2023,"Mesa pupitre doble 3, Pizarrón 6, Silla escolar 6"
0200358,2022,"Banco largo comedor 36, Mesa integradora con escotadura 1, Mesa pupitre doble 30, Mesa usos múltiples 18, Silla escolar 60"
0200359,2021,"Escritorio 2, Mesa pupitre doble 30, Silla escolar 62"
0200359,2022,"Escritorio 1, Juego de patio 1, Mesa inicial 10, Piso antigolpe para juegos 36, Silla escolar 60"
0200362,2021,"Armario 4, Mesa inicial 5"
0200362,2022,"Armario 2, Mesa pupitre doble 56, Pizarrón 8, Silla escolar 142"
0200363,2022,"Mesa pupitre doble 15, Silla escolar 30"
0200364,2021,Mesa usos múltiples 10
0200364,2023,"Banco largo comedor 22, Escritorio 7, Mesa integradora con escotadura 1, Mesa pupitre doble 75, Mesa usos múltiples 11, Pizarrón 14, Silla escolar 157"
0200365,2022,"Mesa pupitre doble 13, Pizarrón 2, Silla escolar 26"
0200366,2021,Mesa usos múltiples 9
0200366,2022,"Armario 1, Escritorio 3, Mesa inicial 10, Mesa pupitre doble 60, Silla escolar 185"
0200367,2021,"Banco largo comedor 12, Mesa usos múltiples 6"
0200367,2022,"Banco largo comedor 6, Mesa usos múltiples 3"
0200368,2022,"Banco largo comedor 20, Mesa pupitre doble 30, Mesa usos múltiples 10, Silla escolar 90"
0200369,2021,"Banco largo comedor 24, Mesa usos múltiples 12"
0200370,2021,"Armario 4, Mesa inicial 5, Silla escolar 30"
0200370,2022,"Armario 2, Mesa pupitre doble 15, Pizarrón 5, Silla escolar 40"
0200372,2021,Mesa integradora con escotadura 1
0200373,2021,"Armario 4, Banco largo comedor 60, Mesa inicial 5, Mesa usos múltiples 20"
0200373,2022,"Armario 10, Pizarrón 2, Silla escolar 30"
0200376,2023,"Escritorio 4, Mesa pupitre doble 60, Pizarrón 4, Silla escolar 124"
0200379,2022,"Escritorio 1, Mesa inicial 15, Pizarrón 5"
0200380,2022,"Escritorio 6, Mesa pupitre doble 90, Pizarrón 6, Silla escolar 186"
0200380,2023,"Escritorio 5, Mesa pupitre doble 75, Pizarrón 5, Silla escolar 155"
0200381,2022,"Escritorio 7, Mesa pupitre doble 90, Pizarrón 6, Silla escolar 214"
0200381,2023,"Escritorio 5, Mesa pupitre doble 75, Pizarrón 5, Silla escolar 155"
0200382,2021,Armario 1
0200382,2022,"Escritorio 12, Mesa pupitre doble 180, Pizarrón 12, Silla escolar 372"
0200382,2023,"Escritorio 11, Mesa pupitre doble 165, Pizarrón 11, Silla escolar 341"
0200383,2022,Armario 3
0200385,2022,"Banco largo comedor 20, Escritorio 2, Mesa pupitre doble 30, Pizarrón 2, Silla escolar 62"
0200385,2023,"Escritorio 2, Mesa pupitre doble 30, Pizarrón 2, Silla escolar 62"
0200388,2021,"Mesa trabajo estante 4, Varios 8"
0200396,2021,"Escritorio 1, Mesa pupitre doble 15, Pizarrón 3, Silla escolar 31"
0200396,2022,"Escritorio 1, Mesa pupitre doble 15, Pizarrón 1, Silla escolar 31"
0200396,2023,"Escritorio 1, Mesa pupitre doble 15, Pizarrón 1, Silla escolar 31"
0200400,2022,"Armario 7, Banco largo comedor 44, Escritorio 3, Juego de patio 1, Mesa inicial 10, Mesa pupitre doble 78, Mesa usos múltiples 22, Silla escolar 60"
0200401,2021,"Banco largo comedor 16, Mesa usos múltiples 8"
0200402,2021,"Escritorio 9, Silla escolar 9"
0200403,2021,"Banco largo comedor 16, Mesa usos múltiples 8"
0200404,2021,"Mesa inicial 5, Silla escolar 30"
0200405,2021,"Armario 4, Juego de patio 1, Mesa pupitre doble 60, Piso antigolpe para juegos 60, Pizarrón 6, Silla escolar 120"
0200406,2021,"Escritorio 3, Mesa pupitre doble 45, Pizarrón 3, Silla escolar 93"
0200407,2021,Pizarrón 10
0200407,2022,"Escritorio 4, Mesa inicial 5, Mesa pupitre doble 60, Pizarrón 11, Silla escolar 161"
0200408,2021,"Escritorio 2, Mesa pupitre doble 30, Silla escolar 62"
0200409,2021,"Escritorio 2, Mesa inicial 5, Mesa pupitre doble 30, Silla escolar 62"
0200409,2022,"Banco largo comedor 10, Mesa inicial 5, Mesa usos múltiples 5, Silla escolar 82"
0200410,2023,Pizarrón 11
0200411,2021,"Armario 6, Banco largo comedor 62, Mesa inicial 10, Mesa usos múltiples 31, Silla escolar 60"
0200412,2022,"Mesa inicial 5, Pizarrón 2, Silla escolar 30"
0200414,2022,"Escritorio 3, Mesa pupitre doble 37, Pizarrón 2, Silla escolar 77"
0200416,2021,"Banco largo comedor 20, Escritorio 2, Silla escolar 62"
0200416,2023,"Escritorio 5, Mesa pupitre doble 75, Silla escolar 155"
0200417,2022,"Escritorio 8, Mesa pupitre doble 105, Pizarrón 6, Silla escolar 186"
0200418,2021,Mesa usos múltiples 10
0200418,2022,"Mesa inicial 5, Mesa pupitre doble 15, Silla escolar 55"
0200418,2023,Armario 7
0200419,2022,"Escritorio 1, Mesa inicial 15, Pizarrón 7, Silla escolar 22"
0200420,2021,"Escritorio 2, Mesa pupitre doble 30, Silla escolar 62"
0200420,2022,Armario 6
0200420,2023,"Escritorio 3, Mesa pupitre doble 45, Pizarrón 3, Silla escolar 93"
0200421,2021,"Mesa trabajo estante 5, Varios 10"
0200421,2023,"Mesa pupitre doble 12, Silla escolar 141"
0200423,2021,"Armario 4, Escritorio 2, Mesa pupitre doble 30, Silla escolar 62"
0200425,2021,"Escritorio 4, Mesa pupitre doble 60, Pizarrón 4, Silla escolar 124"
0200425,2022,"Escritorio 4, Mesa pupitre doble 60, Pizarrón 4"
0200425,2023,"Escritorio 4, Mesa pupitre doble 60, Pizarrón 4, Silla escolar 124"
0200426,2021,"Escritorio 2, Mesa pupitre doble 30, Silla escolar 62"
0200426,2022,"Escritorio 6, Mesa pupitre doble 90, Pizarrón 6, Silla escolar 186"
0200426,2023,"Escritorio 5, Mesa pupitre doble 75, Pizarrón 5, Silla escolar 155"
0200427,2021,"Escritorio 8, Mesa inicial 4, Mesa pupitre doble 120, Pizarrón 8, Silla escolar 268"
0200427,2022,"Escritorio 11, Mesa pupitre doble 208, Pizarrón 11, Silla escolar 467"
0200427,2023,"Banco largo comedor 16, Escritorio 7, Mesa pupitre doble 105, Mesa usos múltiples 9, Pizarrón 7, Silla escolar 217"
0200428,2022,"Escritorio 5, Mesa pupitre doble 40, Silla escolar 85"
0200428,2023,"Mesa pupitre doble 35, Silla escolar 140"
0200429,2021,"Armario 8, Banco largo comedor 8, Mesa usos múltiples 4, Varios 4"
0200431,2022,"Armario 3, Escritorio 1, Mesa integradora con escotadura 1, Mesa pupitre doble 6, Pizarrón 5, Silla escolar 52"
0200431,2023,Mesa usos múltiples 8
0200432,2021,"Mesa trabajo estante 8, Varios 16"
0200440,2021,"Banco largo comedor 30, Mesa usos múltiples 15"
0200441,2021,"Mesa inicial 23, Silla escolar 120"
0200441,2022,"Armario 2, Pizarrón 14"
0200442,2021,"Armario 6, Escritorio 2, Mesa pupitre doble 30, Silla escolar 62"
0200442,2022,"Juego de patio 1, Piso antigolpe para juegos 36"
0200443,2021,"Armario 28, Banco largo comedor 44, Escritorio 7, Mesa pupitre doble 85, Mesa usos múltiples 22, Pizarrón 25, Silla escolar 191"
0200443,2022,"Pizarrón 1, Silla escolar 7"
0200443,2023,Escritorio 7
0200444,2021,"Escritorio 2, Mesa pupitre doble 30, Silla escolar 62"
0200444,2022,"Banco largo comedor 20, Mesa usos múltiples 10"
0200445,2022,"Armario 4, Mesa inicial 10, Silla escolar 60"
0200446,2021,Armario 6
0200446,2022,Silla escolar 30
0200447,2021,"Escritorio 4, Mesa pupitre doble 60, Silla escolar 124"
0200447,2022,"Mesa inicial 6, Silla escolar 36"
0200447,2023,"Mesa pupitre doble 60, Silla escolar 120"
0200448,2021,"Armario 5, Escritorio 4, Mesa pupitre doble 60, Pizarrón 2, Silla escolar 16"
0200448,2022,"Armario 2, Escritorio 2, Mesa pupitre doble 30, Pizarrón 2, Silla escolar 62"
0200448,2023,Armario 4
0200449,2021,"Escritorio 2, Mesa pupitre doble 30, Silla escolar 62"
0200449,2022,"Escritorio 7, Mesa inicial 4, Mesa pupitre doble 45, Silla escolar 94"
0200450,2022,"Mesa pupitre doble 50, Pizarrón 7, Silla escolar 100"
0200450,2023,Armario 2
0200452,2021,"Armario 4, Escritorio 4, Mesa pupitre doble 60"
0200452,2022,"Armario 4, Escritorio 1, Mesa pupitre doble 45, Pizarrón 3, Silla escolar 90"
0200453,2021,"Armario 3, Banco largo comedor 20, Mesa inicial 15, Silla escolar 90, Varios 60"
0200454,2022,"Escritorio 2, Mesa pupitre doble 30, Silla escolar 60"
0200455,2021,"Escritorio 4, Mesa pupitre doble 40, Mesa usos múltiples 4, Silla escolar 84"
0200455,2022,"Banco largo comedor 10, Mesa pupitre doble 45, Mesa usos múltiples 5, Silla escolar 90"
0200455,2023,"Banco largo comedor 20, Mesa usos múltiples 10"
0200457,2021,"Escritorio 2, Mesa pupitre doble 30, Silla escolar 92"
0200458,2023,"Armario 6, Banco largo comedor 32, Escritorio 7, Mesa pupitre doble 60, Mesa usos múltiples 16, Silla escolar 123"
0200459,2021,"Escritorio 2, Mesa inicial 10, Mesa pupitre doble 30, Silla escolar 122, Varios 40"
0200459,2022,"Banco largo comedor 16, Escritorio 2, Mesa pupitre doble 60, Mesa usos múltiples 8, Silla escolar 62"
0200460,2021,"Mesa inicial 4, Silla escolar 24"
0200460,2022,"Mesa pupitre doble 30, Silla escolar 60"
0200461,2023,"Escritorio 7, Mesa pupitre doble 65, Pizarrón 1, Silla escolar 137"
0200462,2022,"Mesa inicial 9, Pizarrón 8, Silla escolar 58"
0200464,2022,"Mesa inicial 10, Silla escolar 60"
0200465,2023,"Escritorio 5, Mesa pupitre doble 75, Pizarrón 5, Silla escolar 155"
0200466,2021,"Escritorio 3, Mesa pupitre doble 45, Pizarrón 3, Silla escolar 93"
0200466,2022,"Escritorio 2, Mesa pupitre doble 30, Pizarrón 2, Silla escolar 62"
0200466,2023,"Escritorio 2, Mesa pupitre doble 30, Pizarrón 2, Silla escolar 62"
0200467,2021,"Escritorio 4, Mesa pupitre doble 60, Pizarrón 4, Silla escolar 124"
0200467,2022,"Escritorio 4, Mesa pupitre doble 60, Pizarrón 4, Silla escolar 124"
0200467,2023,"Escritorio 3, Mesa pupitre doble 45, Pizarrón 3, Silla escolar 93"
0200468,2021,"Escritorio 2, Mesa pupitre doble 30, Pizarrón 2, Silla escolar 62"
0200468,2022,"Escritorio 2, Mesa pupitre doble 30, Pizarrón 2, Silla escolar 62"
0200468,2023,"Escritorio 2, Mesa pupitre doble 30, Pizarrón 2, Silla escolar 62"
0200469,2021,"Escritorio 4, Mesa pupitre doble 60, Mesa trabajo estante 4, Pizarrón 4, Silla escolar 124, Varios 8"
0200469,2022,"Escritorio 3, Mesa pupitre doble 45, Pizarrón 3, Silla escolar 145"
0200469,2023,"Escritorio 3, Mesa pupitre doble 45, Pizarrón 3, Silla escolar 93"
0200470,2022,"Escritorio 2, Mesa pupitre doble 30, Pizarrón 2, Silla escolar 62"
0200470,2023,"Escritorio 2, Mesa pupitre doble 30, Pizarrón 2, Silla escolar 62"
0200471,2021,"Escritorio 2, Mesa pupitre doble 30, Pizarrón 2, Silla escolar 62"
0200471,2022,"Escritorio 2, Mesa pupitre doble 30, Pizarrón 2, Silla escolar 62"
0200472,2021,"Mesa inicial 4, Silla escolar 46"
0200473,2021,"Armario 6, Mesa inicial 2, Silla escolar 12"
0200474,2022,"Mesa usos múltiples 2, Silla escolar 20"
0200475,2021,"Armario 4, Mesa usos múltiples 3, Pizarrón 10"
0200475,2022,Armario 10
0200476,2022,"Mesa usos múltiples 2, Pizarrón 8"
0200477,2021,"Armario 19, Escritorio 2, Mesa inicial 2, Mesa pupitre doble 30, Pizarrón 2, Silla escolar 76, Varios 10"
0200477,2022,Pizarrón 7
0200479,2021,"Armario 2, Escritorio 2, Mesa pupitre doble 30, Silla escolar 62"
0200481,2022,Armario 2
0200481,2023,Armario 2
0200496,2021,"Escritorio 3, Mesa pupitre doble 39, Silla escolar 75"
0200497,2022,"Armario 6, Escritorio 8, Mesa pupitre doble 50, Pizarrón 8, Silla escolar 108"
0200498,2021,"Banco largo comedor 30, Escritorio 4, Mesa pupitre doble 60, Mesa usos múltiples 15, Silla escolar 184"
0200498,2022,"Mesa inicial 3, Silla escolar 18"
0200498,2023,Pizarrón 4
0200502,2021,"Escritorio 3, Mesa pupitre doble 15, Silla escolar 93"
0200503,2021,Silla escolar 25
0200503,2023,"Banco largo comedor 50, Mesa pupitre doble 105, Mesa usos múltiples 25, Silla escolar 210"
0200504,2021,"Mesa inicial 6, Silla escolar 36"
0200505,2021,"Mesa inicial 10, Silla escolar 30, Varios 12"
0200505,2023,Piso antigolpe para juegos 120
0200506,2021,"Banco largo comedor 20, Escritorio 2, Mesa pupitre doble 35, Mesa usos múltiples 30, Silla escolar 62"
0200506,2022,"Armario 2, Silla escolar 25"
0200507,2021,"Mesa inicial 5, Silla escolar 30, Varios 4"
0200507,2022,"Banco largo comedor 10, Mesa pupitre doble 30, Mesa usos múltiples 5, Silla escolar 60"
0200508,2021,"Escritorio 2, Mesa inicial 5, Mesa integradora con escotadura 1, Mesa pupitre doble 30, Silla escolar 92, Varios 6"
0200508,2022,"Mesa pupitre doble 20, Silla escolar 40"
0200509,2021,"Mesa inicial 5, Silla escolar 30"
0200509,2022,"Escritorio 6, Mesa pupitre doble 90, Pizarrón 14, Silla escolar 186"
0200510,2022,"Escritorio 7, Mesa pupitre doble 30, Pizarrón 10, Silla escolar 90"
0200513,2021,"Escritorio 3, Mesa pupitre doble 45, Silla escolar 93"
0200513,2022,"Escritorio 1, Varios 1"
0200513,2023,"Armario 6, Banco largo comedor 40, Mesa pupitre doble 30, Mesa usos múltiples 20, Silla escolar 60"
0200514,2021,"Banco largo comedor 40, Escritorio 2, Mesa pupitre doble 30, Mesa usos múltiples 20, Silla escolar 62"
0200514,2022,"Mesa inicial 4, Silla escolar 24"
0200514,2023,"Mesa usos múltiples 2, Pizarrón 3"
0200515,2021,"Banco largo comedor 20, Mesa usos múltiples 10, Varios 4"
0200515,2022,"Armario 4, Escritorio 2, Mesa pupitre doble 30, Silla escolar 30, Varios 4"
0200516,2021,"Banco largo comedor 40, Escritorio 2, Mesa inicial 5, Mesa pupitre doble 30, Mesa usos múltiples 20, Silla escolar 92, Varios 20"
0200516,2022,"Escritorio 2, Mesa pupitre doble 30, Pizarrón 2, Silla escolar 62"
0200517,2021,"Mesa inicial 5, Silla escolar 30, Varios 20"
0200518,2021,"Armario 4, Escritorio 1, Mesa inicial 9, Mesa pupitre doble 15, Pizarrón 7, Silla escolar 31"
0200519,2021,"Mesa trabajo estante 12, Varios 24"
0200521,2021,"Escritorio 3, Mesa pupitre doble 45, Pizarrón 3, Silla escolar 106"
0200521,2022,"Escritorio 3, Mesa pupitre doble 45, Pizarrón 3, Silla escolar 93"
0200523,2023,"Escritorio 1, Mesa pupitre doble 15, Pizarrón 1, Silla escolar 31"
0200524,2021,"Armario 18, Mesa pupitre doble 15, Pizarrón 8, Silla escolar 50"
0200525,2021,"Escritorio 4, Mesa pupitre doble 60, Pizarrón 4"
0200525,2022,"Escritorio 5, Mesa pupitre doble 75, Pizarrón 5, Silla escolar 155"
0200525,2023,"Escritorio 5, Mesa pupitre doble 75, Pizarrón 5, Silla escolar 155"
0200526,2021,"Escritorio 4, Mesa pupitre doble 44, Silla escolar 92, Varios 3"
0200526,2023,"Escritorio 5, Mesa pupitre doble 75, Pizarrón 5, Silla escolar 155"
0200527,2022,"Escritorio 2, Mesa pupitre doble 30, Pizarrón 2, Silla escolar 62"
0200527,2023,"Escritorio 2, Mesa pupitre doble 30, Pizarrón 2, Silla escolar 62"
0200528,2023,"Escritorio 20, Mesa pupitre doble 300, Pizarrón 20, Silla escolar 620"
0200529,2021,"Escritorio 2, Mesa pupitre doble 30, Pizarrón 2, Silla escolar 62"
0200529,2022,"Escritorio 2, Mesa pupitre doble 30, Pizarrón 2, Silla escolar 62"
0200529,2023,"Mesa pupitre doble 45, Silla escolar 93"
0200530,2021,"Escritorio 4, Mesa pupitre doble 60, Pizarrón 4"
0200530,2022,"Escritorio 3, Mesa pupitre doble 45, Pizarrón 3, Silla escolar 93"
0200530,2023,"Escritorio 3, Mesa pupitre doble 45, Pizarrón 3, Silla escolar 93"
0200531,2021,"Escritorio 2, Mesa pupitre doble 30, Silla escolar 62"
0200531,2022,Armario 8
0200532,2021,"Armario 10, Escritorio 7, Mesa pupitre doble 105, Pizarrón 11, Silla escolar 217, Varios 10"
0200532,2022,"Escritorio 7, Mesa pupitre doble 105, Pizarrón 7, Silla escolar 217"
0200533,2021,"Armario 7, Mesa inicial 11, Silla escolar 66"
0200533,2023,Escritorio 2
0200549,2022,"Banco largo comedor 4, Escritorio 4, Mesa pupitre doble 40, Mesa usos múltiples 2, Silla escolar 80"
0200549,2023,"Mesa inicial 8, Mesa pupitre doble 20, Silla escolar 100"
0200550,2022,Escritorio 4
0200550,2023,"Mesa inicial 5, Mesa pupitre doble 48, Silla escolar 116"
0200551,2023,"Mesa inicial 5, Silla escolar 25"
0200555,2021,Pizarrón 3
0200555,2022,"Mesa pupitre doble 45, Silla escolar 90"
0200558,2021,"Armario 4, Mesa inicial 5, Silla escolar 30"
0200561,2021,"Mesa inicial 4, Pizarrón 2"
0200561,2022,Silla escolar 24
0200562,2021,"Escritorio 4, Mesa pupitre doble 80, Mesa trabajo estante 6, Pizarrón 2, Silla escolar 144, Varios 12"
0200562,2022,"Escritorio 3, Mesa pupitre doble 68, Pizarrón 2, Silla escolar 134"
0200562,2023,"Escritorio 2, Mesa pupitre doble 30, Pizarrón 2, Silla escolar 62"
0200563,2021,"Armario 3, Escritorio 4, Mesa pupitre doble 90, Pizarrón 2"
0200563,2022,Pizarrón 11
0200565,2023,"Armario 9, Escritorio 4, Mesa inicial 15, Silla escolar 87"
0200567,2022,Banco largo comedor 30
0200568,2022,"Escritorio 1, Mesa pupitre doble 12, Silla escolar 25"
0200570,2022,"Banco largo comedor 20, Mesa usos múltiples 10, Silla escolar 48"
0200571,2022,"Escritorio 3, Mesa pupitre doble 45, Pizarrón 3, Silla escolar 93"
0200571,2023,"Escritorio 4, Mesa pupitre doble 60, Pizarrón 4, Silla escolar 124"
0200572,2021,"Escritorio 6, Mesa pupitre doble 90, Pizarrón 6, Silla escolar 186"
0200572,2022,"Escritorio 4, Mesa pupitre doble 60, Pizarrón 4"
0200572,2023,"Escritorio 5, Mesa pupitre doble 75, Pizarrón 5, Silla escolar 155"
0200574,2021,"Escritorio 5, Mesa pupitre doble 75, Pizarrón 5, Silla escolar 155"
0200574,2022,"Escritorio 1, Mesa pupitre doble 15, Pizarrón 1, Silla escolar 31"
0200575,2021,Mesa pupitre doble 30
0200575,2022,"Escritorio 4, Mesa pupitre doble 60, Pizarrón 4, Silla escolar 124"
0200575,2023,"Escritorio 3, Mesa pupitre doble 45, Pizarrón 3, Silla escolar 93"
0200576,2021,"Mesa inicial 7, Silla escolar 42"
0200582,2021,"Escritorio 2, Mesa pupitre doble 30, Silla escolar 62"
0200584,2022,"Banco largo comedor 30, Escritorio 2, Mesa pupitre doble 30, Mesa usos múltiples 15, Pizarrón 9, Silla escolar 60"
0200585,2021,"Mesa pupitre doble 44, Silla escolar 88"
0200586,2021,Mesa inicial 12
0200586,2022,Silla escolar 40
0200586,2023,"Armario 20, Escritorio 14, Pizarrón 28"
0200587,2021,"Armario 4, Mesa inicial 5, Silla escolar 30"
0200587,2023,"Banco largo comedor 16, Mesa pupitre doble 90, Mesa usos múltiples 8, Silla escolar 180"
0200588,2023,"Armario 3, Escritorio 3, Silla escolar 9"
0200589,2021,Pizarrón 5
0200589,2022,"Escritorio 5, Mesa pupitre doble 75, Pizarrón 5, Silla escolar 155"
0200590,2021,Armario 8
0200590,2022,"Banco largo comedor 20, Mesa pupitre doble 45, Mesa usos múltiples 10, Silla escolar 90"
0200591,2021,Varios 30
0200591,2022,"Escritorio 9, Mesa pupitre doble 30, Silla escolar 70, Varios 3"
0200593,2022,"Armario 6, Escritorio 3, Mesa inicial 5, Mesa pupitre doble 45, Silla escolar 120"
0200593,2023,Juego de patio 1
0200595,2023,Pizarrón 12
0200596,2022,"Mesa pupitre doble 20, Pizarrón 4"
0200597,2021,Banco largo comedor 25
0200597,2022,"Banco largo comedor 4, Mesa pupitre doble 45, Mesa usos múltiples 2, Silla escolar 90"
0200599,2022,"Escritorio 2, Mesa pupitre doble 30, Pizarrón 7, Silla escolar 62"
0200600,2021,"Banco largo comedor 20, Mesa usos múltiples 10"
0200601,2021,"Banco largo comedor 4, Escritorio 2, Mesa inicial 10, Mesa pupitre doble 15, Mesa usos múltiples 7, Pizarrón 5, Silla escolar 94"
0200601,2022,"Mesa pupitre doble 24, Mesa usos múltiples 12, Pizarrón 18, Silla escolar 148"
0200602,2021,Mesa inicial 4
0200604,2022,"Juego de patio 2, Mesa inicial 30, Pizarrón 16, Silla escolar 180"
0200605,2022,"Armario 2, Mesa inicial 4, Silla escolar 6"
0200606,2023,"Escritorio 5, Mesa pupitre doble 75, Pizarrón 5, Silla escolar 155"
0200607,2023,"Escritorio 3, Mesa pupitre doble 45, Pizarrón 3, Silla escolar 93"
0200608,2021,Pizarrón 2
0200608,2022,"Armario 4, Pizarrón 10, Silla escolar 5"
0200608,2023,"Escritorio 2, Mesa pupitre doble 30, Pizarrón 2, Silla escolar 62"
0200611,2021,"Armario 5, Mesa pupitre doble 30, Mesa usos múltiples 3, Pizarrón 10, Silla escolar 60"
0200611,2022,"Banco largo comedor 12, Mesa usos múltiples 6"
0200618,2021,"Escritorio 5, Mesa pupitre doble 69, Silla escolar 141"
0200618,2022,"Banco largo comedor 80, Mesa pupitre doble 60, Mesa usos múltiples 40, Silla escolar 120"
0200619,2023,Armario 7
0200621,2022,"Banco largo comedor 40, Mesa pupitre doble 30, Mesa usos múltiples 20, Silla escolar 60"
0200622,2022,"Armario 3, Escritorio 3, Mesa pupitre doble 60, Pizarrón 14, Silla escolar 120"
0200623,2023,"Mesa inicial 10, Silla escolar 60"
0200625,2021,"Escritorio 3, Mesa pupitre doble 95, Silla escolar 75"
0200625,2022,Armario 5
0200626,2021,"Banco largo comedor 20, Mesa inicial 3, Mesa usos múltiples 10, Silla escolar 10"
0200626,2023,"Armario 2, Mesa inicial 10, Silla escolar 60"
0200627,2021,"Mesa pupitre doble 45, Pizarrón 13"
0200627,2022,"Armario 4, Escritorio 8, Mesa pupitre doble 30, Silla escolar 60"
0200628,2022,"Juego de patio 1, Piso antigolpe para juegos 60"
0200628,2023,Silla escolar 56
0200629,2021,Mesa inicial 6
0200629,2022,"Armario 6, Mesa inicial 12, Mesa pupitre doble 30, Silla escolar 155"
0200629,2023,"Armario 6, Escritorio 4, Mesa pupitre doble 15, Silla escolar 60"
0200630,2021,"Mesa inicial 8, Pizarrón 2, Silla escolar 48"
0200630,2022,"Escritorio 4, Mesa pupitre doble 26, Pizarrón 10, Silla escolar 108"
0200631,2021,Pizarrón 2
0200632,2021,"Escritorio 3, Mesa inicial 10, Mesa pupitre doble 36, Pizarrón 2, Silla escolar 136"
0200633,2021,Armario 4
0200633,2022,"Armario 4, Banco largo comedor 6, Escritorio 3, Juego de patio 1, Mesa pupitre doble 45, Mesa usos múltiples 3, Piso antigolpe para juegos 60, Pizarrón 12, Silla escolar 93"
0200634,2022,"Armario 4, Mesa pupitre doble 44, Pizarrón 4, Silla escolar 90"
0200634,2023,"Mesa inicial 5, Silla escolar 30"
0200635,2022,"Banco largo comedor 8, Mesa usos múltiples 4"
0200635,2023,"Mesa inicial 5, Silla escolar 30"
0200636,2021,"Mesa inicial 10, Pizarrón 2, Silla escolar 50"
0200636,2022,"Armario 6, Escritorio 2, Mesa pupitre doble 24, Pizarrón 7, Silla escolar 48"
0200637,2021,Armario 6
0200639,2021,"Armario 13, Escritorio 5, Mesa integradora con escotadura 3, Mesa pupitre doble 65, Silla escolar 135, Varios 1"
0200639,2022,"Mesa integradora con escotadura 1, Mesa pupitre doble 44, Silla escolar 88"
0200640,2021,"Armario 4, Escritorio 4, Mesa pupitre doble 30, Pizarrón 2, Silla escolar 124"
0200641,2022,"Escritorio 3, Mesa pupitre doble 45, Pizarrón 3, Silla escolar 93"
0200641,2023,"Escritorio 3, Mesa pupitre doble 45, Pizarrón 3, Silla escolar 93"
0200642,2021,"Escritorio 2, Mesa pupitre doble 30, Pizarrón 2, Silla escolar 62"
0200642,2022,"Escritorio 2, Mesa pupitre doble 30, Pizarrón 2, Silla escolar 62"
0200642,2023,"Escritorio 2, Mesa pupitre doble 30, Pizarrón 2, Silla escolar 62"
0200643,2021,"Escritorio 2, Mesa pupitre doble 30, Silla escolar 62, Varios 12"
0200643,2022,"Armario 9, Escritorio 2, Mesa pupitre doble 30, Silla escolar 62"
0200643,2023,"Escritorio 7, Mesa pupitre doble 105, Silla escolar 217"
0200644,2022,"Mesa pupitre doble 105, Pizarrón 7, Silla escolar 247"
0200644,2023,"Escritorio 5, Mesa pupitre doble 75, Pizarrón 5, Silla escolar 155"
0200645,2021,"Escritorio 3, Mesa pupitre doble 45, Pizarrón 3, Silla escolar 93"
0200645,2022,"Escritorio 3, Mesa pupitre doble 51, Pizarrón 3, Silla escolar 105"
0200645,2023,"Escritorio 3, Mesa pupitre doble 45, Pizarrón 3, Silla escolar 93"
0200647,2021,"Escritorio 4, Mesa pupitre doble 60, Pizarrón 4, Silla escolar 124"
0200647,2022,"Escritorio 4, Mesa pupitre doble 76, Pizarrón 4, Silla escolar 156"
0200647,2023,"Escritorio 3, Mesa pupitre doble 45, Pizarrón 3, Silla escolar 93"
0200648,2022,"Armario 3, Juego de patio 1, Mesa inicial 10, Piso antigolpe para juegos 60, Silla escolar 60"
0200650,2021,Pizarrón 4
0200650,2022,"Escritorio 2, Mesa pupitre doble 30, Pizarrón 2, Silla escolar 178"
0200650,2023,"Escritorio 2, Locker 20, Mesa pupitre doble 30, Pizarrón 2, Silla escolar 62"
0200657,2021,"Banco largo comedor 8, Mesa usos múltiples 4"
0200658,2022,"Banco largo comedor 10, Escritorio 2, Mesa pupitre doble 30, Mesa usos múltiples 5, Pizarrón 2, Silla escolar 62"
0200659,2021,"Armario 4, Banco largo comedor 32, Mesa inicial 5, Mesa usos múltiples 16"
0200659,2022,"Armario 1, Mesa inicial 5, Pizarrón 2, Silla escolar 60"
0200659,2023,"Escritorio 7, Mesa pupitre doble 67, Silla escolar 141"
0200661,2022,"Armario 1, Mesa inicial 5, Pizarrón 2, Silla escolar 30"
0200662,2023,Mesa usos múltiples 7
0200663,2021,"Banco largo comedor 40, Mesa usos múltiples 20"
0200666,2021,"Mesa inicial 17, Silla escolar 102"
0200666,2022,"Escritorio 3, Mesa pupitre doble 31, Silla escolar 65"
0200669,2021,"Armario 4, Escritorio 2, Mesa inicial 10, Mesa pupitre doble 30, Pizarrón 3, Silla escolar 122"
0200669,2022,Armario 2
0200670,2021,"Banco largo comedor 44, Escritorio 2, Mesa pupitre doble 24, Silla escolar 50"
0200670,2022,Pizarrón 1
0200671,2021,"Banco largo comedor 18, Mesa usos múltiples 5"
0200672,2022,"Armario 1, Mesa inicial 5, Pizarrón 2, Silla escolar 30"
0200673,2022,"Banco largo comedor 16, Mesa inicial 7, Mesa usos múltiples 8, Silla escolar 42"
0200674,2022,"Escritorio 4, Silla escolar 34"
0200675,2023,"Banco largo comedor 40, Mesa usos múltiples 20"
0200676,2021,"Mesa inicial 15, Pizarrón 4, Silla escolar 90"
0200678,2021,"Mesa inicial 5, Silla escolar 30"
0200679,2021,"Escritorio 4, Mesa pupitre doble 60, Pizarrón 2, Silla escolar 124"
0200679,2022,"Escritorio 2, Mesa pupitre doble 30, Pizarrón 2, Silla escolar 62"
0200679,2023,"Escritorio 2, Mesa pupitre doble 30, Pizarrón 2, Silla escolar 62"
0200681,2022,"Mesa inicial 12, Pizarrón 16, Silla escolar 72"
0200682,2023,"Mesa inicial 5, Silla escolar 40"
0200683,2021,"Escritorio 2, Mesa pupitre doble 30, Silla escolar 62"
0200683,2022,"Escritorio 3, Mesa pupitre doble 45, Pizarrón 3, Silla escolar 93"
0200683,2023,"Escritorio 2, Mesa pupitre doble 30, Pizarrón 2, Silla escolar 62"
0200684,2021,"Armario 2, Escritorio 2, Mesa pupitre doble 30, Pizarrón 2, Silla escolar 62"
0200684,2022,"Escritorio 3, Mesa pupitre doble 45, Pizarrón 3, Silla escolar 93"
0200684,2023,"Escritorio 2, Mesa pupitre doble 30, Pizarrón 2, Silla escolar 62"
0200687,2023,"Escritorio 2, Mesa pupitre doble 30, Pizarrón 2, Silla escolar 62"
0200689,2021,"Armario 4, Escritorio 2, Mesa pupitre doble 30, Silla escolar 62"
0200689,2023,"Escritorio 1, Mesa pupitre doble 15, Pizarrón 1, Silla escolar 31"
0200691,2021,Varios 8
0200703,2021,"Banco largo comedor 10, Mesa usos múltiples 5"
0200704,2021,"Banco largo comedor 20, Mesa usos múltiples 10"
0200707,2021,"Banco largo comedor 42, Mesa usos múltiples 25"
0200708,2021,"Armario 4, Escritorio 4, Mesa pupitre doble 60, Silla escolar 123"
0200711,2021,"Armario 8, Escritorio 3, Mesa inicial 10, Mesa pupitre doble 45, Piso antigolpe para juegos 64, Pizarrón 7, Silla escolar 153, Varios 40"
0200711,2022,"Banco largo comedor 100, Mesa usos múltiples 25"
0200712,2022,"Mesa pupitre doble 61, Silla escolar 122"
0200714,2021,"Banco largo comedor 8, Mesa usos múltiples 4, Pizarrón 4"
0200714,2022,"Armario 2, Escritorio 3, Mesa inicial 10, Silla escolar 63"
0200716,2021,"Armario 4, Silla escolar 124"
0200718,2022,"Armario 2, Escritorio 2, Mesa pupitre doble 52, Silla escolar 153"
0200719,2022,"Armario 8, Banco largo comedor 18, Mesa usos múltiples 9"
0200720,2021,"Banco largo comedor 8, Mesa usos múltiples 4"
0200723,2022,"Banco largo comedor 12, Escritorio 2, Mesa pupitre doble 30, Pizarrón 2, Silla escolar 62"
0200723,2023,"Banco largo comedor 44, Mesa usos múltiples 22"
0200724,2021,"Armario 10, Escritorio 10, Mesa pupitre doble 5, Pizarrón 4, Silla escolar 110"
0200726,2021,"Escritorio 6, Mesa pupitre doble 90, Pizarrón 6, Silla escolar 186"
0200726,2022,"Escritorio 3, Mesa pupitre doble 45, Pizarrón 3, Silla escolar 93"
0200726,2023,"Escritorio 3, Mesa pupitre doble 45, Pizarrón 3, Silla escolar 93"
0200727,2021,"Escritorio 3, Mesa pupitre doble 45, Pizarrón 3, Silla escolar 93"
0200727,2022,"Escritorio 3, Mesa pupitre doble 45, Pizarrón 3, Silla escolar 93"
0200727,2023,"Escritorio 2, Mesa pupitre doble 30, Pizarrón 2, Silla escolar 62"
0200728,2021,"Escritorio 1, Mesa pupitre doble 15, Pizarrón 1, Silla escolar 31"
0200728,2022,"Escritorio 1, Mesa pupitre doble 15, Pizarrón 1, Silla escolar 31"
0200728,2023,"Escritorio 1, Mesa pupitre doble 15, Pizarrón 1, Silla escolar 31"
0200729,2021,"Armario 14, Banco largo comedor 4, Escritorio 2, Mesa inicial 2, Mesa pupitre doble 2, Mesa usos múltiples 2, Pizarrón 2, Silla escolar 20, Varios 5"
0200736,2021,"Mesa inicial 2, Silla escolar 8"
0200740,2022,"Armario 4, Escritorio 4, Mesa inicial 3, Mesa pupitre doble 12, Pizarrón 16, Silla escolar 76"
0200741,2021,Pizarrón 15
0200741,2023,"Mesa pupitre doble 24, Silla escolar 48"
0200742,2021,Banco largo comedor 54
0200743,2021,"Banco largo comedor 90, Mesa usos múltiples 45"
0200744,2021,"Banco largo comedor 10, Mesa integradora con escotadura 1, Mesa usos múltiples 5"
0200748,2021,Mesa usos múltiples 3
0200748,2023,"Mesa pupitre doble 36, Silla escolar 72"
0200749,2022,"Escritorio 4, Mesa pupitre doble 52, Silla escolar 108, Varios 2"
0200750,2021,"Banco largo comedor 24, Mesa usos múltiples 12"
0200752,2022,"Armario 2, Mesa inicial 8, Silla escolar 48"
0200752,2023,"Armario 4, Mesa pupitre doble 52, Mesa usos múltiples 4, Silla escolar 104"
0200753,2022,"Armario 4, Escritorio 3, Mesa inicial 4, Pizarrón 3, Silla escolar 27"
0200756,2021,"Banco largo comedor 10, Mesa usos múltiples 5"
0200757,2021,"Banco largo comedor 30, Mesa pupitre doble 30, Mesa usos múltiples 15, Silla escolar 62"
0200759,2021,"Banco largo comedor 114, Mesa usos múltiples 50"
0200759,2023,"Armario 4, Mesa usos múltiples 3, Pizarrón 12, Silla escolar 25"
0200760,2021,"Banco largo comedor 48, Mesa usos múltiples 24"
0200760,2022,"Mesa pupitre doble 60, Silla escolar 120"
0200762,2021,"Pizarrón 1, Silla escolar 248"
0200762,2022,"Escritorio 3, Mesa pupitre doble 15, Pizarrón 6, Silla escolar 60"
0200762,2023,"Escritorio 2, Mesa pupitre doble 30, Pizarrón 2, Silla escolar 62"
0200763,2021,"Armario 30, Escritorio 2, Mesa pupitre doble 30, Pizarrón 5, Silla escolar 62"
0200765,2021,"Armario 10, Escritorio 7, Mesa inicial 2, Mesa pupitre doble 18, Pizarrón 9, Silla escolar 37"
0200765,2022,Silla escolar 12
0200766,2023,"Escritorio 2, Mesa pupitre doble 30, Pizarrón 2, Silla escolar 62"
0200768,2021,Mesa usos múltiples 10
0200768,2022,"Mesa inicial 5, Silla escolar 30"
0200768,2023,Armario 2
0200769,2022,"Armario 2, Escritorio 4, Mesa pupitre doble 30, Silla escolar 64"
0200770,2022,"Mesa inicial 5, Silla escolar 30"
0200771,2021,"Mesa inicial 10, Silla escolar 60"
0200771,2022,"Banco largo comedor 6, Mesa usos múltiples 9"
0200774,2021,"Escritorio 3, Mesa pupitre doble 45, Silla escolar 93"
0200774,2022,"Mesa inicial 5, Silla escolar 30"
0200776,2021,"Mesa inicial 5, Silla escolar 30"
0200776,2022,"Escritorio 2, Mesa pupitre doble 30, Silla escolar 62"
0200777,2022,"Mesa inicial 8, Silla escolar 48"
0200779,2021,"Mesa inicial 5, Silla escolar 30"
0200779,2022,"Armario 17, Mesa inicial 5, Silla escolar 19"
0200780,2021,"Escritorio 2, Mesa pupitre doble 30, Silla escolar 62"
0200783,2022,"Escritorio 2, Mesa pupitre doble 25, Silla escolar 60"
0200784,2021,"Armario 6, Mesa inicial 5, Pizarrón 1, Silla escolar 30"
0200784,2022,"Banco largo comedor 40, Mesa usos múltiples 20"
0200785,2023,"Banco largo comedor 36, Mesa usos múltiples 18"
0200786,2022,"Armario 3, Banco largo comedor 26, Escritorio 1, Mesa inicial 8, Mesa pupitre doble 30, Mesa usos múltiples 13, Silla escolar 145"
0200787,2021,"Mesa inicial 5, Silla escolar 30"
0200788,2022,"Armario 4, Escritorio 3, Mesa pupitre doble 30, Pizarrón 6, Silla escolar 60"
0200789,2021,"Mesa inicial 5, Silla escolar 30"
0200789,2023,"Armario 6, Banco largo comedor 30, Escritorio 5, Mesa pupitre doble 30, Mesa usos múltiples 15, Silla escolar 65"
0200790,2021,"Escritorio 3, Mesa pupitre doble 45, Pizarrón 3, Silla escolar 93"
0200790,2022,"Escritorio 3, Pizarrón 3, Silla escolar 93"
0200790,2023,"Escritorio 3, Mesa pupitre doble 45, Pizarrón 3, Silla escolar 93"
0200791,2021,"Armario 1, Escritorio 2, Mesa pupitre doble 30, Silla escolar 62"
0200791,2023,"Escritorio 3, Mesa pupitre doble 65, Pizarrón 3, Silla escolar 133"
0200792,2021,"Escritorio 2, Mesa pupitre doble 30, Mesa trabajo estante 4, Pizarrón 2, Silla escolar 62, Varios 8"
0200792,2022,"Escritorio 1, Mesa pupitre doble 15, Pizarrón 1, Silla escolar 31"
0200792,2023,"Escritorio 1, Mesa pupitre doble 15, Silla escolar 31"
0200793,2021,"Escritorio 5, Mesa pupitre doble 75, Pizarrón 5, Silla escolar 155, Varios 12"
0200793,2022,"Escritorio 6, Mesa pupitre doble 90, Silla escolar 186"
0200793,2023,"Escritorio 6, Mesa pupitre doble 90, Pizarrón 6, Silla escolar 186"
0200794,2021,"Escritorio 2, Mesa pupitre doble 30, Silla escolar 62"
0200794,2023,"Escritorio 2, Mesa pupitre doble 30, Pizarrón 2, Silla escolar 62"
0200795,2021,"Escritorio 5, Mesa pupitre doble 75, Pizarrón 3, Silla escolar 155"
0200795,2022,"Banco largo comedor 8, Escritorio 3, Mesa pupitre doble 90, Mesa usos múltiples 4, Pizarrón 3, Silla escolar 93"
0200795,2023,"Escritorio 3, Mesa pupitre doble 45, Pizarrón 3, Silla escolar 93"
0200796,2021,"Armario 30, Banco largo comedor 40, Biblioteca 4, Escritorio 25, Mesa pupitre doble 168, Mesa trabajo estante 6, Mesa usos múltiples 28, Pizarrón 25, Silla escolar 1592, Varios 7"
0200796,2022,"Armario 6, Escritorio 2, Mesa pupitre doble 30, Silla escolar 806"
0200796,2023,"Escritorio 1, Mesa pupitre doble 15, Pizarrón 1, Silla escolar 31"
0200797,2021,"Escritorio 2, Mesa pupitre doble 30, Silla escolar 58"
0200798,2022,"Mesa inicial 5, Silla escolar 15"
0200800,2021,"Escritorio 1, Mesa pupitre doble 30, Silla escolar 61"
0200805,2022,"Banco largo comedor 100, Mesa pupitre doble 90, Mesa usos múltiples 25, Pizarrón 7, Silla escolar 186"
0200806,2021,"Armario 10, Pizarrón 4"
0200807,2022,"Banco largo comedor 11, Mesa pupitre doble 30, Mesa usos múltiples 17, Silla escolar 60"
0200808,2021,"Escritorio 3, Mesa integradora con escotadura 1, Mesa pupitre doble 30, Pizarrón 3, Silla escolar 63"
0200808,2022,"Banco largo comedor 48, Mesa pupitre doble 30, Mesa usos múltiples 24, Silla escolar 60"
0200809,2021,"Armario 4, Escritorio 4, Mesa pupitre doble 60, Pizarrón 10, Silla escolar 124"
0200810,2021,"Armario 3, Banco largo comedor 42, Mesa usos múltiples 21"
0200810,2022,Silla escolar 10
0200811,2021,"Banco largo comedor 6, Mesa usos múltiples 3"
0200812,2021,"Banco largo comedor 16, Mesa usos múltiples 8"
0200812,2022,"Armario 3, Escritorio 5, Mesa pupitre doble 30, Silla escolar 65"
0200813,2021,"Armario 3, Banco largo comedor 26, Escritorio 2, Mesa pupitre doble 30, Pizarrón 7, Silla escolar 62"
0200813,2022,"Escritorio 3, Mesa pupitre doble 45, Pizarrón 3, Silla escolar 78"
0200815,2022,"Banco largo comedor 50, Mesa pupitre doble 60, Mesa usos múltiples 25, Silla escolar 120"
0200816,2021,Mesa inicial 4
0200816,2022,"Mesa inicial 8, Silla escolar 60"
0200817,2021,"Armario 8, Escritorio 6, Mesa pupitre doble 90, Silla escolar 186"
0200817,2022,"Armario 4, Banco largo comedor 88, Mesa inicial 10, Mesa pupitre doble 45, Mesa usos múltiples 44, Silla escolar 150"
0200818,2021,"Banco largo comedor 4, Mesa usos múltiples 2"
0200819,2022,"Mesa pupitre doble 36, Pizarrón 18, Silla escolar 73"
0200819,2023,"Escritorio 5, Mesa pupitre doble 25, Silla escolar 55"
0200821,2022,"Banco largo comedor 52, Escritorio 3, Mesa pupitre doble 53, Mesa usos múltiples 25, Silla escolar 114"
0200822,2022,Armario 2
0200823,2022,"Mesa pupitre doble 30, Silla escolar 60"
0200825,2021,"Armario 4, Silla escolar 6"
0200827,2022,"Escritorio 4, Mesa pupitre doble 60, Pizarrón 4"
0200827,2023,"Escritorio 4, Mesa pupitre doble 60, Pizarrón 4, Silla escolar 124"
0200828,2021,"Escritorio 2, Mesa pupitre doble 30, Silla escolar 62"
0200828,2023,"Escritorio 3, Mesa pupitre doble 45, Pizarrón 3, Silla escolar 93"
0200829,2021,"Banco largo comedor 38, Escritorio 7, Mesa pupitre doble 75, Pizarrón 3, Silla escolar 154"
0200829,2022,"Escritorio 2, Mesa pupitre doble 52, Pizarrón 2, Silla escolar 107"
0200829,2023,"Escritorio 2, Mesa pupitre doble 30, Pizarrón 2, Silla escolar 62"
0200830,2021,"Armario 6, Escritorio 4, Mesa pupitre doble 60, Pizarrón 9, Silla escolar 124"
0200830,2022,"Escritorio 4, Mesa pupitre doble 60, Pizarrón 3"
0200830,2023,"Escritorio 3, Mesa pupitre doble 45, Pizarrón 3, Silla escolar 93"
0200831,2021,"Escritorio 5, Mesa pupitre doble 75, Pizarrón 5, Silla escolar 155"
0200831,2022,"Escritorio 3, Mesa pupitre doble 45, Pizarrón 3, Silla escolar 93"
0200831,2023,"Escritorio 2, Mesa pupitre doble 30, Pizarrón 2, Silla escolar 62"
0200832,2021,"Escritorio 4, Mesa pupitre doble 50, Silla escolar 104"
0200832,2022,"Escritorio 7, Mesa pupitre doble 105, Pizarrón 7, Silla escolar 93"
0200832,2023,"Escritorio 7, Locker 20, Mesa pupitre doble 105, Pizarrón 7, Silla escolar 217"
0200833,2021,"Armario 30, Escritorio 2, Mesa inicial 5, Mesa pupitre doble 30, Silla escolar 98"
0200834,2021,"Pizarrón 2, Silla escolar 20"
0200839,2022,"Escritorio 3, Mesa pupitre doble 45, Pizarrón 3, Silla escolar 93"
0200839,2023,"Escritorio 3, Mesa pupitre doble 45, Pizarrón 3, Silla escolar 93"
0200844,2023,"Mesa inicial 5, Silla escolar 36"
0200846,2021,"Banco largo comedor 14, Mesa usos múltiples 7"
0200847,2021,"Banco largo comedor 10, Mesa usos múltiples 5"
0200848,2022,Pizarrón 14
0200849,2021,"Armario 7, Escritorio 2, Mesa pupitre doble 30, Silla escolar 62"
0200850,2022,"Armario 6, Mesa pupitre doble 60, Pizarrón 9, Silla escolar 129"
0200851,2021,"Escritorio 1, Mesa pupitre doble 60, Silla escolar 62"
0200851,2022,"Armario 5, Mesa inicial 4, Pizarrón 4, Silla escolar 24"
0200853,2021,Pizarrón 10
0200853,2022,Armario 4
0200854,2021,"Escritorio 2, Mesa pupitre doble 30, Silla escolar 62"
0200855,2021,"Escritorio 3, Mesa inicial 5, Mesa integradora con escotadura 1, Mesa pupitre doble 45, Pizarrón 20, Silla escolar 123"
0200855,2022,Armario 2
0200856,2021,"Mesa inicial 28, Silla escolar 168"
0200857,2022,"Escritorio 3, Mesa pupitre doble 45, Silla escolar 93"
0200860,2021,"Banco largo comedor 140, Mesa inicial 10, Mesa pupitre doble 50, Mesa usos múltiples 70, Pizarrón 5, Silla escolar 160"
0200860,2022,"Armario 4, Escritorio 2, Mesa pupitre doble 45, Pizarrón 11, Silla escolar 90"
0200862,2021,"Armario 14, Escritorio 2, Mesa pupitre doble 30, Pizarrón 26, Silla escolar 62"
0200863,2021,"Escritorio 3, Mesa pupitre doble 45, Pizarrón 3, Silla escolar 93"
0200863,2022,"Escritorio 3, Mesa pupitre doble 45, Pizarrón 3, Silla escolar 93"
0200863,2023,"Escritorio 2, Mesa pupitre doble 30, Pizarrón 2, Silla escolar 62"
0200864,2021,"Banco largo comedor 70, Mesa integradora con escotadura 1, Mesa usos múltiples 35, Pizarrón 3"
0200864,2022,Pizarrón 15
0200864,2023,Armario 4
0200865,2021,"Armario 4, Mesa inicial 5"
0200865,2022,Silla escolar 30
0200868,2021,"Armario 5, Mesa inicial 8"
0200868,2022,Silla escolar 48
0200870,2021,"Escritorio 9, Mesa pupitre doble 75, Pizarrón 5, Silla escolar 207"
0200870,2022,"Escritorio 4, Mesa pupitre doble 66, Pizarrón 4, Silla escolar 136"
0200870,2023,"Escritorio 1, Mesa pupitre doble 15, Pizarrón 1, Silla escolar 31"
0200871,2021,"Escritorio 3, Mesa inicial 14, Mesa pupitre doble 52, Silla escolar 177"
0200871,2022,"Escritorio 3, Mesa pupitre doble 45, Pizarrón 3, Silla escolar 93"
0200871,2023,"Escritorio 2, Mesa pupitre doble 30, Pizarrón 2, Silla escolar 62"
0200872,2021,Silla escolar 40
0200874,2021,"Escritorio 2, Mesa pupitre doble 30, Pizarrón 2, Silla escolar 62"
0200874,2022,"Escritorio 2, Mesa pupitre doble 33, Pizarrón 2, Silla escolar 68"
0200874,2023,"Escritorio 2, Mesa pupitre doble 30, Pizarrón 2, Silla escolar 62"
0200885,2021,"Mesa trabajo estante 8, Varios 16"
0200886,2021,"Escritorio 4, Mesa pupitre doble 60, Pizarrón 4, Silla escolar 124"
0200886,2022,"Escritorio 4, Mesa pupitre doble 60, Pizarrón 4, Silla escolar 124"
0200886,2023,"Escritorio 3, Mesa pupitre doble 45, Pizarrón 3, Silla escolar 93"
0200887,2021,"Armario 20, Escritorio 2, Mesa pupitre doble 30, Pizarrón 2, Silla escolar 62"
0200887,2022,"Escritorio 2, Mesa pupitre doble 30, Pizarrón 2, Silla escolar 62"
0200887,2023,"Escritorio 2, Mesa pupitre doble 30, Pizarrón 2, Silla escolar 62"
0200898,2021,"Armario 5, Escritorio 2, Mesa pupitre doble 30, Pizarrón 2, Silla escolar 62"
0200899,2021,"Armario 8, Escritorio 7, Mesa pupitre doble 186, Silla escolar 287"
0200899,2023,Pizarrón 8
0200900,2021,Pizarrón 2
0200902,2021,"Escritorio 2, Mesa pupitre doble 30, Silla escolar 62"
0200903,2021,"Banco largo comedor 60, Mesa pupitre doble 24, Mesa usos múltiples 30, Pizarrón 12"
0200903,2022,"Armario 44, Banco largo comedor 6, Biblioteca 16, Escritorio 24, Mesa integradora con escotadura 4, Mesa pupitre doble 204, Mesa usos múltiples 14, Pizarrón 43, Silla escolar 582, Varios 8"
0200905,2021,"Armario 4, Escritorio 2, Mesa inicial 9, Mesa pupitre doble 30, Pizarrón 10, Silla escolar 62"
0200905,2022,Silla escolar 54
0200907,2022,"Mesa inicial 6, Silla escolar 24"
0200908,2021,"Armario 9, Escritorio 4, Mesa pupitre doble 60, Silla escolar 124"
0200910,2022,"Armario 2, Escritorio 8, Mesa inicial 4, Mesa pupitre doble 69, Mesa usos múltiples 1, Pizarrón 4, Silla escolar 177"
0200913,2022,"Mesa inicial 10, Mesa pupitre doble 30, Pizarrón 14, Silla escolar 120"
0200914,2021,"Armario 2, Escritorio 7, Mesa pupitre doble 87, Silla escolar 289"
0200916,2021,"Armario 4, Mesa pupitre doble 30, Silla escolar 73"
0200916,2023,"Mesa inicial 8, Silla escolar 60"
0200917,2022,Pizarrón 14
0200918,2021,"Escritorio 4, Mesa pupitre doble 60, Silla escolar 124"
0200919,2023,"Banco largo comedor 20, Juego de patio 1, Piso antigolpe para juegos 60"
0200920,2022,Armario 5
0200926,2023,Varios 1
0200927,2021,"Escritorio 3, Mesa pupitre doble 45, Mesa usos múltiples 22, Pizarrón 3, Silla escolar 93"
0200927,2022,"Escritorio 2, Mesa inicial 22, Mesa integradora con escotadura 7, Mesa pupitre doble 30, Pizarrón 24, Silla escolar 62"
0200927,2023,"Escritorio 2, Mesa pupitre doble 30, Pizarrón 2, Silla escolar 62"
0200946,2021,"Banco largo comedor 116, Mesa inicial 20, Mesa usos múltiples 58, Pizarrón 10, Silla escolar 120"
0200949,2021,"Armario 4, Escritorio 6, Mesa inicial 4, Mesa pupitre doble 95, Pizarrón 3, Silla escolar 216"
0200949,2022,"Armario 2, Escritorio 3, Mesa pupitre doble 48, Pizarrón 3, Silla escolar 99"
0200949,2023,"Escritorio 3, Mesa pupitre doble 45, Pizarrón 3, Silla escolar 93"
0200950,2021,Armario 10
0200951,2023,"Mesa pupitre doble 30, Pizarrón 4, Silla escolar 66"
0200953,2022,"Armario 6, Mesa pupitre doble 90, Silla escolar 181"
0200954,2021,"Mesa pupitre doble 20, Silla escolar 40"
0200954,2022,"Armario 8, Escritorio 2, Mesa inicial 2, Mesa integradora con escotadura 1, Mesa pupitre doble 16, Pizarrón 2, Silla escolar 46"
0200955,2021,Pizarrón 3
0200956,2021,"Armario 7, Mesa inicial 6, Mesa pupitre doble 10, Pizarrón 16, Silla escolar 40"
0200956,2022,Armario 2
0200957,2021,"Mesa inicial 20, Pizarrón 3, Silla escolar 60"
0200957,2022,"Mesa pupitre doble 94, Silla escolar 188"
0200958,2021,"Escritorio 2, Mesa pupitre doble 30, Pizarrón 2, Silla escolar 62"
0200958,2022,"Escritorio 2, Mesa pupitre doble 18, Pizarrón 2, Silla escolar 38"
0200960,2021,"Armario 15, Escritorio 9, Pizarrón 6, Silla escolar 3, Varios 10"
0200962,2022,"Escritorio 6, Mesa pupitre doble 90, Pizarrón 6, Silla escolar 186"
0200962,2023,"Escritorio 4, Mesa pupitre doble 60, Pizarrón 4, Silla escolar 124"
0200963,2022,Mesa pupitre doble 90
0200963,2023,"Escritorio 6, Mesa pupitre doble 90, Silla escolar 186"
0200964,2021,"Armario 16, Banco largo comedor 25, Escritorio 6, Mesa pupitre doble 90, Mesa usos múltiples 15, Pizarrón 4, Silla escolar 186, Varios 6"
0200964,2022,"Escritorio 4, Locker 90, Mesa pupitre doble 62, Pizarrón 3, Silla escolar 124"
0200964,2023,"Escritorio 3, Mesa pupitre doble 45, Pizarrón 3, Silla escolar 93"
0200965,2022,"Escritorio 3, Mesa pupitre doble 45, Pizarrón 3, Silla escolar 93"
0200965,2023,"Escritorio 3, Mesa pupitre doble 45, Pizarrón 3, Silla escolar 93"
0200966,2021,"Mesa trabajo estante 6, Varios 12"
0200966,2022,Armario 1
0200984,2021,"Mesa trabajo estante 2, Varios 4"
0200984,2022,Banco largo comedor 12
0201163,2021,"Mesa trabajo estante 8, Varios 16"
0201244,2021,"Mesa trabajo estante 6, Varios 12"
0201616,2021,"Mesa trabajo estante 4, Varios 8"
0201825,2022,"Armario 4, Biblioteca 2, Mesa inicial 6, Pizarrón 1, Silla escolar 25"
0201864,2022,"Escritorio 2, Mesa pupitre doble 30, Pizarrón 2, Silla escolar 62"
0201864,2023,"Escritorio 2, Mesa pupitre doble 30, Pizarrón 2, Silla escolar 62"
0201865,2021,"Escritorio 3, Mesa pupitre doble 45, Pizarrón 3, Silla escolar 93"
0201865,2022,"Escritorio 3, Mesa pupitre doble 45, Pizarrón 3, Silla escolar 93"
0201865,2023,"Escritorio 2, Mesa pupitre doble 30, Pizarrón 2, Silla escolar 62"
0202144,2022,Armario 3
0202145,2021,"Armario 5, Mesa inicial 3, Silla escolar 18"
0202145,2022,"Mesa inicial 5, Silla escolar 53"
0202146,2022,"Mesa inicial 1, Pizarrón 2, Silla escolar 16"
0202167,2021,"Mesa inicial 2, Mesa trabajo estante 6, Mesa usos múltiples 6, Varios 4"
0202167,2022,"Armario 11, Mesa usos múltiples 6, Pizarrón 6, Silla escolar 12"
0202167,2023,Varios 7
0202178,2021,"Armario 4, Banco largo comedor 64, Escritorio 7, Mesa inicial 5, Mesa pupitre doble 105, Mesa usos múltiples 32, Pizarrón 4, Silla escolar 247"
0202178,2022,"Escritorio 3, Mesa pupitre doble 45, Pizarrón 3, Silla escolar 93"
0202178,2023,"Escritorio 1, Mesa pupitre doble 15, Pizarrón 1, Silla escolar 31"
0202179,2021,"Armario 4, Mesa inicial 5"
0202179,2022,Silla escolar 30
0202188,2021,"Escritorio 6, Mesa pupitre doble 90, Pizarrón 6, Silla escolar 186, Varios 70"
0202188,2022,"Escritorio 6, Mesa pupitre doble 90, Pizarrón 6, Silla escolar 186"
0202188,2023,"Escritorio 2, Locker 15, Mesa pupitre doble 30, Pizarrón 2, Silla escolar 62"
0202204,2021,"Escritorio 2, Mesa pupitre doble 30, Pizarrón 2, Silla escolar 62"
0202204,2022,"Escritorio 4, Mesa pupitre doble 60, Pizarrón 4, Silla escolar 124"
0202204,2023,Locker 15
0202240,2021,"Mesa trabajo estante 2, Varios 4"
0202278,2021,"Mesa trabajo estante 4, Varios 8"
0202309,2022,"Mesa pupitre doble 7, Pizarrón 1, Silla escolar 15"
0202384,2022,Armario 2
0202385,2021,Mesa inicial 5
0202385,2022,Silla escolar 15
0202389,2021,"Escritorio 4, Mesa pupitre doble 60, Pizarrón 2, Silla escolar 124"
0202394,2021,"Mesa trabajo estante 8, Varios 16"
0202430,2021,Armario 3
0202437,2023,Piso antigolpe para juegos 80
0202450,2021,Armario 20
0202562,2021,"Mesa inicial 5, Silla escolar 30"
0202564,2021,"Escritorio 2, Pizarrón 2, Silla escolar 62"
0202564,2022,"Escritorio 2, Mesa pupitre doble 30, Pizarrón 2, Silla escolar 62"
0202564,2023,"Escritorio 2, Mesa pupitre doble 30, Pizarrón 4, Silla escolar 62"
0202569,2023,"Escritorio 6, Mesa pupitre doble 90, Pizarrón 6, Silla escolar 186"
0202579,2021,"Mesa trabajo estante 2, Varios 4"
0202583,2021,"Armario 9, Escritorio 2, Mesa pupitre doble 30, Silla escolar 62"
0202584,2021,"Escritorio 3, Mesa pupitre doble 45, Pizarrón 3, Silla escolar 93"
0202584,2022,"Escritorio 3, Mesa pupitre doble 45, Mesa usos múltiples 3, Pizarrón 3, Silla escolar 93"
0202584,2023,"Banco largo comedor 38, Escritorio 2, Mesa pupitre doble 30, Mesa usos múltiples 19, Pizarrón 2, Silla escolar 84"
0202595,2021,"Banco largo comedor 14, Mesa usos múltiples 7"
0202597,2021,Varios 30
0202643,2021,"Banco largo comedor 20, Mesa usos múltiples 10, Silla escolar 27"
0202649,2021,"Mesa trabajo estante 10, Varios 20"
0202649,2022,"Escritorio 2, Mesa pupitre doble 38, Pizarrón 2, Silla escolar 78"
0202649,2023,"Banco largo comedor 20, Escritorio 2, Mesa pupitre doble 30, Mesa usos múltiples 10, Pizarrón 2, Silla escolar 62"
0202650,2021,"Mesa trabajo estante 8, Varios 16"
0202656,2021,"Banco largo comedor 10, Mesa usos múltiples 5"
0202660,2021,Mesa inicial 58
0202660,2023,"Mesa inicial 5, Mesa pupitre doble 50, Silla escolar 130"
0202662,2021,"Banco largo comedor 40, Mesa usos múltiples 30"
0202662,2022,"Escritorio 4, Mesa pupitre doble 15, Pizarrón 4, Silla escolar 140"
0202662,2023,Locker 15
0202663,2021,"Armario 17, Banco largo comedor 50, Escritorio 25, Mesa pupitre doble 129, Mesa usos múltiples 44, Pizarrón 25, Silla escolar 278"
0202663,2022,"Banco largo comedor 20, Mesa usos múltiples 10"
0202663,2023,"Mesa pupitre doble 13, Mesa usos múltiples 10, Pizarrón 7, Silla escolar 26"
0202667,2022,"Armario 4, Mesa inicial 20, Pizarrón 1, Silla escolar 120"
0202668,2021,Varios 50
0202676,2022,"Mesa inicial 3, Silla escolar 18"
0202678,2021,Varios 300
0202679,2021,"Armario 1, Banco largo comedor 50, Mesa pupitre doble 60, Mesa usos múltiples 25, Silla escolar 64"
0202679,2023,"Banco largo comedor 24, Mesa usos múltiples 12"
0202680,2021,Banco largo comedor 74
0202683,2021,Armario 3
0202683,2022,"Mesa pupitre doble 40, Silla escolar 80"
0202684,2021,"Juego de patio 1, Varios 6"
0202687,2021,"Armario 12, Banco largo comedor 35, Biblioteca 10, Escritorio 9, Mesa pupitre doble 115, Mesa usos múltiples 6, Pizarrón 18, Silla escolar 198"
0202688,2021,"Armario 5, Biblioteca 10, Escritorio 4, Mesa pupitre doble 60, Pizarrón 2"
0202689,2022,Armario 92
0202731,2021,"Armario 3, Biblioteca 3, Escritorio 3, Juego de patio 1, Mesa inicial 53, Pizarrón 10, Silla escolar 332, Varios 113"
0202734,2021,"Mesa trabajo estante 12, Varios 24"
0202773,2022,"Armario 18, Biblioteca 9, Escritorio 4, Mesa inicial 45, Pizarrón 15, Silla escolar 428, Varios 14"
0203125,2021,"Juego de patio 1, Piso antigolpe para juegos 60"
0203185,2021,"Armario 28, Banco largo comedor 28, Biblioteca 14, Escritorio 14, Pizarrón 42, Silla escolar 14"
0203185,2022,"Armario 26, Banco largo comedor 90, Biblioteca 14, Escritorio 31, Mesa inicial 5, Mesa pupitre doble 260, Mesa usos múltiples 62, Pizarrón 72, Silla escolar 823, Varios 10"
0superv,2021,Armario 4
