cui,domicilio_edificio,nombre_establecimiento
0200001,AYACUCHO 1680,JIN C (EPCJS 01/01°) - EPC N° 01 JUAN JOSE CASTELLI - CENS - UGEE N° 01
0200002,AVDA. PTE. MANUEL QUINTANA 31,SUPERVISIÓN DE 1 - JIC N° 04/01° CINCO ESQUINAS - EPC N° 02 DOMINGO FAUSTINO SARMIENTO - ESC. DE MUSICA N° 16 - ESEA EN DANZA MASTRAZZI CURSO VOCACIONAL DE DANZA Y EXPRESIÓN CORPORAL INFANTIL N° 04 - ESEA EN DANZA RAMICONE CURSO VOCACIONAL DE FOLKLORE N° 04
0200003,AVDA. SANTA FE 1510,EPA N° 03 DR. ONESIMO LEGUIZAMON - EPC N° 03 DR. ONESIMO LEGUIZAMON
0200004,RECONQUISTA 461,CENS N° 08 - EPC N° 04 JOSE MANUEL ESTRADA
0200005,RODRIGUEZ PEÑA 747,JII N° 13/01° - EPC N° 05 NICOLAS RODRIGUEZ PEÑA - IFTS N° 05
0200006,BASAVILBASO 1295,CENS Nº 90 - EPC N° 06 FRENCH Y BERUTI - JII N° 02/01° - EPA N° 06 FRENCH Y BERUTI
0200007,LIBERTAD 581,Sup Inicial I A - JIN A (EPCJS 07/01°) - EPA N° 07 PRESIDENTE ROCA - EPC N° 07 PRESIDENTE ROCA
0200008,TALCAHUANO 680,Sup Adultos Region VI - JIN A (EPCJC 08/01°) - EPC N° 08 NICOLAS AVELLANEDA - CENS N° 03 - EPA N° 08 NICOLAS AVELLANEDA - CENTRO EDUCATIVO CURSOS ESPECIALES - SUPERVISIÓN CURSOS ESPECIALES
0200009,TTE. GRAL. JUAN DOMINGO PERON 1140,JIN A (EPCJC 09/01°) - EPC N° 09 FAMILIA DE CABEZON - CENS N° 26
0200010,LAVALLE 2366,JIN B (EPCJC 10/01°) - EPC N° 10 PRESIDENTE MANUEL QUINTANA - EPA N° 10 PRESIDENTE MANUEL QUINTANA
0200011,JULIAN ALVAREZ 2849,JII N° 01/01° - EPC N° 12 GRAL. LAS HERAS - CEC PLASTICA 01
0200012,SAN MARTIN 458,EPC N° 13 GRAL. SAN MARTIN - CENS N° 46
0200013,SARMIENTO 2250,EPC N° 14 CORNELIO SAAVEDRA - JIN B (EPCJC 14/01°) [S] - CENOF CENTRO SARMIENTO
0200014,JUNCAL 3131,EPC N° 16 WENCESLAO POSSE - JIC N° 03/01° - CENOF CENTRO JUNCAL - ESC. PRIM. 16/01°
0200015,AVDA. GRAL. LAS HERAS 3086,EPA N° 18 DR. RAFAEL HERRERA VEGAS - EPC N° 18 DR. RAFAEL HERRERA VEGAS - JIN C (EPCJS 18/01°) (SEDE) - ESEA EN DANZA MASTRAZZI CURSO VOCACIONAL DE DANZA Y EXPRESIÓN CORPORAL JUVENIL N° 03 - ESEA EN DANZA MASTRAZZI CURSO VOCACIONAL DE DANZA Y EXPRESIÓN CORPORAL INFANTIL N° 01
0200016,AYACUCHO 1849,JIN C (EPCJC 21/01°) - EPC N° 21 ANGEL GALLARDO
0200017,LARREA 854,CENS N° 24 - EPC N° 23 BERNARDINO RIVADAVIA
0200018,PEÑA 2670,EPC N° 24 CyF.PIZARRO y M. PIZARROyMONJE - CEC IDIOMAS EXTRANJEROS N° 01
0200020,JERONIMO SALGUERO 2455,EPC N° 26 ADOLFO VAN GELDEREN - CONSERVATORIO SUPERIOR DE MÚSICA MANUEL DE FALLA - ANEXO 2 - JIC N° 09/01°
0200022,LIBERTAD 1257,ESPACIO PRIMERA INFANCIA COLEGIO N° 02 - COLEGIO N° 02 DOMINGO FAUSTINO SARMIENTO - CAIYJ CLUB CENTRO
0200023,AVDA. CALLAO 628,"Sup Media Region I - Sup.Educ.Tec.Region I DE 01,03"
0200023,RIOBAMBA 623,ESC. DE COM. Nº 02 DR. ANTONIO BERMEJO
0200024,AVDA. DEL LIBERTADOR 238,ESC. TEC.  N° 12 LIB. GRAL. JOSE DE SAN MARTIN
0200025,LAVALLE 1681,ESC. TEC. N° 19 ALEJANDRO VOLTA
0200026,ESMERALDA 285,ISFA [A 3] - ESC. SUPERIOR DE EDUCACIÓN ARTÍSTICA EN DANZA AÍDA VICTORIA MASTRAZZI
0200027,JUNCAL 1258,IFTS N° 14 - CBF OCUPACIONAL N° 04 PAULO FREIRE
0200028,JUNCAL 3251,ESC. DE COM. N° 26 ENRIQUE DE VEDIA - ENS LENGUAS VIVAS SOFIA DE SPANGENBERG - ESCUELA DE MAESTROS ([A] 04)
0200029,AVDA. CORDOBA 1951,ENS N° 01 LENGUAS VIVAS PRES. R. S. PEÑA - LICEO N° 04 R. DE ESCALADA DE SAN MARTIN - ESEA  DANZA RAMICONE  FOLKLORE N° 21
0200029,PARAGUAY 1950,ESC. DE COM. N° 10 ISLAS MALVINAS
0200030,AVDA. CALLAO 450,ENS N° 09 DOMINGO FAUSTINO SARMIENTO - LICEO N° 07 DOMINGO FAUSTINO SARMIENTO
0200031,AVDA. CORDOBA 2016,INST. DE EDUCACIÓN SUPERIOR N° 01 DRA. ALICIA MOREAU DE JUSTO - CENS N° 13
0200032,CARLOS PELLEGRINI 1515,INST. DE ENSEÑANZA SUPERIOR EN LENGUAS VIVAS JUAN RAMÓN FERNÁNDEZ
0200033,AYACUCHO 953,ESC. INTEGRAL INTERDISCIPLINARIA Nª 01
0200042,MARCELO T. DE ALVEAR 1840,CENS N° 63
0200057,PARAGUAY 1657,JM N° 06/01°
0200063,AVDA. LAS HERAS 2670,ESCUELA INF. N° 08/01°
0200076,LAPRIDA 1235,EPC N° 02 JUAN LARREA - ESC. DE MUSICA N° 10
0200077,LAMBARE 975,EPC N° 03 MANUEL SOLA - JIN C (EPCJS 03/02°) - CENOF CENTRO LAMBARE
0200078,SOLER 3929,JIN A (EPCJS 04/02°) - EPC N° 04 AMADEO JACQUES
0200079,DR. TOMAS MANUEL DE ANCHORENA 441,EPC N° 06 GRAL. MARTIN RODRIGUEZ - CENOF CENTRO ANCHORENA
0200080,RIO DE JANEIRO 986,EPC N° 07 DEL CENTENARIO - JIN C (EPCJC 07/02°)
0200081,SAN LUIS 3224,JIN B (EPCJS 08/02°) JARDIN DEL ABASTO
0200081,TUCUMAN 3233,EPC N° 08 DR. ARTURO MATEO BAS
0200082,EL SALVADOR 4037,CENS N° 40 - EPC N° 09 CNEL. GENARO BERON DE ASTRADA - JIN A (EPCJS 09/02°) [S]
0200083,ARENALES 2733,JIC N° 01/02° - EPC N° 10 GREGORIA PEREZ - EPA N° 10 GREGORIA PEREZ
0200084,OBRERO ROBERTO NUÑEZ 4355,EPC N° 11 PROVINCIA DE JUJUY - JIN C (EPCJC 11/02°) - CENS N° 29
0200085,JOSE ANTONIO CABRERA 3430,Sup Inicial III B - JII N° 04/02º
0200086,AVDA. PUEYRREDON 630,Supervisión de Nivel Primaria DE 02 - EPC N° 14 JUAN MARTIN DE PUEYRREDON - EPA N° 14 JUAN MARTIN DE PUEYRREDON
0200087,SARMIENTO 2832,EPC N° 16 PRESIDENTE MITRE - EPA N° 16 PRESIDENTE MITRE - ESCUELA INF. N° 05/02°
0200088,AVDA. ANGEL GALLARDO 246,EPC N° 17 PRESIDENTE URIBURU - JIN C (EPCJC 17/02°) [S] - CENOF CENTRO ANGEL GALLARDO - ESEA EN DANZA MASTRAZZI CURSO VOCACIONAL DE DANZA Y EXPRESIÓN CORPORAL INFANTIL N° 02
0200089,MARIO BRAVO 234,EPC N° 18 ALEJANDRO CARBO - JIN D (EPCJC 18/02°) - EEM N° 01/02° E.REINGRESO
0200090,FRANCISCO ACUÑA DE FIGUEROA 850,EPA N° 19 FLORENCIO BALCARCE - JIN D (EPCJC 19/02°) - EPC N° 19 FLORENCIO BALCARCE
0200091,PRINGLES 1165,EPC N° 20 ROSARIO VERA PEÑALOZA - JIN D (EPCJS 20/02°) [S] - CENOF CENTRO PRINGLES
0200092,SANCHEZ DE BUSTAMANTE 260,EPC N° 22 CARLOS JAVIER BENIELLI - JIN D (EPCJS 22/02°)
0200093,DR. TOMAS MANUEL DE ANCHORENA 855,CENS N° 01 - EPC N° 23 TOMAS MANUEL DE ANCHORENA - ESEA  DANZA RAMICONE  FOLKLORE N° 02
0200094,JEAN JAURES 870,JIN B (EPCJS 24/02°) JARDIN DEL ABASTO - CENS N° 16 - EPC N° 24 PROVINCIA DE CATAMARCA - ESEA  DANZA MASTRAZZI  DNZA  JUVIL N° 07
0200095,JOSE ANTONIO CABRERA 3484,EPA N° 13 REPUBLICA ISLAMICA DE IRAN - EPC N° 13 REPUBLICA ISLAMICA DE IRAN
0200096,AVDA. SANTA FE 2778,INST. DE TIEMPO LIBRE Y RECREACION - LICEO N° 01 JOSE FIGUEROA ALCORTA
0200097,AVDA. RIVADAVIA 3577,Sup Media Region III - COLEGIO N° 03 MARIANO MORENO - IFTS N° 28
0200098,ECUADOR 1158,COLEGIO N° 06 MANUEL BELGRANO - COLEGIO N° 15 REVOLUCION DE MAYO
0200099,VALENTIN GOMEZ 3163,COLEGIO N° 05 BARTOLOME MITRE - COLEGIO N° 14 JUAN JOSE PASO - PI LUCIERNAGAS
0200100,JERONIMO SALGUERO 920,Polideportivo ESC. TEC. N° 30 DR. NORBERTO PIÑERO - ESC. TEC. N° 30 DR. NORBERTO PIÑERO
0200101,GUEMES 3859,ENS N° 06 VICENTE LOPEZ Y PLANES
0200102,AVDA. CORRIENTES 4261,ESPACIO PRIMERA INFANCIA ESC. DE COM. N° 25 - ENS N° 07 JOSE MARIA TORRES - ESC. DE COM. N° 08 PATRICIAS ARGENTINAS - ESC. DE COM. N° 25 SANTIAGO DE LINIERS
0200103,JOSE ANTONIO CABRERA 4078,ESC. INTEGRAL INTERDISCIPLINARIA N° 02
0200104,GUARDIA VIEJA 3950,ESCUELA INF. N° 02/02° PAMPITA
0200105,SARMIENTO 4041,CENTRO DE ACTIVIDADES INFANTILES Y JUVENILES CLUB ALMAGRO - Polideportivo - Anexo Normal Nº07
0200106,BULNES 45,ESEA EN DANZA RAMICONE CURSO VOCACIONAL DE FOLKLORE N° 10 - ESC. SUPERIOR DE EDUCACIÓN ARTÍSTICA EN ARTE CERÁMICO N° 01
0200107,LEZICA 3955,CENS N° 20 - ESCUELA DE LA JOYA MAESTRO JOYERO SERGIO LUKEZ
0200110,AVDA. DÍAZ VELEZ 4093,CFP N°29
0200113,GALLO 1340,JM N° 03/02°
0200120,GRAL. LUCIO NORBERTO MANSILLA 3643,EPC N° 05 URSULA LLAMES DE LAPUENTE - IFTS N° 18 - CEC IDIOMAS EXTRANJEROS N° 02
0200123,CHILE 1626,ESCUELA INF. N° 02/03° MANE BERNARDO
0200124,TACUARI 567,JIN D (EPCJC 03/03°) - CENS N° 12 - EPC N° 03 MARIA SANCHEZ DE THOMPSON
0200125,REPÚBLICA BOLIVARIANA DE VENEZUELA 753,JIN D (EPCJS 04/03°) [S]
0200125,REPÚBLICA BOLIVARIANA DE VENEZUELA 771,EPC N° 04 CNEL. ISIDORO SUAREZ - IFTS N° 09 - CENS N° 43 - ESEA EN DANZA MASTRAZZI CURSO VOCACIONAL DE DANZA Y EXPRESIÓN CORPORAL JUVENIL N° 08
0200126,HUMBERTO 1° 1573,Sup Inicial I C - EPC N° 05 AGUSTIN ALVAREZ - JII N° 01/03° - ESEA EN DANZA RAMICONE CURSO VOCACIONAL DE FOLKLORE N° 13
0200127,CARLOS CALVO 1140,EPC N° 07 GRAL. GÜEMES - CENS N° 54
0200128,MORENO 2104,JIN B (EPCJS 09/03°) - EPC N° 09 MARIANO MORENO - EPA N° 09 MARIANO MORENO
0200129,PTE. LUIS SAENZ PEÑA 1215,EPC N° 11 DR. RICARDO GUTIERREZ - CEC IDIOMAS EXTRANJEROS N° 03
0200130,PTE. LUIS SAENZ PEÑA 463,EPC N° 14 GRAL. MARIANO NECOCHEA
0200131,MEXICO 2383,EPC N° 15 FRANCISCO NARCISO DE LAPRIDA - JIN B (EPCJS 15/03°) - CENS N° 50
0200132,SALTA 1226,EPA N° 16 EUSTAQUIO CARDENAS - EPC N° 16 EUSTAQUIO CARDENAS
0200133,AVDA. ENTRE RIOS 1341,CENS N° 44 - JIN A (EPCJC 21/03°) - EPC N° 21 CARLOS PELLEGRINI
0200133,AVDA. ENTRE RIOS 1349,Bib.del Docente Dist.3 Carlos Pellegrini
0200133,AVDA. ENTRE RIOS 1359,EPA N° 22 CARLOS PELLEGRINI - JIN A (EPCJS 22/03°) - EPC N° 22 CARLOS PELLEGRINI
0200133,CONSTITUCION 1839,Sup Primaria DE03 A - Centro de Terminalidad a Distancia[sede] - Sup Adultos Region I A
0200135,PASCO 961,JIN B (EPCJC 23/03°) [S] - CENS N° 37 SEDE - EPC N° 23 GRAL. VIAMONTE
0200136,AVDA. SAN JUAN 2277,CENS N° 59 - EPC N° 25 GERVASIO POSADAS - EPA N° 25 GERVASIO POSADAS - JIN A (EPCJC 25/03°) [S] - ESEA EN DANZA MASTRAZZI CURSO VOCACIONAL DE DANZA Y EXPRESIÓN CORPORAL INFANTIL N° 05
0200137,AVDA. SAN JUAN 1545,PI LUCECITAS - CENS N° 18 - COLEGIO N° 01 BERNARDINO RIVADAVIA - ESC. DE COM. N° 36 ISAAC HALPERIN
0200138,CHACABUCO 922,COLEGIO N° 07 JUAN MARTIN DE PUEYRREDON
0200139,AVDA. ENTRE RIOS 757,Sup Adultos Region II B - Sup Adultos Region IV B - ESC. DE COM. N° 05 JOSE DE SAN MARTIN - CENS N° 04 - IFTS N° 10 - CENS N° 27 - IFTS N° 24 - EEM N° 01/03° E.REINGRESO
0200140,MORENO 2135,CENS N° 34 - ESC. DE COM.  N° 34 MONSEÑOR MIGUEL DE ANDREA
0200141,AVDA. INDEPENDENCIA 668,ESC. PARA NIÑOS Y NIÑAS CON DISCAPACIDAD MENTAL N° 14 CONSTANCIO C. VIGIL
0200142,AVDA. SAN JUAN 2128,ESC. PARA JÓVENES Y ADULTOS CON DISCAPACIDAD MENTAL Y DE FORMACIÓN INTEGRAL N° 22 P B PALACIOS ALMAFUERTE - CENOF CENTRO INTEGRADOR ALMAFUERTE
0200143,AVDA. INDEPENDENCIA 672,ESC. PARA JÓVENES Y ADULTOS CON DISCAPACIDAD VISUAL Y FORMACIÓN INTEGRAL N° 37 FRANCISCO GATTI
0200144,PIEDRAS 1430,ESC. INTEGRAL INTERDISCIPLINARIA N° 03
0200145,CHILE 1371,EPC N° 13 PROV. SANTIAGO DEL ESTERO - CENS N° 42
0200146,MEXICO 1627,JII N° 04/03° EL JARDIN DEL MANZANO
0200147,CHILE 1670,EPJs 2 - Polideportivo - EPC N° 02 FRAY CAYETANO RODRIGUEZ
0200148,PIEDRAS 860,JIC N° 03/03° SAN TELMO
0200163,COCHABAMBA 2147,ESC. PARA JÓVENES Y ADULTOS CON DISCAPACIDAD MENTAL Y DE FORMACIÓN INTEGRAL N° 22 P B PALACIOS ALMAFUERTE [A:CR]
0200168,AVDA. INDEPENDENCIA 758,EPA N° 01 VALENTIN GOMEZ - EPC N° 01 VALENTIN GOMEZ - CENS N° 36 - ESEA DANZA RAMICONE FOLKLORE N° 03
0200173,ARISTOBULO DEL VALLE 471,EPC N° 01 ALTE. GUILLERMO BROWN - EEM N° 07/04° ESCUELA DE LA RIBERA
0200174,WENCESLAO VILLAFAÑE 453,EPC N° 02 CARLOS RAMON VIGNALE - EPA N° 02 CARLOS RAMON VIGNALE
0200175,ROCHA 1226,EPC N° 03 JUAN MARIA GUTIERREZ - JIN C (EPCJC 03/04°)
0200176,BENITO QUINQUELA MARTIN 1081,EPC N° 04 JOSE JACINTO BERRUTTI
0200177,BRAUN MENENDEZ 260,Sup Inicial II A - EPC N° 08 CARLOS DELLA PENNA - JIC N° 02/04° CARLOS DELLA PENNA - ESC. DE MUSICA N° 01
0200178,AVDA. DON PEDRO DE MENDOZA 1835,Museo de Bellas Artes de Artistas Argentinos Benito Quinquela Martin - EPC N° 09 BENITO QUINQUELA MARTIN - CENS N° 32 - CENOF CENTRO MUSEO QUINQUELA MARTIN
0200178,GRAL. GREGORIO ARAOZ DE LAMADRID 648,JII N° 01/04° BENITO QUINQUELA MARTIN
0200179,GRAL. GREGORIO ARAOZ DE LAMADRID 499,EPC N° 10 GRAL. ARAOZ DE LAMADRID
0200180,BRANDSEN 1057,CENS N° 39 - EPC N° 11 ANTONIO J. BUCICH - JII N° 04/04° - CAIYJ LA BOCA
0200181,SUAREZ 1131,Sup Primaria DE 04 A Sup Adultos Region V A - EPA N° 13 REPUBLICA DE CHILE - EPC N° 13 REPUBLICA DE CHILE - JIN C (EPCJC 13/04°)
0200182,NECOCHEA 1136,EPC N° 14 AGUSTIN RAFAEL CAFFARENA
0200183,HERNANDARIAS 556,EPC N° 18 PROVINCIA DE LA RIOJA
0200184,RIO CUARTO 1249,EPC N° 19 REPUBLICA ITALIANA - JIN C (EPCJC 19/04°)
0200186,HUMBERTO I° 343,EPC N° 22 DR. GUILLERMO RAWSON - CECIE N° 04
0200187,CALIFORNIA 1925,EPC N° 24 PRESIDENTE DERQUI - JIN C (EPCJS 24/04°)
0200188,AVDA. SAN JUAN 353,CENTRO CULTURAL FORTUNATO LACÁMERA - EPC N° 26 HIPOLITO YRIGOYEN - JII N° 09/04°
0200189,DEFENSA 1431,EPC N° 27 DEAN FUNES - CENOF CENTRO DEFENSA
0200190,JOSE AARON SALMUN FEIJOO 1073,JIN C (EPCJC 28/04°) [S] - EPC N° 28 FRANCISCO PASCASIO MORENO - CAIYJ CLUB LA BOCA
0200191,GRAL. GREGORIO ARAOZ DE LAMADRID 676,CENS N° 45 - EPA N° 29 MANUEL BELGRANO
0200193,BENITO QUINQUELA MARTIN 1649,CAIYJ BARRACAS - PI ESPACIO BARRACAS - ESC. DE COM.  Nº 01 DE 04 JOAQUÍN V. GONZALEZ - COLEGIO N° 11 HIPOLITO YRIGOYEN
0200194,BOLIVAR 346,ESC. POLITEC. MANUEL BELGRANO
0200195,AVDA. PASEO COLON 650,Sup Media Tecnica Region I - IFTS Nº 06 - ESC. TEC. N° 01 ING. OTTO KRAUSE
0200196,AVDA. DON PEDRO DE MENDOZA 1777,Sup Media Tecnica Region II Este - ESC. TEC. N° 31 MAESTRO QUINQUELA
0200197,WENCESLAO VILLAFAÑE 1342,ESEA ARTES VISUALES MANUEL BELGRANO
0200198,RIO CUARTO 1993,CENS N° 51 - CFP N° 01
0200199,BOLIVAR 1235,ENS N° 03 BERNARDINO RIVADAVIA (SEDE)
0200199,PERU 1236,ENS N° 03 BERNARDINO RIVADAVIA (Anexo Nivel Inicial)
0200200,AVDA. PASEO COLON 255,ESC. TEC. N° 15 MAIPU - UNIVERSIDAD DE LA CIUDAD
0200201,AZOPARDO 1504,ESCUELA INF. N° 03/04°
0200202,AVDA. ALMTE. BROWN 473,ESC. INTEGRAL INTERDISCIPLINARIA N° 04
0200214,AVDA. REGIMIENTO DE PATRICIOS 1933,EEM N° 02/04° E.REINGRESO
0200216,CALIFORNIA 1851,ENS Nº 05 GRAL. M. M. DE GÜEMES[A:Polideportivo]
0200222,BOLIVAR 1280,CAIYJ CLUB SAN TELMO/Polideportivo Martina Cespedes
0200223,AVDA. SUAREZ 1851,POLIDEPORTIVO 9 DE JULIO
0200224,GRAL. HORNOS 530,EPC N° 01 EST. PLURINACIONAL DE BOLIVIA - CECIE N° 05
0200225,AVDA. ALMAFUERTE 66,EPC N° 02 PATRICIOS - JII N° 08/05°
0200226,AVDA. MANUEL MONTES DE OCA 439,ESC. DE MUSICA N° 05 - EPC N° 03 BERNARDO DE IRIGOYEN - JIN A (EPCJS 03/05°)
0200226,AVDA. MANUEL MONTES DE OCA 455,Sup Inicial II B A Sup Primaria DE05 - ESC. DE MUSICA N° 05
0200227,SOLIS 1815,JIN B (EPCJS 04/05°) - EPC N° 04 CNEL. DE MARINA TOMAS ESPORA
0200228,SAN JOSE 1985,JIN B (EPCJS 06/05°) (SEDE) - EPC N° 06 TOMAS GUIDO
0200229,AVDA. CASEROS 734,EPC N° 07 JUAN DE GARAY - EPA N° 07 JUAN DE GARAY - JIN A (EPCJS 07/05°) (SEDE)
0200230,AVDA. AMANCIO ALCORTA 1934,EPC N° 08 CARLOS NORBERTO VERGARA - JIN B (EPCJS 08/05°)
0200231,LUZURIAGA 1571,JIC N° 03/05° - EPC N° 09 JOSE PEDRO VARELA
0200232,IGUAZU 1110,EPC N° 10 DEAN DIEGO E. DE ZAVALETA - CENS N° 75
0200233,LAFAYETTE 1879,EPC N° 11 REPUBLICA DE HAITI - EPA N° 11 REPUBLICA DE HAITI - UGEE N° 06 BACHILLERATO POPULAR DE ADULTOS Y ADOLESCENTES 2 DE DICIEMBRE - BACH.POP. DE JOVENES Y ADULTOS VILLA 21 24
0200235,SALOM 332,EPC N° 13 FRAY MAMERTO ESQUIU
0200236,CACHI 77,JIC N° 04/05° SEDE - EPC N° 14 PROVINCIA DE SAN LUIS
0200237,AVDA. MANUEL MONTES DE OCA 807,EPC N° 15 ARZOBISPO MARIANO A. ESPINOSA - JIN A (EPCJS 15/05°)
0200238,AVDA. AMANCIO ALCORTA 3402,EPA N° 16 SABINA BOVE DE BOZALLA - EPC N° 16 SABINA BOVE DE BOZALLA
0200239,TRAFUL 3835,EPC N° 17 PEDRO MELITON LEDESMA - EPA N° 17 PEDRO MELITON LEDESMA
0200240,AVDA. CASEROS 2152,JIN B (EPCJC 18/05°) - EPC N° 18 JUAN ENRIQUE PESTALOZZI - ESEA DANZA MASTRAZZI N° 09 - ESEA EN DANZA MASTRAZZI CURSO VOCACIONAL DE DANZA Y EXPRESIÓN CORPORAL JUVENIL N° 01
0200241,ELIA 473,EPC N° 19 PROVINCIA DE FORMOSA
0200242,SAN ANTONIO 682,EPC N° 20 NIEVES ESCALADA DE OROMI
0200243,TRAFUL 3847,EPC N° 23 LORENZO ANADON - CENOF CENTRO TRAFUL
0200244,LYNCH 3536,EPC N° 24 CONTRALMIRANTE MARTIN GUERRICO
0200245,AVDA. AMANCIO ALCORTA 2502,EPC N° 25 MARCOS PAZ
0200246,PICHINCHA 1873,EPC N° 26 BRIGADIER MIGUEL DE AZCUENAGA - JIN B (EPCJC 26/05°)
0200247,VIEYTES 1469,EPC N° 27 MANUEL DE SARRATEA - EPA N° 27 MANUEL DE SARRATEA
0200248,ALVARADO 3295,ESCUELA INF. N° 07/05° PADRE DANIEL DE LA SIERRA
0200249,PROF. DR. PEDRO CHUTRO 3380,ESCUELA INF. N°05/05° MARIA EVA DUARTE DE PERON
0200250,AVDA. MANUEL MONTES DE OCA 16,ESCUELA INF. N° 06/05° ROSARIO VERA PEÑALOZA
0200251,AVDA. CASEROS 1555,JII N° 01/05° WALT DISNEY
0200252,SAN ANTONIO 1136,JII N° 02/05° ANTONINO ABERASTAIN
0200253,JUAN CARLOS GOMEZ 253,PI ESPACIO HUELLITAS - ESC. DE COM. N° 18 REINO DE SUECIA - EEM N° 01/05° E.REINGRESO N. J.MORRESI - PI ESPACIO NOCHERITOS
0200254,AVDA. MANUEL MONTES DE OCA 121,ESC. TEC. N° 04 REPUBLICA DEL LIBANO
0200255,JOSE A. CORTEJARENA 3350,ESC. INTEGRAL INTERDISCIPLINARIA N° 05
0200256,VIEYTES 942,ESC. TEC. N° 10 FRAY LUIS BELTRAN - LICEO COM. N° 03 J. M. ESTRADA - [A]
0200257,SANTA MAGDALENA 431,ESC. TEC. N° 14 LIBERTAD
0200259,ARCAMENDIA 743,ENS N° 05 GRAL.  M. M. DE GÜEMES (SEDE) - LICEO COM. N° 03 JOSE MANUEL ESTRADA
0200261,AVDA. GRAL. IRIARTE 3880,PI SOL DE NOCHE - JII N° 10/05° - CAIYJ ZAVALETA
0200262,ZAVALETA 204,IFTS Nº 11 DE 05 - ESC. TEC. N° 07 DOLORES LAVALLE DE LAVALLE - CAIYJ CLUB PARQUE PATRICIOS - CFP N° 36
0200266,DR. RAMON CARRILLO 317,CENTRO EDUCATIVO PARA NIÑOS EN TIEMPOS Y ESPACIOS SINGULARES N° 01
0200266,DR. RAMON CARRILLO 375,CFP Nº02 (ANEXO)
0200268,AVDA. MANUEL MONTES DE OCA 16,ESC. HOSP. N° 03 DR. PEDRO DE ELIZALDE
0200280,MANUEL GARCIA 370,JII Nº 14/05º
0200281,IRIARTE Y LAVARDÉN,Casa de la Cultura
0200281,RIO CUARTO Y MONTESQUIEU,CAEBYT N° 47 - EEM N° 06/05° - EPC N° 12 HORACIO QUIROGA - CAIYJ CLUB BARRACAS SUR - CFP N° 09 POLO EDUCATIVO BARRACAS - ESCUELA INF. N° 12/05°
0200290,BRANDSEN 2570,CFP Nº02 - CENS N° 49
0200293,AVDA. SUAREZ 2123,ENS N° 05 GRAL. M. M. DE GÜEMES ([A])
0200294,ADOLFO ALSINA 2499,EPA N° 01 ESTEBAN DE LUCA - EPC N° 01 ESTEBAN DE LUCA - JIN A (EPCJS 01/06°)
0200295,LA RIOJA 1846,EPC N° 02 JOSE MARIA GUTIERREZ
0200296,LA RIOJA 850,JIN A (EPCJC 03/06°) [S] - EPC N° 03 RUFINO SANCHEZ
0200297,QUINTINO BOCAYUVA 620,EPC N° 04 SALVADOR MARIA DEL CARRIL - JIN B (EPCJS 04/06°) MAESTRO F. REYES
0200298,CATAMARCA 462,CENS N° 70 - EPC N° 05 PAUL GROUSSAC
0200299,SAAVEDRA 695,EPC N° 06 DR. GUILLERMO CORREA - JIC N° 03/06° - CAIYJ CLUB DE CHICOS BALVANERA
0200300,24 DE NOVIEMBRE 1536,EPC N° 07 OLEGARIO VICTOR ANDRADE - CECIE N° 06
0200301,AVDA. JUJUY 1471,EPC N° 10 FRANCISCO DE GURRUCHAGA
0200302,HUMBERTO I° 3171,CONSERVATORIO SUPERIOR DE MÚSICA MANUEL DE FALLA - ANEXO 3 - JIN B (EPCJC 11/06°) MAESTRO F.REYES [S] - EPC N° 11 JOSE FEDERICO MORENO
0200303,AGRELO 3231,EPC N° 12 REPUBLICA DEL PARAGUAY - CENOF CENT.MUN.DEL TANGO-ESC.PRIM.12/06
0200304,GRAL. URQUIZA 227,EPC N° 13 BRIG. GRAL. JOSE M. ZAPIOLA - JIN B (EPCJC 13/06°) MAESTRO F. REYES - EPA N° 13 BRIG.GRAL. JOSE MATIAS ZAPIOLA
0200305,CASTRO 954,EPC N° 14 INTENDENTE ALVEAR
0200305,CASTRO BARROS 965,JIC N° 04/06° MARIANO BOEDO
0200307,CARLOS CALVO 2827,EPC N° 17 LUIS JOSE CHORROARIN
0200308,AVDA. BELGRANO 3767,CENS N° 15 - EPC N° 18 DR. ANTONIO BERMEJO
0200309,AVDA. BOEDO 657,EPC N° 22 MARTINA SILVA DE GURRUCHAGA - EPA N° 22 MARTINA SILVA DE GURRUCHAGA
0200310,TARIJA 4136,JIN C (EPCJS 25/06°) - EPC N° 25 PAULA ALBARRACIN DE SARMIENTO - ESCUELA DE MAESTROS ([A] 02)
0200311,AVDA. JUAN DE GARAY 3972,EPA N° 26 REPUBLICA DE COLOMBIA - EPC N° 26 REPUBLICA DE COLOMBIA
0200312,RONDEAU 2751,Museo Bernasconi - ESC. PRIMARIA COMÚN N° 91 DR. CARLOS SAAVEDRA LAMAS - INST. F. F. BERNASCONI - EPA N° 02 - ESC. PRIMARIA COMÚN N° 94 ENRIQUE BANCHS - INST. F. F. BERNASCONI - JIC N° 05/06° - ESC. PRIMARIA COMÚN N° 92 DR. RAFAEL BIELSA - INST. F. F. BERNASCONI - ESC. PRIMARIA COMÚN N° 93 DR. JUAN ANGEL GOLFARINI - INST. F. F. BERNASCONI - ESC. DE CORO Y ORQUESTA ATHOS PALMA - CENS N° 72 - JII N° 10 FRANCISCO PASCASIO MORENO - ESEA EN DANZA RAMICONE CURSO VOCACIONAL DE FOLKLORE N° 05
0200313,CONSTITUCION 4154,ESC. DE COM.  N° 22 G.A.MARTINEZ ZUVIRIA
0200315,HUMBERTO I° 2861,JII N° 01/06°
0200316,AVDA. INDEPENDENCIA 3354,JII N° 02/06° FEDERICO FROEBEL
0200317,AVDA. BOEDO 650,Sup Inicial I B - JII N° 08/06° M.A.SCHIAVONI DE LOPEZ
0200318,AVDA. JUJUY 150,LICEO N° 10 RICARDO ROJAS - BOA N° 04 XUL SOLAR
0200319,COCHABAMBA 2830,ESC. TEC. N° 11 MANUEL BELGRANO
0200320,AVDA. JUJUY 780,ESC. TEC.  N°25 TTE.1° DE ARTILLERIA F.L.BELTRAN
0200322,AVDA. JUJUY 255,ESC. TEC. N° 26 CONFEDERACION SUIZA
0200323,AVDA. BOEDO 760,ESC. TEC. N° 29 RECONQUISTA DE BUENOS AIRES
0200324,GRAL. URQUIZA 277,ENS N°02 EN LENGUAS VIVAS MARIANO ACOSTA - IES MARIANO ACOSTA - ESEA EN DANZA RAMICONE CURSO VOCACIONAL DE FOLKLORE N° 06
0200325,LA RIOJA 1042,ENS N° 08 PRESIDENTE J.A. ROCA (SEDE)
0200326,CARLOS CALVO 3150,ENS N° 08 PRESIDENTE J.A. ROCA ([A])
0200327,DEAN FUNES 1821,ENS N° 11 DR. RICARDO LEVENE
0200328,CARLOS CALVO 3176,"ESC. PARA NIÑOS, NIÑAS, JÓVENES Y ADULTOS CON DISCAPACIDAD MENTAL Y FORMACIÓN INTEGRAL N° 09 DR L R MAC KAY"
0200329,GRAL. URQUIZA 2159,ESC. PARA JÓVENES Y ADULTOS CON DISCAPACIDAD MENTAL Y FORMACIÓN INTEGRAL N° 36 DR. AURELIO MARTÍNEZ
0200330,INCLAN 3146,ESC. INTEGRAL INTERDISCIPLINARIA N° 06
0200331,MAZA 851,CFP N°8 SMATA
0200332,REPÚBLICA BOLIVARIANA DE VENEZUELA 3259,CENOF Venezuela
0200333,DEAN FUNES 1360,CAIYJ CLUB SAN CRISTOBAL
0200334,ESTADOS UNIDOS 3141,EPC N° 15 MAESTRO JORGE LUIS CHINETTI - IFTS N° 26
0200335,CATULO CASTILLO 2852,JM N° 07/06° DELFINA MARULL DE SARDA
0200342,SAAVEDRA 15,Sup Educ Adulto y Adolesc  Sector I - Sup Educ Adulto y Adolesc  Sector III - CENS N° 06 - CENS N° 31
0200343,MAZA 1913,JIC Nº12 DE 06 - EPC N° 08 ALMAFUERTE
0200344,AVDA. BOEDO 1935,EPC N° 23 PROVINCIA DE ENTRE RIOS
0200345,HUMBERTO 1° 3187,Sup Primaria DE06 A Sup Adultos Region II A
0200353,AVDA. CORRIENTES 5332,EPA N° 01 T. DE LA QUINTANA DE ESCALADA - JIN A (EPCJC 01/07°) [S] - EPC N° 01 T. DE LA QUINTANA DE ESCALADA
0200354,CAMARGO 725,EPC N° 02 FRANCISCO DESIDERIO HERRERA - CONSERVATORIO SUPERIOR DE MÚSICA MANUEL DE FALLA - ANEXO 4 - JIN A (EPCJS 02/07°)
0200356,AVDA. RIVADAVIA 6065,EPA N° 04 PRES. DR. ARTURO UMBERTO ILLIA - EPC N° 04 PRES. DR. ARTURO UMBERTO ILLIA
0200356,YERBAL 1548,JIC N° 03/07° LA PORTEÑA
0200357,MANUEL RICARDO TRELLES 948,EPC N° 05 JUAN B. PEÑA - JIN C (EPCJC 05/07°)
0200358,OLAYA 1565,EPC N° 06 DELFIN JIJENA
0200359,CNEL. APOLINARIO FIGUEROA 1077,EPC N° 08 PROVINCIA DE SAN JUAN - JIC N° 04/07° - ESC. DE MUSICA N° 11
0200360,SANCHEZ 1858,JIN C (EPCJC 09/07°) - EPC N° 09 JAPON
0200361,NICASIO OROÑO 1431,JIN D (EPCJC 11/07°) - EPC N° 11 JOSE IGNACIO GORRITI
0200362,FRANKLIN 1836,EPC N° 12 FACUNDO ZUVIRIA - JIN C (EPCJC 12/07°) [S] - CECIE N° 07
0200363,GALICIA 1857,EPC N° 13 LEOPOLDO MARECHAL - JIN C (EPCJS 13/07°)
0200364,FELIPE VALLESE 835,EPC N° 14 DR. ERNESTO E. PADILLA
0200365,DR. ELEODORO LOBOS 437,EPC N° 15 GRAL. JOSE GERVASIO DE ARTIGAS - JINB(EPCJC 15/07°)LA VELETA DE CABALLITO
0200366,CNEL. APOLINARIO FIGUEROA 651,Sup Primaria DE07 - EPA N° 16 ANDRES FERREYRA - EPC N° 16 ANDRES FERREYRA - JII N° 06/07° - CAIYJ CLUB CABALLITO
0200367,JULIAN ALVAREZ 240,EPC N° 17 FRANCISCO DE VITORIA - CENS N° 33 LEOPOLDO MARECHAL - JIN A (EPCJC 17/07°)
0200368,ALEJANDRO MAGARIÑOS CERVANTES 1556,JIN C (EPCJS 18/07°) - EPC N° 18 COMODORO CLODOMIRO URTUBEY
0200369,LUIS VIALE 1046,EPC N° 19 GALICIA
0200370,HIDALGO 635,EPC N° 20 TTE. BENJAMIN MATIENZO - JINB(EPCJS 20/07)VELETA DE CABALLITO [S] - CECIE N° 22
0200371,ROJAS 1554,JIN D (EPCJS 21/07°) - EPC N° 21 EMILIO RAUL OLIVE
0200372,ARAOZ 234,JIN A (EPCJS 22/07°) - EPC N° 22 DR. ROMULO S. NAON
0200373,PRINGLES 263,EPA N° 23 GRAL. BELGRANO - JIN D (EPCJC 23/07°) [S] - EPC N° 23 GRAL. BELGRANO - ESEA EN DANZA MASTRAZZI CURSO VOCACIONAL DE DANZA Y EXPRESIÓN CORPORAL JUVENIL N° 06
0200374,JOSE JUAN BIEDMA 459,CENS N° 19 - EPC N° 24 VIRGEN GENERALA - JINB(EPCJC 24/07°)LA VELETA DE CABALLITO
0200375,MENDEZ DE ANDES 1451,EPC N° 25 REPUBLICA DE GUATEMALA
0200376,JULIAN ALVAREZ 123,ESC. DE COM. N° 16 GABRIELA MISTRAL
0200377,AVDA. RIVADAVIA 4817,EPC N° 03 PRIMERA JUNTA
0200377,CAMPICHUELO 100,JIC N° 02/07° PROF. M. MARGARITA RAVIOLI
0200378,JUAN B. AMBROSETTI 699,JM N° 05/07° JACARANDA
0200379,AVDA. DIAZ VELEZ 4659,Sup Inicial III A - JII N° 01/07° ANDRES FERREYRA
0200380,AVDA. RIVADAVIA 5161,ESC. DE COM. N° 23 DR. LUIS AGOTE - EC N° 29 MARINA MERCANTE ARGENTINA - COLEGIO N° 17 PRIMERA JUNTA - CAIYJ CLUB PRIMERA JUNTA
0200381,GRAL. MARTIN DE GAINZA 1050,ESC. TEC. N° 09 ING. LUIS A. HUERGO - CAIYJ CLUB HUERGO
0200382,AVDA. GAONA 1502,IFTS N° 07 - ESC. DE COM. N° 03 HIPOLITO VIEYTES
0200383,JUAN B. AMBROSETTI 601,CENS N° 57 - ESC. SUPERIOR DE ENFERMERÍA DRA. CECILIA GRIERSON SEDE
0200385,PADILLA 1051,EEM N° 03/07°
0200396,YERBAL 25,EEM N° 01/07 JULIETA LANTERI
0200397,FELIPE VALLESE 975,EPC N° 10 ARQ. MARIO JOSE BUSCHIAZZO - JINB(EPCJS 10/07°)LA VELETA DE CABALLITO
0200398,BACACAY 650,Polideportivo Colegio N° 03 M.Moreno
0200400,AVDA. EVA PERON 1502,EPC N° 01 CHACABUCO - JII N° 01/08° CIUDAD DE BUENOS AIRES - CENS N° 30
0200401,SANTANDER 1150,EPC N° 02 TOMAS SANTA COLOMA
0200402,PUAN 360,Centro Cultural Sebastián Piana - EPC N° 03 DR. MANUEL A. MONTES DE OCA
0200403,DEL BARCO CENTENERA 747,CONSERVATORIO SUPERIOR DE MÚSICA MANUEL DE FALLA - ANEXO 1 - EPC N° 04 ORG. DE LOS ESTADOS AMERICANOS - JINE(EPCJC 04/08)TRANVIA DE CABALLITO[S]
0200404,AVDA. LA PLATA 1038,JIN B (EPCJS 06/08°) [S] - EPC N° 06 SAN JOSE DE CALASANZ - EPA N° 06 SAN JOSE DE CALASANZ
0200405,AVDA. ASAMBLEA 1221,EPC N° 07 NIÑAS DE AYOHUMA - JIC N° 05/08° MARTHA A. SALOTTI - IFTS N° 27
0200406,AVDA. JOSE MARIA MORENO 480,JIN B (EPCJS 08/08°) - EPA N° 08 ANTONIO SCHETTINO - EPC N° 08 ANTONIO SCHETTINO
0200407,AVDA. LA PLATA 623,Sup Primaria DE08 - CENS N° 52 - JIN A (EPCJC 09/08°) - EPC N° 09 FLORENTINO AMEGHINO
0200408,CACHIMAYO 1657,EPC N° 10 JUAN AGUSTIN MAZA
0200409,AVDA. JUAN BAUTISTA ALBERDI 163,IFTS N° 13 - EPC N° 11 PRES. MARCELO T. DE ALVEAR - JIN A (EPCJC 11/08°) [S]
0200410,AVDA. PEDRO GOYENA 984,EPA N° 14 JOAQUIN VICTOR GONZALEZ - EPC N° 14 JOAQUIN VICTOR GONZALEZ - JINE(EPCJS 14/08°) TRANVIA DE CABALLITO
0200411,SARAZA 1353,JIC N° 03/08° - EPC N° 15 PROVINCIA DE SALTA
0200412,DON BOSCO 4200,JIN A (EPCJS 16/08°) - EPC N° 16 JOSE MARIA RAMOS MEJIA - CENOF CENTRO DON BOSCO - ESEA EN DANZA MASTRAZZI CURSO VOCACIONAL DE DANZA Y EXPRESIÓN CORPORAL INFANTIL N° 07
0200413,ESTRADA 627,EPC N° 17 PROF. RAUL L. BERNARDELLI - CENS N° 22
0200414,MUÑIZ 2147,EPC N° 20 ELOY FERNANDEZ ALONSO - JIN C (EPCJS 20/08°)
0200415,BEAUCHEF 1869,EPC N° 21 JUAN JOSE PASO - JIN C (EPCJS 21/08°)
0200416,SALAS 565,EPC N° 22 ANTONIO ABRAHAM ZINNY - CECEP N° 08 - CECIE N° 08
0200417,CACHIMAYO 1735,EPC N° 23 CANADA - CENS N° 68
0200418,SARAZA 470,EPC N° 24 DR. FLORIAN OLIVER - CENS N° 05 ([A] 2) - JIN C (EPCJC 24/08°) [S] - CAEBYT N° 36 - CAEBYT N° 28 - CENOF CENTRO SARAZA
0200419,VICTOR MARTINEZ 1780,ESCUELA INF. N° 04/08°
0200420,QUITO 4045,BOA N° 01 ANTONIO BERNI - COLEGIO N° 10 JOSE DE SAN MARTIN
0200421,AVDA. ASAMBLEA 153,CFP N° 06 CIFP P/ADOLES. (CIFPA)
0200422,HIPOLITO YRIGOYEN 4238,Sup Inicial IV A - JII N° 02/08° JORGE EDUARDO COLL
0200423,HORTIGUERA 742,ESC. INTEGRAL INTERDISCIPLINARIA N° 08 LUIS VERNET
0200425,AVDA. JOSE MARIA MORENO 345,LICEO N° 12 FRAY MAMERTO ESQUIU
0200426,FORMOSA 136,ESPACIO PRIMERA INFANCIA ESC. DE COM. N° 19 - ESC. DE COM. N° 19 JUAN MONTALVO - ESEA DANZA MASTRAZZI DANZA JUV. N°02
0200427,AVDA. RIVADAVIA 4950,ENS N°04 ESTANISLAO SEVERO ZEBALLOS - LICEO N° 02 AMANCIO ALCORTA
0200428,AVDA. CURAPALIGÜE 1150,ISEF N° 02 PROF. FEDERICO W. DICKENS
0200429,EMILIO MITRE 1087,"ESC. PARA NIÑOS, NIÑAS, JÓVENES Y ADULTOS CON DISCAPACIDAD MENTAL Y FORMACIÓN INTEGRAL N° 01 ALFONSINA STORNI"
0200430,SENILLOSA 650,EEE N° 33 SANTA CECILIA
0200431,AVDA. JUAN BAUTISTA ALBERDI 1083,"ESC. PARA NIÑOS, NIÑAS Y JÓVENES CON DISCAPACIDAD VISUAL N° 35 JOSÉ MANUEL ESTRADA"
0200432,CARLOS SPEGAZZINI 450,CFP N°11
0200440,COSTA RICA 4942,JIN C (EPCJC 01/09°) - EPC N° 01 REPUBLICA DE CUBA
0200441,AGUIRRE 752,JIC N° 03/09° LEOPOLDO MARECHAL
0200441,GURRUCHAGA 739,EPC N° 02 AUSTRALIA - IFTS N° 20
0200442,ZAPATA 449,JIN B (EPCJC 03/09°) - EPC N° 03 JUANA MANSO - CECIE N° 09
0200443,AVDA. RAUL SCALABRINI ORTIZ 1336,EPC N° 04 PROVINCIA DE CORDOBA
0200444,AVDA. DEL LIBERTADOR 4777,JII N° 05/09° - EPC N° 05 HON. CONGRESO DE LA NACION - CECEP N° 09 ([A])
0200445,AVDA. SANTA FE 5039,JII N° 06/09° - EPC N° 06 VICENTE FIDEL LOPEZ - EPA N° 06 VICENTE FIDEL LOPEZ
0200446,VIRREY LORETO 3050,EPC N° 07 MARCOS SASTRE - JIN A (EPCJC 07/09°)
0200447,ARCE 611,JIN A (EPCJC 08/09°) - EPC N° 08 ARMENIO-ARGENTINA
0200448,GORRITI 5740/5744,JINB(EPCJC 09/09°)[S]JARD.DE LOS PUENTES - EPC N° 09 JUAN CRISOSTOMO LAFINUR
0200449,OLLEROS 2325,JIN A (EPCJS 10/09°) [S] - EPC N° 10 MANUEL LAINEZ - ESCUELA DE MAESTROS ([A] 11)
0200450,MALABIA 2252,EPC N° 11 MANUELA PEDRAZA
0200451,CONDE 943,EPC N° 12 MARISCAL DEL PERU R.CASTILLA
0200452,CONDE 223,JIC N° 07/09° EL JARDIN DE LAS GLICINAS - EPC N° 13 RAUL SCALABRINI ORTIZ - CECEP N° 09 (SEDE)
0200453,AREVALO 1408,JIN D (EPCJC 14/09°) [S] - EPC N° 14 PROVINCIA DE RIO NEGRO - CENOF CENTRO AREVALO
0200454,AVDA. FEDERICO LACROZE 2971,JIN B (EPCJS 15/09°) - EPC N° 15 CAP. GRAL. BERNARDO O'HIGGINS - EPA N° 15 CAP. GRAL. BERNARDO O'HIGGINS
0200455,MOLDES 1102,EPC N°16 CAP.DE FRAGATA CARLOS M.MOYANO - EPA N° 16 CAP.DE FRAGATA CARLOS M.MOYANO
0200456,PARAGUAY 4301,CAI N° 17 DE 09 - JII N° 04/09° - EPC N° 17 BLAS PARERA - EPA N° 17 BLAS PARERA
0200457,MALABIA 964,EPC N° 18 YAPEYU - JIN D (EPCJC 18/09°) - ESC. DE MUSICA N° 08
0200458,HUMBOLDT 742,JIN D (EPCJS 19/09°) - EPC N° 19 PROVINCIA DEL CHUBUT - CAIYJ CHACARITA
0200459,GUEMES 4610,JIN C (EPCJC 20/09°) [S] - EPC N° 20 CARLOS MARIA BIEDMA - ESEA EN DANZA RAMICONE CURSO VOCACIONAL DE FOLKLORE N° 09
0200460,THAMES 1361,JIN C (EPCJS 23/09°) - EPC N° 23 DR. JOSE MARIA BUSTILLO - EPA N° 23 DR. JOSE MARIA BUSTILLO
0200461,AVDA. DEL LIBERTADOR 4903,EPC N° 30 GRANADEROS DE SAN MARTIN - JIC N° 02/09° GRANADEROS DE SAN MARTIN - ESCUELA DE MAESTROS ([A] 07)
0200462,MOLDES 1220,Sup Inicial IX A - JIC N° 09/09°
0200464,URIARTE 2235,JII N° 01/09° DR. ALFREDO PALACIOS
0200465,EL SALVADOR 5528,ESPACIO PRIMERA INFANCIA COLEGIO N°04 - COLEGIO N° 04 NICOLAS AVELLANEDA - CAIYJ CLUB AVELLANEDA
0200466,ANGEL JUSTINIANO CARRANZA 2045,ESC. DE COM. N° 31 NACIONES UNIDAS - IFTS N° 03 - ESEA EN DANZA MASTRAZZI CURSO VOCACIONAL DE DANZA Y EXPRESIÓN CORPORAL JUVENIL N° 04
0200467,AVDA. SANTA FE 3727,CENS N° 38 - IFTS N° 22 - ESC. TEC. N° 02 OSVALDO MAGNASCO
0200468,AVDA. CABILDO 40,ESC. TEC. N° 03 MARIA SANCHEZ DE THOMPSON
0200469,LOYOLA 1500,Sup Media Region VIII A Sup Media Tecnica Region VIII - ESC. TEC. N° 34 ING. ENRIQUE MARTIN HERMITTE
0200470,MALABIA 2148,EEM N° 07/09° MARIA CLAUDIA FALCONE
0200471,AVDA. GRAL. LAS HERAS 4078,ESC. TEC. DE JARDINERIA CRISTOBAL M. HICKEN
0200472,AVDA. DORREGO 3751,INST. SUPERIOR DEL PROF. DE EDUC. INICIAL SARA CHAMBERLAIN DE ECCLESTON (SEDE)
0200473,JUAN FRANCISCO SEGUI 3755,CENTRO EDUCATIVO PARA NIÑOS EN TIEMPOS Y ESPACIOS SINGULARES N° 02
0200474,NICARAGUA 5732,"ESC. PARA NIÑOS, NIÑAS, JÓVENES Y ADULTOS CON DISCAPACIDAD MENTAL Y FORMACIÓN INTEGRAL N° 04 DR. RAFAEL  ARCONE"
0200475,RAUL SCALABRINI ORTIZ 2760,ESC. PARA NIÑOS Y NIÑAS CON SEVEROS TRASTORNOS DE LA PERSONALIDAD N° 17 ARMINDA ABERASTURY
0200476,GUEMES 4059,ESC. PARA NIÑOS Y NIÑAS CON DISCAPACIDAD MENTAL N° 25 MACACHA GÜEMES
0200477,DARREGUEYRA 2460,"ESC. PARA NIÑOS, NIÑAS Y JÓVENES CON PLURIDISCAPACIDAD N° 26 DR. JORGE GARBER"
0200478,BONPLAND 1314,"ESC. DOMICILIARIA PARA NIÑOS, NIÑAS Y JÓVENES CON DISCAPACIDAD N° 08"
0200479,LA PAMPA 1240,ESC. INTEGRAL INTERDISCIPLINARIA N° 09
0200480,BONPLAND 1324,JM N° 08/09° ABRIENDO CAMINOS
0200487,GUEMES 4615,Superv.Educ.Prim.Zona E Región IX-DE 09
0200491,AVDA. DORREGO 3723,INST. SUPERIOR DEL PROF. DE EDUCACIÓN INICIAL SARA CHAMBERLAIN DE ECCLESTON - JIC MITRE
0200496,CUBA 2039,EPC N° 01 CASTO MUNITA - JIC N° 03/10° [A] - CENOF CENTRO CUBA - ESEA EN DANZA MASTRAZZI CURSO VOCACIONAL DE DANZA Y EXPRESIÓN CORPORAL JUVENIL N° 09
0200497,MOLDES 1854,Superv.Educ.Prim. Zona E Región IX-DE10 - EPC N° 03 ESTEBAN ECHEVERRIA
0200498,JUANA AZURDUY 2541,EPC N° 04 CNEL. C. F. BRANDSEN - JIN C (EPCJS 04/10°)
0200499,MOLDES 2043,EPC N° 05 JUAN BAUTISTA ALBERDI - JIC N° 03/10° SEDE - CECIE N° 10
0200500,BESARES 2990,EPC N° 06 MANUEL DORREGO
0200501,AVDA. CABILDO 3615,Sup Inicial IX B - EPC N° 07 MANUEL J. GARCIA - CENOF CENTRO CABILDO
0200501,VUELTA DE OBLIGADO 3552,JM N° 07/10°
0200502,MENDOZA 1000,EPC N° 08 ALTE. RAMON GONZALEZ FERNANDEZ - JII N° 04/10°
0200503,O'HIGGINS 3050,JIN A (EPCJS 09/10°) [S] - EPC N° 09 EVARISTO JULIO BADIA
0200504,11 DE SEPTIEMBRE DE 1888 3451,JIN A (EPCJC 10/10°) - EPC N° 10 JOAQUIN MARIA CULLEN
0200505,AVDA. INTENDENTE CANTILO Y LA PAMPA,EPC N° 11 PRIMER MINISTRO INDIRA GANDHI - JIN D (EPCJC 11/10°)
0200506,AVDA. CRAMER 3271,JIC N° 09/10° - EPC N° 12 PROF. RODOLFO SENET - CENS N° 81
0200507,RUIZ HUIDOBRO 2643,JIN E (EPCJS 13/10°) - EPC N° 13 RICARDO MONNER SANS
0200508,ROQUE PEREZ 3545,EPC N°14 FRAY MARTIN DEL BARCO CENTENERA - JIC Nº 10 DE 10
0200509,PICO 2689,JIC N° 05/10° PABLO PICASSO - EPA N° 15 PROVINCIA DE SANTA FE - EPC N° 15 PROVINCIA DE SANTA FE
0200510,AVDA. CONGRESO 3045,EPC N° 16 REPUBLICA DOMINICANA - JIN C (EPCJS 16/10°) - EPA N° 16 REPUBLICA DOMINICANA
0200511,ARCOS 2440,EPC N° 17 DR. JUAN BALESTRA
0200512,LA PAMPA 3855,EPC N° 18 JOSE HERNANDEZ
0200513,AVDA. MONROE 3000,EPA N° 19 PABLO A. PIZZURNO - EPC N° 19 PABLO A. PIZZURNO - JIN C (EPCJS 19/10°) [S]
0200514,AVDA. CONGRESO 1553,JIN A (EPCJS 20/10°) - EPC N° 20 VICEALM. VICENTE E. MONTES - ESEA EN DANZA MASTRAZZI CURSO VOCACIONAL DE DANZA Y EXPRESIÓN CORPORAL JUVENIL N° 10
0200515,PINTO 3910,EPC N° 21 CNEL. CORNELIO SAAVEDRA - JIN E (EPCJC 21/10°) [S]
0200516,FRANKLIN DELANO ROOSEVELT 1510,JIN D (EPCJC 22/10°) [S] - EPC N° 22 REMEDIOS DE ESC. DE SAN MARTIN
0200517,MCAL. ANTONIO JOSE DE SUCRE 1367,EPC N° 23 JOSE CLEMENTE PAZ - JIN D (EPCJS 23/10°) - EPA N° 23 JOSE CLEMENTE PAZ
0200518,AVDA. RUIZ HUIDOBRO 3853,EPC N° 25 REPUBLICA DE TURQUIA - EPA N° 25 REPUBLICA DE TURQUIA - CENS N° 53 - JII N° 02/10° MERCEDITAS - CAI SAAVEDRA MITRE - PI NUEVE LUNAS
0200519,RAMSAY 2250,CFP N° 07
0200520,MCAL. ANTONIO JOSE DE SUCRE 2284,JII N° 01/10° ATHOS PALMA
0200521,CONESA 1855,LICEO N° 09 SANTIAGO DERQUI
0200523,AVDA. MIGUEL SANCHEZ 1050,INST. SUPERIOR DE DEPORTES - EEM N° 03/10°
0200523,AVDA. MIGUEL SANCHEZ 1338,INST. SUPERIOR DE EDUCACIÓN FÍSICA N° 01 DR. ENRIQUE ROMERO BREST
0200524,O'HIGGINS 3401,ESC. INTEGRAL INTERDISCIPLINARIA N° 10 ALFÉREZ DE NAVÍO JOSÉ MARÍA SOBRAL
0200525,CARLOS E. ZUBERBÜHLER 1850,COLEGIO N° 08 JULIO ARGENTINO ROCA
0200526,AVDA. MONROE 3061,ESC. DE COM. N° 07 MANUEL BELGRANO
0200526,FRANKLIN ROOSEVELT 3060,PI EL MUNDO DEL REVÉS - EEM N° 02/10° E.REINGRESO
0200527,AVDA. CRAMER 2136,EEM N° 05/10° HEROES DE MALVINAS
0200528,AVDA. DEL LIBERTADOR 8635,ESC. TEC.S RAGGIO
0200529,NUÑEZ 3620,ESC. TEC. N° 21 FRAGATA ESCUELA LIBERTAD
0200530,CUBA 2410,ESC. TEC. N° 28 REPUBLICA FRANCESA
0200531,JURAMENTO 2945,CBFO N° 03 OLGA COSSETTINI
0200532,O'HIGGINS 2441,ENS N° 10 JUAN BAUTISTA ALBERDI (SEDE)
0200533,3 DE FEBRERO 2463,ENS N° 10 JUAN BAUTISTA ALBERDI ([A]) - CAIYJ CLUB BELGRANO / NUÑEZ
0200542,LA CACHILA 8631,ET Raggio (anexo: Polideportivo)
0200549,CNEL. RAMON L. FALCON 4126,CENS N° 09 - EPC N° 01 JOSE ALFREDO FERREIRA - JIN B (EPCJC 01/11°) - CAIYJ VELEZ SARSFIELD - PI LUCERITOS
0200550,CNEL. RAMON L. FALCON 4151,JIN B (EPCJC 02/11°) - EPC N° 02 MAXIMIO S. VICTORIA
0200551,MARIANO ACOSTA 45,JIN B (EPCJC 03/11°) - EPA N° 03 ANGELA M. DE CAVIGLIA - EPC N° 03 ANGELA M. DE CAVIGLIA
0200552,AVDA. SAN PEDRITO 1415,EPC N° 04 BENJAMIN ZORRILLA - JIC N° 02/11°
0200553,PORTELA 734,JIN C (EPCJS 05/11°) HERMINIA BRUMANA - EPC N° 05 ALBINA GARCIA DE RYAN
0200554,AVDA. VARELA 1040,EPA N° 06 DR. CARLOS VAZ FERREIRA - EPC N° 06 DR. CARLOS VAZ FERREIRA
0200555,PUMACAHUA 1247,JIN D (EPCJS 07/11°) SIN FRONTERAS - EPC N° 07 TTE. MANUEL FELIX ORIGONE
0200556,VARELA 358,JIN C (EPCJS 08/11°) HERMINIA BRUMANA - EPC N° 08 CNEL.ING.PEDRO ANTONIO CERVIÑO
0200557,CNEL. RAMON L. FALCON 2934,JIN C (EPCJC 09/11°) HERMINIA BRUMANA - EPC N° 09 JOSE MARIA PAZ - ESEA EN DANZA RAMICONE CURSO VOCACIONAL DE FOLKLORE N° 11
0200558,AVDA. LAFUENTE 559,JINC (EPCJC 10/11°) [S] HERMINIA BRUMANA - EPC N° 10 ING. OCTAVIO S. PICO - CECIE N° 11
0200559,GREGORIO DE LAFERRERE 3624,EPC N° 11 DR. PEDRO GOYENA - JINA (EPCJC 11/11°) BALDOMERO F. MORENO
0200560,AVDA. VARELA 753,EPC N° 12 RECONQUISTA - CENOF CENTRO VARELA - ESC. PRIM. 12/11°
0200561,LAUTARO 1440,JIN D (EPCJC 13/11°) SIN FRONTERAS - EPC N° 13 FRANCISCA JACQUES
0200562,PERGAMINO 211,ESC. TEC. N° 37 HOGAR NAVAL STELLA MARIS - EPC N° 14 HOGAR NAVAL STELLA MARIS - ESEA EN DANZA RAMICONE CURSO VOCACIONAL DE FOLKLORE N° 01
0200563,AVDA. CARABOBO 253,Sup Primaria DE 11 - JIN D (EPCJS 15/11°) [S] SIN FRONTERAS - EPA N° 15 REPUBLICA ORIENTAL DEL URUGUAY - EPC N° 15 REPUBLICA ORIENTAL DEL URUGUAY
0200564,PRIMERA JUNTA 3445,EPC N°16 DR.F.J.E.DE SANTA CRUZ Y ESPEJO - JIN A (EPCJS 16/11°) BALDOMERO F. MORENO
0200565,GRAL. EUGENIO GARZON 3950,JIN B (EPCJC 17/11°) [S] - EPC N° 17 GRAL. JUAN GALO LAVALLE
0200566,JOSE BONIFACIO 3650,JIN B (EPCJS 19/11°) - EPC N° 19 FRAGATA ARA LIBERTAD
0200567,BALDOMERO FERNANDEZ MORENO 3652,JINA(EPCJC 20/11°)[S]BALDOMERO F.MORENO - EPC N° 20 ANTONIO ALICE
0200568,AVELINO DIAZ 2356,EPC N° 22 HIPOLITO BOUCHARD
0200569,SAN PEDRITO 1137,EPC N° 23 GRAL. DE DIV. MANUEL N. SAVIO
0200570,LAUTARO 752,Sup Inicial IV B - EPC N° 24 DR. PEDRO AVELINO TORRES - JII N° 03/11° - ESC. DE MUSICA N° 07
0200571,CNEL. RAMON L. FALCON 2248,ESC. DE COM. N° 09 JOSE INGENIEROS
0200572,AVDA. JUAN BAUTISTA ALBERDI 1845,ESC. TEC. N° 05 MARIA DE ESCALADA DE SAN MARTIN
0200573,AVDA. VARELA 1425,ESCUELA INF. N° 04/11° - CAIYJ FLORES
0200574,AVDA. CARABOBO 286,LICEO N° 05 PASCUAL GUAGLIANONE - ESC. TEC.  N° 18 JOSE ANTONIO ALVAREZ CONDARCO
0200575,PUMACAHUA 390,ESC. DE COM.  N° 21 CAP. DE NAVIO HIPOLITO BOUCHARD
0200576,AVDA. SAN PEDRITO 341,JII N° 01/11°
0200579,MARIANO ACOSTA 1071,EPC N° 21 MARIA SKLODOWSKA DE CURIE - JINA(EPCJS 21/11°) BALDOMERO F. MORENO
0200584,YERBAL 2370,JIN A (EPCJC 01/12°) - EPC N°01 M.DE BELLAS ARTES GRAL. URQUIZA
0200585,CARACAS 10,EPC N° 02 FLORENCIO VARELA - EPA N° 02 FLORENCIO VARELA
0200586,JOAQUIN V. GONZALEZ 180,JIN D (EPCJC 03/12°) [S] - EPC N° 03 EMILIO GIMENEZ ZAPIOLA - EPA N° 03 EMILIO GIMENEZ ZAPIOLA - CECIE N° 12
0200587,CARACAS 1249,JIN A (EPCJS 04/12°) [S] - EPC N° 04 PROVINCIA DE LA PAMPA - ESEA EN DANZA MASTRAZZI  JUV. N° 05
0200588,GRAL. JOSE GERVASIO DE ARTIGAS 878,JIN A (EPCJC 05/12°) - EPC N° 05 REPUBLICA DE EL SALVADOR
0200589,CARACAS 2057,EPC N° 06 DR. ALFREDO L. PALACIOS
0200590,SAN BLAS 2962,EPC N° 07 JORGE NEWBERY
0200591,GRAL. CESAR DIAZ 3050,EPC N° 08 QUINTINO BOCAYUVA - EPA N° 08 QUINTINO BOCAYUVA
0200592,BACACAY 3542,JIN D (EPCJS 09/12°) - EPC N° 09 LIC. DON MAURO FERNANDEZ - CENS N° 85
0200593,MERCEDES 1405,JIC N° 03/12° BANDERIN - EPC N°10 CNEL.DE MARINA LEONARDO ROSALES
0200594,DR. LUIS BELAUSTEGUI 3751,JIN C (EPCJS 11/12°)(SEDE) - EPC N° 11 ANDRES BELLO
0200595,AVDA. AVELLANEDA 2547,JIC N° 02/12° PROVIMCIA DE CHACO - EPC N° 12 PROVINCIA DEL CHACO
0200596,DR. JUAN FELIPE ARANGUREN 2400,EPC N° 15 CNEL. C. T. SOURIGUES - CENOF CENTRO ARANGUREN
0200597,BAHIA BLANCA 1551,EPC N° 16 ERNESTO ALEJANDRO BAVIO - JIN C (EPCJC 16/12°) - CAIYJ CLUB FLORESTA
0200598,ALEJANDRO MAGARIÑOS CERVANTES 2865,EPC N° 17 CASILDA IGARZABAL DE ROD.PEÑA - JIN C (EPCJS 17/12°) - CECIE N° 23
0200599,FRAY CAYETANO RODRIGUEZ 95,JIN A (EPCJC 19/12°) - EPC N° 19 LEANDRO NICEFORO ALEM - CENS N° 76
0200600,GRAL. VENANCIO FLORES 3869,EPC N° 23 SATURNINO SEGUROLA
0200601,MORON 3745,JIN D (EPCJC 24/12°) - EPC N° 24 PADRE CASTAÑEDA
0200602,REMEDIOS DE ESCALADA DE SAN MARTIN 2986,EPC N° 25 INSP.GEN. ALFREDO DANIEL ZUMDA - JIN C DE 12 (ESC. PRIM. Nº 11 DE 12)
0200603,SAN BLAS 2238,JIC N° 06 DE 12
0200604,JOAQUIN V. GONZALEZ 307,JII N° 01/12° RITA LATALLADA DE VICTORIA
0200605,DR. JUAN FELIPE ARANGUREN 2605,JM N° 05/12° H° DR. T. ALVAREZ
0200606,CONDARCO 290,COLEGIO N° 09 JUSTO JOSE DE URQUIZA
0200607,PJE. LA PORTEÑA 54,ESC. TEC. N° 06 FERNANDO FADER
0200608,BOGOTA 2759,EEM N° 01/12° JULIO CORTAZAR
0200609,GRAL. JOSE GERVASIO DE ARTIGAS 690,CFP N° 24 (SEDE)
0200610,CAMARONES 3559,ESC. PARA JÓVENES Y ADULTOS CON DISCAPACIDAD MENTAL Y FORMACIÓN INTEGRAL N° 16 DRA. C TOBAR GARCÍA
0200611,GAVILAN 1464,ESC. INTEGRAL INTERDISCIPLINARIA N° 12
0200612,SAN NICOLAS 588,CENS N° 56 - CE DE NIVEL PRIMARIO - SEDE SUPERVISION - CENTRO EDUCATIVO DE NIVEL PRIMARIO N° 28 - CENOF CENTRO SAN NICOLAS - CENTRO EDUCATIVO CURSOS ESPECIALES - (SEADAD)
0200615,CARACAS 48,Superv.Educ Prim. Zona D RegiónVII-DE 12
0200618,CONDARCO 1129,EPC N° 14 ENRIQUE G. PARKER - JIC N°04/12 CONV.INTER. DER.DEL NIÑO - CECEP N° 12 - ESEA EN DANZA RAMICONE CURSO VOCACIONAL DE FOLKLORE N° 19 - ESEA EN DANZA RAMICONE CURSO VOCACIONAL DE FOLKLORE N° 14
0200619,RAFAELA 5159,JIN D (EPCJC 01/13°) [S] - EPC N° 01 PROF. JOSE ONAINDIA
0200620,CHASCOMUS 5598,EPC N° 02 PATRIA GRANDE - JIN B (EPCJC 02/13°)
0200621,AVDA. LARRAZABAL 1556,JIN B (EPCJC 03/13°) - EPC N° 03 EDUARDO LADISLAO HOLMBERG - ESC. DE MUSICA N° 06
0200622,MANUEL ARTIGAS 5951,Sup Inicial V A A Sup Primaria DE13 - EPC N° 04 REPUBLICA DEL BRASIL - JIN B (EPCJC 04/13°) [S]
0200623,ZINNY 1641,JINC(EPCJS 05/13°)NIÑOS LATINOAMERICANOS - EPA N° 05 ROBERTO BILLINGHURST - EPC N° 05 ROBERTO BILLINGHURST
0200624,CNEL. RAMON L. FALCON 4801,EPC N° 06 CARLOS GUIDO Y SPANO - JIN D (EPCJC 06/13°)
0200625,AVDA. JUAN BAUTISTA ALBERDI 4755,EPC N° 07 RECUERDOS DE PROVINCIA - JIN D (EPCJS 07/13°) - CENOF CENTRO ALBERDI
0200626,SARAVIA 2358,JINC(EPCJS 08/13)[S]NIÑOS LATINOAMERIC. - EPC N° 08 REINO DE THAILANDIA - CENOF CENTRO HOMERO
0200627,MIRALLA 2666,EPC N° 09 HOMERO MANZI - CENS N° 91
0200628,LACARRA 1135,EPC N° 10 ANTONIO ZACCAGNINI - JII N° 03/13° JARDIN DEL PARQUE
0200629,OLIDEN 2851,EPC N° 11 PONCIANO VIVANCO - JIC N° 01/13°
0200630,LARRAYA 2055,EPC N° 12 PRESB. PROF.V.MONTES CARBALLO - JIN A (EPCJC 12/13°)
0200631,BRAGADO 5350,EPC N° 13 PROF. LUZ VIEIRA MENDEZ - JIN B (EPCJS 13/13°) - CENS N° 82
0200632,SAN PEDRO 5845,JIN A (EPCJS 14/13°) [S] - EPC N° 14 JOSE ANTONIO CABRERA
0200633,AVDA. TTE. GRAL. DELLEPIANE 4750,JIC N° 02/13° - EPC N° 15 REPUBLICA ARGENTINA - CECEP N° 13 MARTIN MALHARRO
0200634,GRAL. EUGENIO GARZON 4346,JINC(EPCJS 16/13°)NIÑOS LATINOAMERICANOS - EPC N° 16 DR. TOMAS A. LE BRETON
0200635,SAN PEDRO 4457,EPC N° 18 DRA.ELVIRA R. DE DELLEPIANE - JINC(EPCJC 18/13°)NIÑOS LATINOAMERICANOS
0200636,ALBARIÑO 2062,EPC N°19 CAJA NAC. DE AHORRO Y SEGURO - JIN A (EPCJS 19/13°)
0200637,HOMERO 1157,EPC N° 20 SARGENTO JUAN BAUTISTA CABRAL - EPA N° 20 SARGENTO JUAN BAUTISTA CABRAL
0200638,JOSE ENRIQUE RODO 4431,JIN D (EPCJC 21/13°) - EPC N° 21 PEDRO INCHAUSPE
0200639,ECHEANDIA 5650,EPA N°22 SANTA MARIA DE LOS BUENOS AIRES - EPC N°22 SANTA MARIA DE LOS BUENOS AIRES
0200640,AVDA. BRUIX 4620,JIN D (EPCJC 24/13°) - EPC N° 24 SARA DE ELIA DE GIMENEZ - CECIE N° 13 MARTIN LUTHER KING
0200641,ACASSUSO 5860,ESC. DE COM.  N° 32 JOSE LEON SUAREZ [S]
0200642,MURGUIONDO 1568,Sup Media Region V - LICEO N° 08 ESTEBAN ECHEVERRIA
0200643,PIO COLLIVADINO 436,ESC. TEC. N° 08 PAULA ALBARRACIN DE SARMIENTO
0200644,LACARRA 535,Sup Media Tecnica Region V Oeste - ESC. TEC.  N° 17 BRIG. GRAL. CORNELIO SAAVEDRA - CAIYJ LACARRA
0200645,LACARRA 621,ESC. TEC. N° 23 CASAL CALVIÑO
0200647,AVDA. TTE. GRAL. DELLEPIANE Y AVDA. ESCALADA,ESC. DE COM. N° 06 AMERICA - EEM N° 01/13° MANUEL MUJICA LAINEZ - CAIYJ CLUB AMERICA
0200648,BASUALDO 2850,ESCUELA INF. N° 05/13° - ESCUELA INF. N° 04/13°
0200650,OLIDEN 1245,Esc. de Teatro Niní Marschall
0200655,ACASSUSO 6138,ESC. DE COM. N° 32 JOSE LEON SUAREZ [A]
0200657,OTERO 271,EPC N° 01 RUBEN DARIO - JIN B (EPCJC 01/14°) (SEDE)
0200658,ROSETI 1450,EPC N° 02 GRAL. MARIANO ACHA
0200659,GIRARDOT 1946,EPC N° 03 ING. ALVAREZ CONDARCO - JIN C (EPCJC 03/14°) [S]
0200660,14 DE JULIO 546,EPC N° 04 GRAL. JUAN ANTONIO LAVALLEJA
0200661,COMBATIENTES DE MALVINAS 3234,EPC N° 05 ENRIQUE DE VEDIA - JIN C (EPCJS 05/14°) - CECIE N° 24
0200662,AVDA. JORGE NEWBERY 4436,EPC N° 08 CARMEN C. DE MENDEZ CASARIEGO - JIN B (EPCJC 08/14°)
0200663,ESPINOSA 2547,EPC N° 10 REPUBLICA DEL ECUADOR - CECIE N° 14
0200664,CASAFOUST 761,EPC N° 11 DR. ENRIQUE MOSCA
0200665,FITZ ROY 171,EPC N° 12 HERMINIA BRUMANA
0200666,ALMTE. FRANCISCO J. SEGUI 2580,EPC N° 13 PROVINCIA DEL NEUQUEN - JII N° 06/14°
0200667,AVDA. JORGE NEWBERY 3664,EPC N° 14 DR. LUIS AGOTE - CENS N° 74
0200668,JUAN AGUSTIN GARCIA 1511,JIN B (EPCJC 15/14°) - EPC N° 15 PROVINCIA DE MENDOZA - CENOF CENTRO JUAN AGUSTIN GARCIA
0200669,AVDA. ALVAREZ JONTE 1964,EPC N° 16 FRAY JUSTO SANTA MARIA DE ORO - JIN D (EPCJS 16/14°) - EPA N° 16 FRAY JUSTO SANTA MARIA DE ORO
0200670,GRAL. ENRIQUE MARTINEZ 1432,EPC N° 17 MONSEÑOR GUSTAVO J. FRANCESCHI
0200671,AVDA. FEDERICO LACROZE 3839,EPC N° 18 CABILDO DE BUENOS AIRES - EPA N° 18 CABILDO DE BUENOS AIRES
0200672,AVDA. ELCANO 4861,EPC N° 20 REPUBLICA DE HONDURAS - JIN C (EPCJC 20/14°)
0200673,MARTINEZ ROSAS 1364,EPC N° 21 ALTE. SEGUNDO R. STORNI - JIN B (EPCJC 21/14°)
0200674,AVDA. DE LOS CONSTITUYENTES 3100,EPC N° 22 AGRONOMIA - JII N° 04/14
0200675,GRAL. MANUEL A. RODRIGUEZ 2332,EPC N° 23 ALFREDO RODOLFO BUFANO - JIN B (EPCJC 23/14°)
0200676,BOLIVIA 2569/2571,Supervisión Primaria DE 14 - EPC N° 24 FRANCISCO BEIRO - JIN D (EPCJS 24/14°) [S]
0200677,AVDA. SAN MARTIN 5021,EPC N° 25 CARMEN SONDA DE PANDOLFINI - EPA N° 25 CARMEN SONDA DE PANDOLFINI
0200678,CARACAS 2372,JIN D (EPCJC 26/14°) - EPC N° 26 DELFINA DE VEDIA DE MITRE - CENS N° 86
0200679,NICASIO OROÑO 2131,ESC. DE COM.  N° 20 DR. JUAN AGUSTIN GARCIA
0200680,BALBOA 210,CENS N° 21 - CENS N° 61 - CENS N° 10
0200681,OLLEROS 3621,Sup Inicial X A - JII N° 03/14° EL JARDIN DE OLLEROS
0200682,LEIVA 4274,JM N° 01/14° PAULA ALBARRACIN
0200683,AVDA. DEL CAMPO 1340,ESC. DE COM. N° 24 DR. DALMACIO VELEZ SARSFIELD
0200684,TEODORO GARCIA 3871,Sup Media Region IV A Sup Media Tecnica Region IV A UTN - ESC. TEC. N° 32 GRAL. JOSE DE SAN MARTIN - CAIYJ CHACARITA - ESCUELA DE MAESTROS (ANEXO 08)
0200685,GIRIBONE 1961,Sup Educacion Especial. Escal C A Centro Cultural Roberto Santoro - ESC. PARA JÓVENES Y ADULTOS CON DISCAPACIDAD MENTAL Y FORMACIÓN INTEGRAL N° 18 C M ESTRADA DE CANO
0200686,AVDA. TRIUNVIRATO 3626,ESC. INTEGRAL INTERDISCIPLINARIA N° 14
0200687,AVDA. CHORROARIN 305,EEM N° 01/14° FEDERICO GARCIA LORCA - CAIYJ CLUB GARCIA LORCA
0200688,COMBATIENTES DE MALVINAS 3002,ESCUELA INF. N° 02/14° H° TORNU
0200689,BOYACA 2152,EEM N° 02/14° ARGENTINOS JUNIORS
0200691,DELGADO 769,CFP N° 20
0200699,CHARLONE 1525/1533,EPC N° 02 Gral. Mariano Acha (Polid.)
0200703,AVDA. TRIUNVIRATO 5101,JIN A (EPCJC 01/15°) - EPC N° 01 CNEL. JOSE DE OLAVARRIA - ESC. DE MUSICA N° 09
0200704,AVDA. TRIUNVIRATO 4857,JIN A (EPCJC 02/15°) [S] - EPC N° 02 JUANA MANUELA GORRITI - EPA N° 02 JUANA MANUELA GORRITI
0200705,MANUELA PEDRAZA 4548,EPC N° 03 REPUBLICA DE COSTA RICA - JIN C (EPCJC 03/15°) - CECIE N° 15
0200706,AVDA. ALVAREZ THOMAS 3391,EPC N° 04 PROVINCIA DE BUENOS AIRES
0200707,JURAMENTO 4849,EPC N° 08 JORGE ANGEL BOERO
0200708,ECHEVERRIA 5034,EPC N° 09 DOMINGUITO - CENS N° 78
0200709,BUCARELLI 1950,EPC N° 10 DR. RAMON J. CARCANO
0200710,CAPDEVILA 3156,EPC N° 11 FRAY LUIS BELTRAN - JIN A (EPCJC 11/15°)
0200711,VALDENEGRO 3525,EPC N° 12 ESPAÑA - JIN C (EPCJC 12/15°) [S] - PI VALDENEGRO
0200712,MARIANO ACHA 4452,EPC N° 13 DR. IGNACIO LUCAS ALBARRACIN
0200713,DEHEZA 4728,EPC N° 14 DR. VICENTE CARMELO GALLO - JIN C (EPCJC 14/15°)
0200714,TRONADOR 2861,JII N° 02/15° JUAN M. COGHLAN - EPC N° 15 MANUEL ANTONIO ACEVEDO
0200715,AVDA. TRIUNVIRATO 4247,EPA N° 16 EJERCITO DE LOS ANDES - EPC N° 16 EJERCITO DE LOS ANDES
0200716,JOSE PASCUAL TAMBORINI 5324,EPC N° 17 GAUCHOS DE GÜEMES - JIN A (EPCJS 17/15°)
0200717,ARIAS 4763,EPC N° 18 JUAN B. TERAN - JIN C (EPCJS 18/15°)
0200718,ROGELIO YRURTIA 5806,EPC N° 19 NACIONES UNIDAS - JIC N° 01/15° - CAIYJ CLUB SAAVEDRA
0200719,MARIANO ACHA 2250,EPC N° 21 LIC. JUSTO JOSE NUÑEZ
0200720,JOSE PASCUAL TAMBORINI 3948,EPC N° 22 FELIX DE AZARA
0200721,DR. PEDRO RIVERA 4151,ESCUELA DOMICILIARIA Nº 01 DE 15 - Supervisión Escuela Especial B - Supervisión Escuela Especial C - Delegación Administrativa de Educación Especial Escalafón A y B - Delegación Distrito Administrativo N 15 - Delegación Distrito Administrativo VII (media) - Supervisión Escuela Especial A
0200722,CARBAJAL 4019,Sup Primaria DE15 - EPC N° 26 JOSE MARMOL
0200723,ANDONAEGUI 1532,EPC N° 27 PETRONILA RODRIGUEZ
0200724,BALLIVIAN 2329,BACHILLERATO A DISTANCIA ADULTOS 2000
0200726,AVDA. TRIUNVIRATO 4992,COLEGIO N° 16 GUILLERMO RAWSON - COLEGIO N° 12 RECONQUISTA - LICEO N° 11 CORNELIO SAAVEDRA
0200727,VALDENEGRO 3523,ESC. DE COM. N° 28 ABRAHAM LINCOLN - ESC. DE COM. N° 15 DRA. CECILIA GRIERSON
0200728,TRONADOR 4134,EEM N° 05/15°
0200728,TRONADOR 4136,EEM N° 05/15°
0200729,QUESADA 4357,"ESC. PARA NIÑOS, NIÑAS Y JÓVENES CON PLURIDISCAPACIDAD MOTORA N° 11 DR. AQUILES GAREISO"
0200730,BLANCO ENCALADA 4863,JII N° 04/15°
0200736,ZELADA 6240,JM N° 06/13
0200737,DONADO 2057,EPC Nº 21 Lic. J.J.Núñez [A: Polidep.]
0200738,DONADO 2083,EPC Nº 08 Jorge A. Boero [A: Polidep.]
0200740,FERNANDEZ DE ENCISO 4451,Sup Primaria DE16 - EPC N° 01 DR. DELFIN GALLO - EPA N° 01 DR. DELFIN GALLO - JIC N° 03/16° MAFALDA
0200741,AVDA. SAN MARTIN 6387,JIN B (EPCJC 02/16°) JUANA AZURDUY [S] - EPC N° 02 REPUBLICA DE PANAMA - CECIE N° 16
0200742,CONDARCO 3984,EPC N° 03 GRECIA - JII N° 02/16° AIME PAINE - ESEA EN DANZA MASTRAZZI CURSO VOCACIONAL DE DANZA Y EXPRESIÓN CORPORAL INFANTIL N° 03
0200743,TERRADA 3983,EPC N° 04 CNEL. MAYOR I. ALVAREZ THOMAS - JIN B (EPCJC 04/16°) JUANA AZURDUY
0200744,JOSE LEON CABEZON 3446,EPC N° 05 GABRIELA MISTRAL - EPA N° 05 GABRIELA MISTRAL
0200745,NAHUEL HUAPI 5740,EPC N° 06 LUIS PASTEUR - JIN C (EPCJC 06/16°)
0200746,JOSE CUBAS 4440,EPC N° 07 GRAL. MAXIMO DE ZAMUDIO
0200747,MERCEDES 4966,EPC N° 08 SAN JUAN BOSCO - JIN A (EPCJS 08/16°)
0200748,IBERA 5734,EPC N° 09 IRLANDA - JIN C (EPCJC 09/16°)
0200749,PEDRO MORAN 2899,EPC N° 11 CONGRESO DE TUCUMAN - JIN B (EPCJC 11/16°) JUANA AZURDUY
0200750,AVDA. CRISOLOGO LARRALDE 5934,EPC N° 12 CARDENAL PACELLI - JIN D (EPCJS 12/16°)
0200751,GRAL. JOSE GERVASIO DE ARTIGAS 5645,EPC N° 13 HILARION MARIA MORENO - JIN D (EPCJS 13/16°)
0200752,CERETTI 2035,EPC N° 14 LEOPOLDO LUGONES - JIC N° 04/16° DR. FLORENCIO ESCARDO
0200753,OBISPO SAN ALBERTO 3370,EPC N° 15 REP. BOLIVARIANA DE VENEZUELA - JIN A (EPCJS 15/16°) [S]
0200754,GABRIELA MISTRAL 3376,JIN B (EPCJC 16/16°) JUANA AZURDUY - EPC N° 16 RICARDO ROJAS - CENS N° 87
0200755,VALLEJOS 2555,EPC N°17 GREGORIA MATORRAS DE SAN MARTIN - JIN C (EPCJS 17/16°) [S]
0200756,MEDEYROS 3555,EPC N° 18 HELENA LARROQUE DE ROFFO - JIN D (EPCJC 18/16°) - CENS N° 83
0200757,GAVILAN 4246,EPC N° 19 DR. T. SANCHEZ DE BUSTAMANTE
0200758,BAZURCO 2551,EPC N° 22 REPUBLICA DE NICARAGUA - JIN D (EPCJS 22/16°) [S]
0200759,FRANCO 2390,EPC N° 23 BELISARIO ROLDAN - JIN A (EPCJC 23/16°)
0200760,AVDA. NAZCA 5168,EPC N° 24 EJERCITO ARGENTINO - JIN A (EPCJS 24/16°)
0200761,CUENCA 5049,JII N° 01/16° PROF. LUIS SIXTO CLARA
0200762,ARGERICH 5651,EEM N° 01/16° RODOLFO WALSH
0200763,OBISPO SAN ALBERTO 2379,EEEYFL N° 21 ROSARIO VERA PEÑALOZA
0200764,AVDA. LINCOLN 4325,"CENS Nº 66 - ESC. BILINGÜE PARA NIÑOS, NIÑAS, JÓVENES Y ADULTOS CON DISCAPACIDAD AUDITIVA Y FORMACIÓN INTEGRAL N° 28  B. AYROLO - ESEA EN DANZA RAMICONE CURSO VOCACIONAL DE FOLKLORE N° 15"
0200765,AVDA. GRAL. MOSCONI 2641,ESC. INTEGRAL INTERDISCIPLINARIA N° 16 GRAL. ING. MOSCONI
0200766,JOSE CUBAS 2410,Sup Inicial VIII A - EEM N° 02/16°
0200768,BAIGORRIA 3169,EPC N° 01 DR. ANTONIO DELLEPIANE - JINA(EPCJC 01/17°)ALICIA MOREAU DE JUSTO - ESC. DE MUSICA N° 03
0200769,HELGUERA 3228,EPC N° 02 PROF. JUAN JOSE MILLAN - JIN E (EPCJS 02/17°) JUANA MANSO
0200770,ARGERICH 2849,EPC N° 03 POLICIA FEDERAL ARGENTINA - JINA(EPCJC 03/17°)ALICIA MOREAU DE JUSTO
0200771,AVDA. FRANCISCO BEIRO 4548,EPA N° 04 RAFAEL RUIZ DE LOS LLANOS - EPC N° 04 RAFAEL RUIZ DE LOS LLANOS - JIN D (EPCJC 04/17°) VICTORIA OCAMPO [S]
0200772,NOGOYA 2557,EPC N°05 CAP. JUAN DE SAN MARTIN Y GOMEZ - JIN E (EPCJC 05/17°) JUANA MANSO
0200773,CNEL. PEDRO CALDERON DE LA BARCA 3073,JIN C (EPCJS 06/17°) LOLA MORA - EPC N° 06 ESTADO DE ISRAEL
0200774,JUAN AGUSTIN GARCIA 2755,EPC N° 07 REPUBLICA DE MEXICO - EPA N° 07 REPUBLICA DE MEXICO - JINA(EPCJC 07/17°)ALICIA MOREAU DE JUSTO
0200775,EMILIO LAMARCA 3379,EPC N° 08 ALTE. MANUEL BLANCO ENCALADA - JIN E (EPCJS 08/17° JUANA MANSO)
0200776,BENITO JUAREZ 2702,EPC N° 09 BENITO JUAREZ
0200776,DIAMANTE 2765,JIN D (EPCJS 09/17°) VICTORIA OCAMPO
0200777,HELGUERA 2435,EPC N° 10 JOSE ERNESTO GALLONI - JINA(EPCJS 10/17°)ALICIA M.DE JUSTO) [S] - ESEA EN DANZA RAMICONE CURSO VOCACIONAL DE FOLKLORE N° 18
0200779,TINOGASTA 5768,JIC N° 01/17° PABLO NERUDA - CENS N° 07 - EPC N° 14 SIMON BOLIVAR
0200780,AV SALVADOR M. DEL CARRIL 4172,Sup Media Region VII A Centro Cultural Devoto - EPC N° 15 ANTONIO DEVOTO - JIC N° 02/17° ANTONIO BERNI
0200781,CNEL. RAMON LISTA 5256,EPA N° 16 RDO. PADRE AGUSTIN P. NORES - JIN C (EPCJS 16/17°) LOLA MORA [S] - EPC N° 16 RDO. PADRE AGUSTIN P. NORES
0200782,HELGUERA 3341,EPC N° 17 RODOLFO RIVAROLA - JIN E (EPCJC 17/17°) JUANA MANSO [S]
0200783,JULIO S. DANTAS 3260,"EPC N° 18 PROV. DE TIERRA DEL FUEGO, ANTARTIDA E IS. DEL ATLANT. SUR - JINA(EPCJS 18/17°) ALICIA M. DE JUSTO"
0200784,AVDA. SALVADOR MARIA DEL CARRIL 4957,Sup Inicial VIII B - EPC N° 19 BARTOLINA SISA - JII N° 03/17° EL JARDIN DEL BOULEVARD
0200785,NUEVA YORK 4713,EPC N° 20 PEDRO MEDRANO
0200786,SANTO TOME 2836,EPC N° 21 ROMPEHIELOS GRAL. SAN MARTIN - JINA(EPCJS 21/17°)ALICIA MOREAU DE JUSTO
0200787,TINOGASTA 5046,EPC N° 22 PROF. PEDRO LUIS COMI - JIN D (EPCJS 22/17°) VICTORIA OCAMPO
0200788,AVDA. SALVADOR MARIA DEL CARRIL 3650,EPC N° 23 ABEL AYERZA - CECIE N° 17
0200789,BAHIA BLANCA 2535,EPC N° 24 PRES. DR. ROBERTO MARIO ORTIZ - JIN D (EPCJS 24/17°) VICTORIA OCAMPO
0200790,NAVARRO 4344,COLEGIO N° 19 LUIS PASTEUR
0200791,PEDRO LOZANO 4250,ESC. DE COM. N° 11 DR. JOSE PERALTA
0200792,CONCORDIA 3555,ESC. TEC. N° 16 ESPAÑA
0200793,RICARDO GUTIERREZ 3246,ESC. TEC. N° 24 DEFENSA DE BUENOS AIRES
0200794,MERCEDES 4002,Sup. Media Region 7 - EEM N° 03/17° ANTONIO DEVOTO - CENS N° 65 - CAIYJ CLUB DEVOTO
0200795,JOSE PEDRO VARELA 5966,CBFO N° 02 SALVADOR MAZA
0200795,MANUEL PORCEL DE PERALTA 1437,ESPACIO DE PRIMERA INFANCIA EEM Nº2 DE 17 - EEM N° 02/17° RUMANIA
0200796,LASCANO 3840,INST. DE ENSEÑANZA SUPERIOR EN LENGUAS VIVAS JUAN B. JUSTO (SEDE)
0200797,PEDRO LOZANO 3056,"ESC. PARA NIÑOS, NIÑAS, JÓVENES Y ADULTOS CON DISCAPACIDAD MENTAL Y FORMACIÓN INTEGRAL N° 02 DOMINGO F SARMIENTO"
0200798,AVDA. FRANCISCO BEIRO 4418,"ESC. PARA NIÑOS, NIÑAS, JÓVENES Y ADULTOS CON DISCAPACIDAD MENTAL Y FORMACIÓN INTEGRAL N° 03 N MIR DE TOBAR GARCÍA"
0200801,BAHIA BLANCA 4025,Sup.Educ.Prim.Zona D Región VIII - DE 17 - Biblioteca Antonio Devoto A Sup Primaria DE 17
0200805,MARTIN FIERRO 5351,EPC N° 01 MARTIN FIERRO - JIN E (EPCJS 01/18°) (SEDE)
0200806,AVDA. ALVAREZ JONTE 5081,JIC N° 01/18° REPUBLICA ARGENTINA - EPC N° 02 ALEJANDRO AGUADO
0200807,AVDA. ALVAREZ JONTE 4651,EPC N° 03 MONTE CASTRO - JINA(EPCJS03/18°)[S]LA CALESITA DON JOSE - EPA N° 03 MONTE CASTRO
0200808,MARCOS PAZ 1732,EPC N° 04 CASIMIRO AURELIANO MACIEL - JINA(EPCJS 04/18°)LA CALESITA DON JOSE
0200809,AVDA. RIVADAVIA 9799,JIN D (EPCJS 07/18°) - EPA N° 07 REPUBLICA ARABE DE EGIPTO - EPC N° 07 REPUBLICA ARABE DE EGIPTO
0200810,CNEL. PEDRO CALDERON DE LA BARCA 157,JIN D (EPCJC 08/18°) [S]
0200810,YERBAL 4965,EPC N° 08 BASE AEREA VICEC.MARAMBIO
0200811,LASCANO 4044,JIC N° 04/18° - IFTS N° 16 SEDE - EPC N° 09 PROVINCIA DE MISIONES
0200812,DR. LUIS BELAUSTEGUI 4949,JIN D (EPCJC 10/18°) - EPC N° 10 ADA MARIA ELFLEIN
0200813,AV GAONA 4763,EPA N° 11 REPUBLICA DEL PERU - EPC N° 11 REPUBLICA DEL PERU - JIN C (EPCJC 11/18°)
0200814,CAMARONES 4351,EPC N° 13 CNEL. JOSE ANTONIO MELIAN - JIN C (EPCJC 13/18°) - ESC. DE MUSICA N° 02
0200815,ARREGUI 6840,EPC N° 14 GUILLERMO ENRIQUE HUDSON - JIN B (EPCJS 14/18°) [S]
0200816,AVDA. SEGUROLA 1104,Sup Primaria DE 18 - EPC N° 15 MANUEL PEÑA - JIN C (EPCJC 15/18°) [S]
0200817,BRUSELAS 721,EPC N° 16 JOHN F. KENNEDY - JIC N° 02/18° EL TRENCITO DE VERSALLES - CECIE N° 18
0200817,BRUSELAS 785,EPC N° 25 ESTADOS UNIDOS DE AMERICA
0200818,SANTO TOME 4529,JINA(EPCJS 17/18°)LA CALESITA DON JOSE - EPC N° 17 TTE. GRAL. LUIS MARIA CAMPOS
0200819,JUAN AGUSTIN GARCIA 5265,EPC N° 18 GENDARMERIA NACIONAL - JIN E (EPCJS 18/18°)
0200820,BARRAGAN 366,EPC N° 20 MARIANO SANCHEZ DE LORIA - JIN B (EPCJS 20/18°)
0200821,CUZCO 116,EPC N° 22 PROVINCIA DE SANTA CRUZ - EPA N° 22 PROVINCIA DE SANTA CRUZ - JIN B (EPCJC 22/18°)
0200822,GUALEGUAYCHU 550,Sup Inicial VII B - EPC N° 23 REPUBLICA DE PORTUGAL - JIC N° 03/18° EL JARDIN DE LA FLORESTA - CENOF CENTRO GUALEGUAYCHU
0200823,GALLARDO 521,EPC N° 24 MAIPU - JIN B (EPCJS 24/18°)
0200825,MORON 4460,"ESC. PARA NIÑOS, NIÑAS, JÓVENES Y ADULTOS CON DISCAPACIDAD MENTAL Y FORMACIÓN INTEGRAL N° 06 CLELIA A C SESSA"
0200826,ARREGUI 4430,ESCUELA INF. N° 05/18°
0200827,GALLARDO 149,COLEGIO N° 13 CNEL. TOMAS ESPORA - EEM N° 01/18° E REINGRESO - PI LUZ DE LUNA
0200828,SAN BLAS 5387,ESC. DE COM. N° 30 DR. ESTEBAN AGUSTIN GASCON
0200829,AVDA. ALVAREZ JONTE 5075,ESC. DE COM. N° 33 MAIPU
0200830,VIRGILIO 1980,ESC. TEC. N° 27 HIPOLITO YRIGOYEN
0200831,AVDA. LOPE DE VEGA 2150,ESC. TEC. N° 35 ING. EDUARDO LATZINA
0200832,ALEJANDRO MAGARIÑOS CERVANTES 5068,ESEA DANZA N° 02 JORGE DONN - ESEA ARTE CERAMICO Nª 2 FERNANDO ARRANZ
0200833,CHIVILCOY 1820,"ESC. BILINGÜE PARA NIÑOS, NIÑAS, JÓVENES Y ADULTOS CON DISCAPACIDAD AUDITIVA Y FORMACIÓN INTEGRAL N° 29 O MAGNASCO - ESC. INFANTIL ESPECIAL N° 27 DRA. LIDIA F. DE CORIAT - GABINETE MATERNO INFANTIL DE 18 - PI MAGNASCO"
0200834,SAN BLAS 4356,ESC. INTEGRAL INTERDISCIPLINARIA N° 18
0200836,MIRANDA 4173,CENS N° 73 - CENS N° 88
0200838,CUZCO 220,CAEBYT N° 78 P SAN CAYETANO - CENOF CENTRO SAN CAYETANO
0200839,MORON 4149,COLEGIO N° 18 DR. ALBERTO LARROQUE
0200844,ALAGON 300,Sup Inicial  VI A A Sup Primaria DE19 - JIN B (EPCJS 01/19°) HOMERO MANZI - EPC N° 01 MARIA SILVENTI DE AMATO - ESC. DE MUSICA N° 12
0200845,TILCARA 3365,EPC N° 02 DR. GENARO SISTO - JIN A (EPCJS 02/19°)
0200846,TILCARA 2856,EPC N° 03 PROF. CARLOS JUSTO FLORIT - CENS N° 84
0200847,AVDA. RIESTRA 1850,EPC N° 04 RICARDO GÜIRALDES
0200848,AVDA. CASEROS 4050,EPC N° 05 PROVINCIA DE CORRIENTES - CECEP N° 19
0200849,ECHAURI 1576,EPC N° 06 DR. ADOLFO SALDIAS
0200850,QUILMES 473,EPC N° 07 AERONAUTICA ARGENTINA - CECIE N° 19
0200851,AVDA. INTENDENTE FRANCISCO RABANAL 2275,EPC N° 08 LUIS FEDERICO LELOIR - JIN A (EPCJC 08/19°)
0200852,CARLOS BERG 3460,CENS N° 77 - JIN A (EPCJS 09/19°) [S] - EPC N° 09 DR. JOSE BENJAMIN ZUBIAUR
0200853,ANIBAL PEDRO ARBELETCHE 1052,JIN B (EPCJC 10/19°) - EPC N° 10 JUAN ANDRES DE LA PEÑA - INST. DE ENSEÑANZA SUPERIOR EN LENGUAS VIVAS JUAN RAMÓN FERNÁNDEZ (ANEXO)
0200854,PJE. LA CONSTANCIA 2524,EPC N° 11 IGNACIO FERMIN RODRIGUEZ
0200855,CALLE S/NOMBRE 200 M COBO Y CURAPALIGUE,CFP N° 24 -Anexo - JII N° 01/19° MANUEL BELGRANO - EPC N° 12 JOSE ENRIQUE RODO - EPA N° 12 JOSE ENRIQUE RODO
0200856,ITAQUI 2050,EPC N° 13 PRESBITERO ALBERTI - JIC N° 02/19°
0200857,AVDA. INTENDENTE FRANCISCO RABANAL 2751,EPC N° 14 CAPIT.MARIA REMEDIOS DEL VALLE - JIN A (EPCJC 14/19°)
0200858,PORTELA 3150,EPC N° 15 EVARISTO CARRIEGO - ESC. DE MUSICA N° 04
0200859,AVDA. LAFUENTE 2670,JIC N° 08/19° - EPC N° 16 WILLIAM C. MORRIS
0200860,CORRALES 3420,JIC N° 03/19° - EPC N° 17 GASPAR LUCILO BENAVENTO - CENOF CENTRO CORRALES - PI BICHITO DE LUZ
0200860,CORRALES 3420 / 3450,EPC N° 18 SAN JUAN BAUTISTA DE LA SALLE - EPA N° 18 SAN JUAN BAUTISTA DE LA SALLE - JII N° 07/19° - CAIYJ CLUB DE JOVENES SOLDATI
0200862,"PJE. L, E/LACARRA Y LAGUNA",EPC N° 19 JOSE MARTI
0200862,"PJE. L, E/LACARRA y LAGUNA",EPA N° 19 JOSE MARTI
0200863,MARTINEZ CASTRO 3061,POLIDEPORTIVO - EEM N° 02/19° - PI JAURETCHITOS - EEM N° 02/19° ARTURO JAURETCHE - CAEBYT N° 16 - CAEBYT N° 06 - EPC N° 20 MAESTRO CARLOS A. CARRANZA - CAIYJ CLUB DE JOVENES ARTURO JAURETCHE - JII N° 10/19° ([A]) - PI NOCHECITAS
0200864,MARIANO ACOSTA 2976,EPC N° 21 GUILLERMO JOSE BARROS - CENS N° 71 - CAIYJ CLUB DE JOVENES FATIMA
0200865,MOM 2358,EPC N° 22 JUANA AZURDUY
0200865,MOM 2380,JIN B (EPCJS 11/19°) [S] HOMERO MANZI
0200868,AVDA. VARELA 2751,ESCUELA INF. N° 05/19° SAN LORENZO DE ALMAGRO
0200869,"PJE. L, E/LACARRA y LAGUNA",ESCUELA INF. N° 04/19° DR. RAMON CARRILLO
0200870,AVDA. INTENDENTE FRANCISCO RABANAL 1549,ESC. TEC.  N° 33 F. MAESTRANZA DEL PLUMERILLO - CAIYJ CLUB POMPEYA
0200871,AGUSTIN DE VEDIA 2519,EEM N° 03/19° - CAIYJ CLUB BAJO FLORES - CAIYJ CLUB DE CHICOS BAJO FLORES - PI CUYEN
0200871,CORONEL MARTINIANO CHILAVERT 1935,ESCUELA INF. N° 06/19°
0200872,FERRE 1957,ESC. PARA NIÑOS Y NIÑAS CON DISCAPACIDAD MENTAL N° 05 DR. ANGEL ARDAIZ
0200873,MARIANO ACOSTA 2936,"ESC. PARA NIÑOS, NIÑAS Y JÓVENES CON DISCAPACIDAD MENTAL Y DE FORMACIÓN INTEGRAL N° 07 JUAN XXIII"
0200874,AVDA. GRAL. FERNANDEZ DE LA CRUZ 3605,ESC. DE EDUC. MEDIA Nº 05 DE 19 E.REINGRESO
0200875,CNEL. MARTINIANO CHILAVERT 2680,ESCUELA INF. N° 09/19°
0200879,MARTINEZ CASTRO S/N  B° CARRILLO,CAEBYT N° 43 C R CARRILLO - CENOF CENTRO CARRILLO - CAIYJ CLUB CARRILLO - PI CENTRO COMUNITARIO RAMON CARRILLO
0200886,AVDA. SAENZ 631,EEM N° 04/19° HOMERO MANZI - PI POMPEYITOS
0200887,CNEL. MARTINIANO CHILAVERT 2680,EEM N° 06/19
0200887,CNEL. MARTINIANO CHILAVERT 2690,EPC N° 23 RENÉ FAVALORO
0200889,AVDA. INTENDENTE FRANCISCO RABANAL 1507,"Sup Educ.Media y Téc.RegiónV-DE 13, 19, 20, 21"
0200892,AVDA. VARELA 1802,JII N° 14/19°
0200894,JOSE HERNANDEZ 800,CFP N° 24 -Anexo CooPa-
0200895,QUILMES 484,EPC Nº 07 Aeronáutica Argentina (anexo)
0200898,GUAMINI 1167,EPC N° 01 DE LA INDEPENDENCIA ARGENTINA
0200899,MONTIEL 1041,EPC N° 02 DR. FRANCISCO MELITON ALVAREZ
0200900,MONTIEL 153,EPC N° 03 REPUBLICA FRANCESA - CENOF CENTRO MONTIEL - CFP N° 26 ([A])
0200901,CNEL. RAMON L. FALCON 6702,EPC N° 04 GRAL. FELIX DE OLAZABAL - JIN B (EPCJC 04/20°) - ESC. DE MUSICA N° 14
0200902,TANDIL 6690,EPC N° 05 VICENTE LOPEZ Y PLANES - CENS N° 02
0200903,AVDA. EVA PERON 7431,EPA N° 06 PROF. FELIPE BOERO
0200904,CARHUE 2157,EPC N° 07 ARISTOBULO DEL VALLE - JIN C (EPCJS 07/20°)
0200905,FONROUGE 346,Sup Primaria DE20 A Sup Adultos Region IV A - JIN B (EPCJC 08/20°) [S] - EPC N° 08 DR. DALMACIO VELEZ SARSFIELD
0200906,AVDA. LARRAZABAL 420,EPC N° 09 JOSE MARIA TORRES - JIN B (EPCJS 09/20°)
0200907,AVDA. LISANDRO DE LA TORRE 1171,EPC N° 10 ALFONSINA STORNI - EPA N° 10 ALFONSINA STORNI - JIN C (EPCJS 10/20°)
0200908,AVDA. CNEL. CARDENAS 2652,EPC N° 11 EMILIO VON BEHRING
0200909,GARCIA DE COSSIO 5570,CENS N° 25 - JIN B (EPCJS 12/20°) - EPC N° 12 PROF. RAMON J. GENE
0200910,COSQUIN 1943,EPC N° 13 REPUBLICA DE FILIPINAS - JIN C (EPCJS 13/20°)
0200911,AVDA. DE LOS CORRALES 7040,EPC N° 14 ISLAS MALVINAS
0200912,AVDA. LISANDRO DE LA TORRE 550,EPC N° 15 REPUBLICA ISLAMICA DE PAKISTAN - JIN B (EPCJC 15/20°)
0200913,MARTINIANO LEGUIZAMON 1470,EPC N° 16 DR. MARTINIANO LEGUIZAMON - JIN C (EPCJC 16/20°) [S]
0200914,IBARROLA 7249,EPC N° 17 CARLOS MOREL - EPA N° 17 CARLOS MOREL
0200915,MURGUIONDO 76,EPC N° 18 REPUBLICA DE COREA - JIN B (EPCJC 18/20°)
0200916,COSQUIN 3100,EPC N° 19 ROMA - JII N° 14/20 - CENTRO DE ACTIVIDADES INFANTILES Y JUVENILES CLUB DE CHICOS MATADEROS
0200917,MURGUIONDO 1347,EPC N° 20 JUAN RAMON JIMENEZ - JIN C (EPCJC 20/20°) - CECIE N° 20
0200918,GOLETA SANTA CRUZ 6997,ESC. INTEGRAL INTERDISCIPLINARIA N° 20 ALICIA MOREAU DE JUSTO
0200918,GOLETA SANTA CRUZ 6999,EPA N° 21 SOLDADO DE MALVINAS - EPC N° 21 SOLDADO DE MALVINAS - JIC N° 10/20°
0200919,MONTIEL 3826,JII N° 01/20° - EPC N° 22 RUFINO LURO CAMBACERES
0200920,MONTIEL 1174,JIC N° 02/20°
0200922,CARHUE 2970,CFP N° 04 (SEDE)
0200923,AVDA. PIEDRA BUENA 3100 Y AVDA. EVA PERON,JII N° 03/20° - CAIYJ MATADEROS
0200926,PILAR 1798,ESCUELA INF. N°06/20° JUAN FRANCISCO SALABERRY
0200927,CAÑADA DE GOMEZ 3850,EEM N° 02/20° - JM N° 05/20° (A) - CAIYJ CLUB MATADEROS - IFTS N° 02
0200928,AVDA. LISANDRO DE LA TORRE 2288,Sup Inicial V B - JII N° 07/20°
0200930,AVDA. EMILIO CASTRO 6603/6621,CFP N° 10 RAUL S. ORTIZ ([A]) - SEC
0200931,AVDA. EMILIO CASTRO 7680,CFP N° 11 ([A]) - SAME
0200937,MARTINIANO LEGUIZAMÓN 2974,"CENOF CENTRO CONVIVEN MATADEROS - PRIMERA INFANCIA CENTRO COMUNITARIO CONVIVEN - CAEBYT N° 48 CENTRO COMUNITARIO POPULAR CONVIVEN - PROGRAMA DE NIVEL SECUNDARIO FINES TRAYECTO ""CONVIVEN"""
0200940,PIERES 258,CENS N° 64 - CENS N° 05 ([A] 1)
0200945,MIRALLA 3838,CENTRO EDUCATIVO DE NIVEL PRIMARIO N° 05 - CENTRO EDUCATIVO DE NIVEL PRIMARIO N° 45 - CAEBYT N° 76 MARIA MADRE DE LA ESPERANZA - CFP N° 15
0200946,CAFAYATE 5115,JIN B (EPCJC 01/21°) [S] - EPC N° 01 CONCEJAL ALBERTO SALVATORI - CENS N° 67 - PI LOS GRILLITOS
0200948,AVDA. LARRAZABAL 4051,EPC N° 03 CRISTOBAL COLON - EPA N° 03 CRISTOBAL COLON - JIN A (EPCJS 03/21°)
0200949,AVDA. RIESTRA 5030,EEM N° 04/21° - EPC N° 04 PROVINCIA DE TUCUMAN - CAIYJ CLUB LUGANO - JIN A (EPCJS 04/21°) (SEDE) - PI RIESTRA
0200950,AVDA. LARRAZABAL 4520,EPC N° 05 ARMADA ARGENTINA - EPA N° 05 ARMADA ARGENTINA - CECIE N° 21 - JII N° 06/21°
0200951,NICOLAS DESCALZI 5425,EPC N° 06 REPUBLICA DE LA INDIA - JII N° 02/21°
0200952,JOSE IGNACIO RUCCI 3961,JIC N° 04/21° - EPC N° 08 JUDITH Y DEMETRIO DEMARCHI - EPA N° 08 JUDITH Y DEMETRIO DEMARCHI - CECIE N° 25
0200953,BERON DE ASTRADA 5920,JIC N° 03/21° - EPC N° 09 HECTOR PANIZZA
0200954,AVDA. LARRAZABAL 5001,EPC N° 10 ITALO AMERICO FORADORI - JIC N° 07/21°
0200955,AVDA. PIEDRA BUENA 4863,EPC N° 13 DR. ALFREDO LANARI - JIN C (EPCJS 13/21°) - EPA N° 13 DR. ALFREDO LANARI
0200956,CAÑADA DE GOMEZ 4548,JIN C (EPCJS 14/21°) [S] - EPC N° 14 DR. RICARDO LEVENE
0200957,CAFAYATE 5388,EPC N° 15 DR. CARLOS ALBERTO VERONELLI - JII N° 01/21° - CENOF CENTRO CAFAYATE
0200958,BERON DE ASTRADA 6351,PI EL RINCONCITO DE CLAUDIO - EEM N° 05/21° JUAN MANUEL FANGIO - EPC N° 16 DR. SOFANOR NOVILLO CORVALAN
0200960,SUMACA DE LA SANTISIMA TRINIDAD 5088,ESC. INTEGRAL INTERDISCIPLINARIA N° 21
0200961,FONROUGE 4211,ESCUELA INF. N°05/21° HEBE SAN MARTIN DUPRAT
0200962,AQUINO 6040,ESC. DE COM. N° 12 JUAN XXIII
0200963,CNEL. MARTINIANO CHILAVERT 5460,ESC. TEC. N° 13 ING. JOSE LUIS DELPINI
0200964,SOLDADO DE LA FRONTERA 5155,ESEA DANZA RAMICONE  FOLK.N° 20 - ESEA ARTES VISUALES LOLA MORA
0200965,AVDA. LARRAZABAL 5130,JII Nº 10 DE 21 - EEM N° 06/21° E.REINGRESO - PI LARRAZABAL - EPC N° 02 MAESTRO EDUARDO LUIS VICENTE
0200965,AVDA. LARRAZABAL 5140,CAIYJ CLUB DE JOVENES LUGANO I y II - CAIYJ CLUB LOLA MORA - ESC. DE COM. N° 35 LEOPOLDO MARECHAL
0200966,SOLDADO DE LA FRONTERA 5140,CENS N° 14 - CFP N° 04 ([A])
0200979,CORONEL MARTINIANO CHILAVERT 6090,Superv.Educ.Prim. Zona C RegiónVI-DE 21
0200984,AVDA. PASEO COLON 1360,CENS Nº 48 - CFP Nº 25 DE 04 - CENP N°01-10-11-12-16-17-25-51 - PI ISAURO ARANCIBIA - CENOF CENTRO ISAURO ARANCIBIA
0200989,DON BOSCO 4050,JM N° 09/06°
0200990,BALCARCE 677,ESCUELA INF. N° 05/04°
0201163,AVDA. MEDRANO 162,CFP Nº 8  MEDRANO (Adultos)
0201236,PICHINCHA 467,CFP N°31
0201808,MARIANO ACOSTA 3650,"Espacio de Primera Infancia""EL GLOBO ROJO"""
0201826,ALVARADO 1961,"Asociación Civil La Dignidad - Espacio de Primera Infancia ""Barracas una y otra vez"""
0201828,LUIS HERRERA 3460,"Espacio del Programa Primera Infancia JM ""SUEÑITOS"""
0201863,AYACUCHO 632,IS DEL PROF. DR. JOAQUIN V. GONZALEZ
0201864,LACARRA 1151 Y AVDA. FRANCISCO BILBAO,EEM N° 02/13°
0201865,FRAGATA PRESIDENTE SARMIENTO 1817,ESC. DE COM.  N° 17 SANTA MARIA DE LOS BUENOS AIRES
0202134,CARAGUATÁ 2215  (Barrio 31),JII N° 10/01°
0202135,PALOS (ALT APROX 100-200 PAR) Y JUAN M. BLANES,ESCUELA INF. N° 07/04° CASA AMARILLA
0202144,PERU 946,EPC N° 21 HIPOLITO VIEYTES - CENS N° 60
0202145,AVDA. INDEPENDENCIA 569,JM N° 12/04° - ESCUELA INF. N° 08/04°
0202146,TTE. BENJAMIN MATIENZO 1880,JM N° 10/ 09°
0202167,LASCANO 3810,INST. DE ENSEÑANZA SUPERIOR EN LENGUAS VIVAS JUAN B. JUSTO (ANEXO)
0202172,SOLIS 765,CFP N°32
0202178,POLA Y JOSE BARROS PAZOS 5250,CENOF POLA - EPC N° 19 HERMANOS LATINOAMERICANOS - EEM N° 01/21° - ESCUELA INF. N° 08/21°
0202179,LOS PATOS 3004,ESCUELA INF. N° 11/05° (S)
0202180,PERGAMINO 3045,ESCUELA INF. N° 12/19°
0202188,AVDA. CRISOLOGO LARRALDE 5085,"ESC. TEC. N° 36 ALTE. GUILLERMO BROWN - ESC. SUPERIOR DE EDUCACIÓN ARTÍSTICA EN MÚSICA JUAN PEDRO ESNAOLA - ESCUELA INF. N° 06/15° NARANJO EN FLOR - ESC. PARA NIÑOS, NIÑAS Y JÓVENES CON PLURIDISCAPACIDAD MOTORA N° 11 DR. AQUILES GAREISO - ESC. INTEGRAL INTERDISCIPLINARIA N° 01 - Auditorio Polo Saavedra - Sup Inicial X B"
0202194,ARIAS 3775,ESCUELA INF. N° 08/10° CAMINITO (EX 03/15°)
0202204,FONROUGE 711,ESEA DANZA N° 01 PROF. NELLY RAMICONE - ESEA DANZA RAMICONE FOLK.N°08 - ESEA DANZA RAMICONE FOLK.N°25
0202215,FRAGA 895,"Espacio de Primera Infancia ""EL JARDÍN DE TERESA"""
0202224,DIOGENES TABORDA 1096,ESCUELA INF. N° 13/05°
0202309,"TENIENTE PRIMERO ROBERTO NÉSTOR ESTÉVEZ S/N, ENTRE CASTAÑARES Y SARAZA",ENS N° 03 BERNARDINO RIVADAVIA ([A])
0202310,GUTENBERG 3674,CENTRO EDUCATIVO PARA NIÑOS EN TIEMPOS Y ESPACIOS SINGULARES N° 03 ANEXO
0202339,FRAGA 638,CFP N°10
0202343,BLANCO ENCALADA 3483,ESCUELA INF. N° 06/10° MADRE EUFRASIA IACONIS
0202379,COLPAYO 132,ESC. PARA JÓVENES Y ADULTOS CON DISCAPACIDAD VISUAL Y FORMACIÓN INTEGRAL N° 34 GRAL. SAN MARTÍN
0202384,PARAGUAY 1452,ESCUELA INF. N° 07/01° PALACIO PIZZURNO
0202385,VICTOR HUGO 741,CENTRO EDUCATIVO PARA NIÑOS EN TIEMPOS Y ESPACIOS SINGULARES N° 03 SEDE
0202387,ZUVIRIA 6640,JIC N° 12/20°
0202388,AVDA. RIESTRA 3300,JM N°15/19°
0202389,LOS PATOS 3042,ESCUELA INF. N° 11/05° (A) - EPC N° 28 Argentino China
0202391,DR. ANTONIO BERMEJO 6675,"JII N° 14/21° - SUM-COMEDOR JIC N°14""Complejo Bermejo"""
0202394,LOS PATOS 3072,Sup Media Region II - CFP N° 36 (A) - CICLO BASICO DE FORM. OCUP. N° 01 EVITA
0202395,SIMBRON 5821,EPC N° 13 PREFECTURA NAVAL ARGENTINA
0202395,SIMBRON 5855,ESCUELA INF. N° 04/17°
0202418,ECUADOR 261,JM N° 06/02°
0202430,"AVDA. CNEL. ROCA, PTA. 9, AUTODROMO",JII Nº 13/21º
0202431,AVDA. GRAL. FERNANDEZ DE LA CRUZ 2615,JII N° 13/19°
0202432,GODOY CRUZ 2320,JM N° 11/09°
0202437,ZUVIRIA 6620,ESCUELA INF. N° 11/20°
0202450,AVDA. ALMTE. BROWN 373 Y CNEL. DE MARINA TOMAS ESPORA S/N,ESCUELA INF. N° 11/04°
0202562,JOSE BARROS PAZOS 3610,JII N° 10/19° (SEDE)
0202564,PALOS (ALT APROX 100-200 PAR) Y JUAN M. BLANES,EEM N° 03/04°
0202566,SAN JUAN 3294,Huerta de la Escuela Especial 9
0202567,AVDA. INDEPENDENCIA 755,EPC N° 01 Valentín Gómez (anexo huerta)
0202568,AVDA. INDEPENDENCIA Y CHACABUCO,EEE Nº14 Constancio C.Vigil[A:Huerta y Patio Juegos]
0202569,PERU 1357,ESC. DE COM.   N° 27 ANTARTIDA ARGENTINA - ESC. DE COM.  N° 04 BALDOMERO FERNANDEZ MORENO
0202571,CASTRO 1187,ESC. DOMICILIARIA N° 02
0202572,GARCIA DEL RIO 4559,CEI N° 15
0202583,JOSE BARROS PAZOS 3620,EPC N° 24
0202584,ZUVIRIA 6544,ESCUELA INF. N° 08/20° - JII N° 04/20°
0202584,ZUVIRIA 6550,EEM N° 01/20° BIB.CONGRESO DE LA NACION
0202595,DR. PEDRO I. RIVERA 4221,ESCUELA INF. N° 08/15° - EPC N° 24 FRANCISCO MORAZAN - INST. SUPERIOR DEL PROF. DE EDUCACIÓN ESPECIAL
0202596,CNEL. MANUEL JOSE OLASCOAGA 5001,JII Nº 09/21º
0202597,BESARES 4333,JII Nº 03/15º
0202602,JOSE CUBAS 2440,ESCUELA INF. N° 05/16°
0202613,WENCESLAO VILLAFAÑE 515,JII N°10/04°
0202627,MARTINEZ CASTRO 3085,ESCUELA INF. N° 11/19°
0202629,MURGUIONDO 2265,JII Nº 09/20
0202635,REPÚBLICA BOLIVARIANA DE VENEZUELA 3269,JII Nº 11/6º
0202638,AVDA. CHORROARIN 365,JII Nº 05 DE 14 - Polideportivo EEM N° 01/14°
0202643,FONROUGE 4358,JIC N° 15/21° - EPC N° 07 DE 21
0202649,MURGUIONDO 2151,"ESC. TEC.  Nº 20 DE 20 - IFTS Nº 04 - CFP N° 36 ""Polo Mataderos"""
0202655,MURGUIONDO Y AVDA. DIRECTORIO,Polideportivo Polo Mataderos DE 20
0202656,AVDA. GRAL F DE LA CRUZ Y AVDA. ESCALADA,EPC N° 11 DE 21
0202658,AVDA. CALABRIA Y ROSARIO VERA PEÑALOZA,JII N° 13/04°
0202659,MONTE 7420,JII N° 13/20°
0202660,CARLOS H. PERETTE y CALLE 10,JIN A (EPCJC 11/01Âº) - EPC N° 11 DE 01 - Adultos 2000 - Dirección General de Educación de Gestión Privada
0202661,ANDRES FERREYRA 3705,JII N° 15/05°
0202662,AVDA. JUAN BAUTISTA ALBERDI 4139,ESC. SUPERIOR DE EDUCACIÓN ARTÍSTICA EN ARTES VISUALES ROGELIO YRURTIA - EPC N° 23
0202663,MURGUIONDO 2251,EPC N° 23 DE 20
0202667,LUNA 690,JII N° 16/05°
0202668,CNEL. RAMON LISTA 5448,JII N°05/17° - ESC. INTEGRAL INTERDISCIPLINARIA N° 17
0202669,23 DE JUNIO 4155,JII N°17/21° VILLA OLIMPICA
0202676,SUAREZ 3110,JII N° 17/05°
0202678,LETONIA 1928,ESCUELA INF. N° 05/01° ANEXO - ESCUELA INF. N° 12/01° - ESCUELA INF. N° 05/01°
0202679,LETONIA 26,EPC N° 25 BANDERA ARGENTINA
0202680,LETONIA 1940,EEM N° 06/01° PADRE CARLOS MUGICA
0202681,AV. GAONA Y SANABRIA,"ADULTOS 2000 - JORNADA EXTENDIDA DE LAS ESC PRIMARIAS 4, 7, 9 y 11 DEL DE 12 - COLEGIO N° 18 DR. ALBERTO LARROQUE (POLIDEPORTIVO)"
0202682,"AVDA. CNEL. ROCA, PTA. 9, AUTODROMO",SUPERVISIÓN INICIAL DE 21 - ESCUELA INF. N° 11/21°
0202683,"AVDA. CNEL. ROCA, PTA. 9, AUTODROMO",EPC N° 18 JORGE NEWBERY
0202684,LAGOS 2929,JII Nº 19/05°
0202685,AVDA. CASTAÑARES 6580,JII Nº 18/21°
0202686,CATAMARCA 342,ESCUELA INF. N° 06/06°
0202687,ZUVIRIA 6590,EPC N° 24 DE 20
0202688,SANTO DOMINGO 4050,ESCUELA INF. N° 09/05° - EPC N°05 DE 05
0202689,BLVD OLIMPICO JOSE BENJAMIN ZUBIAUR 4180,EPC Nº 12 DE 21
0202695,CALDERON DE LA BARCA 1550,JM N° 06/18°
0202731,USPALLATA 3325,JII N°18/05°
0202732,AVDA. ALVAREZ JONTE 3867,INST. DE ENSEÑANZA SUPERIOR EN LENGUAS VIVAS JUAN B. JUSTO (ANEXO)
0202734,MORON 2453,CFP N° 24 -Anexo casona-
0202735,BOLIVIA 5842,Polideportivo de establecimientos DE 16
0202736,TTE. CNEL. CASIMIRO RECUERO 2545,EPC N° 6 CARLOS VAZ FERREIRA (HUERTA)
0202737,ZUVIRIA 6580,Polideportivo Polo Piedrabuena
0202772,ALPACA 2474 (Barrio 31),CFP N° 38
0202773,PICHINCHA 1152,JII N° 05/03°
0202774,ANDRES FERREYRA 3749,EPC N° 21
0202779,AVDA. EVA PERON 7449,EPC N° 06 PROF. FELIPE BOERO
NA,AVDA. SARMIENTO S/N,Planetario Galileo Galilei
NA,CASA 481 B. RIVADAVIA,"Espacio de Primera Infancia ""Luces en el Bajo"""
NA,HOLMBERG 2850,Polideportivo EPC N° 15 DE 15
NA,MANZANA 9 CASA 337,"Espacio de Infancia ""Los niños felices"""
NA,MANZANA 9 CASA 337 (PERITO MORENO Y VARELA - FRENTE PORTON 6 DE SAN LORENZO),"ESPACIO PRIMERA INFANCIA ""NIÑOS FELICES"""
NA,SARANDÍ 41,CFP N° 14 EDUARDO VICENTE - UTE
NA,TTE. GRAL. JUAN DOMINGO PERON 1818,CENS N° 63
