cui,ano,prestaciones,descripcion_obra
0200001,2023,Albañileria / Pintura,Adecuacion de gas
0200001,2023,Calefaccion y Refrigeracion,Cambio de aprox 10 equipos y calderas.
0200001,2023,Carpinterías,Colocacion de red antipalomas pb y films
0200001,2023,Electricidad,"Reparacion de Sistema de Vigilancia, Colocacion de ventiladores"
0200001,2023,Sanitarias,Cambio de 2 inodoros
0200002,2023,Electricidad,"Instalacion  Espacios Seguros, Reemplazar 2 ventiladores en jardín, Provisión e inst de portero visor"
0200002,2023,Sanitarias,Adecuación de instalaciones sanitarias p
0200004,2023,Albañileria / Pintura,Reemplazo de solado en gimnasio
0200005,2023,Gas,Reposición de termotanque de casera
0200005,2023,Medios de elevación,Puesta en operación de montasillas
0200006,2023,Electricidad,Cambio de ventiladores
0200007,2023,Albañileria / Pintura,Reemplazo de solado en aulas
0200007,2023,Sanitarias,Reparación de colector tanque de agua
0200008,2023,Calefaccion y Refrigeracion,"Reparacion integral sistema calefaccion, Puesta en marcha de Sist de calefacción"
0200008,2023,Electricidad,Espacios seguros
0200010,2023,Albañileria / Pintura,Adecuacion de instalacion de gas
0200011,2023,Gas,CAMBIO DE TERMOTANQUE
0200013,2023,Calefaccion y Refrigeracion,Tablero de instalación de ventiladores
0200013,2023,Electricidad,Instalacion de ventiladores
0200014,2023,Electricidad,Insalación de seguridad
0200014,2023,Incendio,Reponer punta de lanza hidrante
0200015,2023,Albañileria / Pintura,"Freno de deterioro de cornisas perimetra, Pintura de biblioteca pb"
0200015,2023,Gas,Adecuaciones en la instacion de gas
0200016,2023,Albañileria / Pintura,Sala de maquinas a tanques de bombeo
0200016,2023,Electricidad,Colocacion de 8 ventiladores de pared
0200017,2023,Albañileria / Pintura,"Puesta en valor de 3 aulas en 1er piso, Puesta en valor de dos aulas en 1er pis"
0200017,2023,Electricidad,Provisión de generador por falta de luz
0200017,2023,Sanitarias,Prov.Coloc mingitorio
0200018,2023,Gas,Adecuaciones en la instacion de gas
0200018,2023,Medios de elevación,Rampa movil en acesso principal
0200020,2023,Electricidad,"Instalación de reflectores, Insalación de seguridad"
0200020,2023,Incendio,reemplazo de  4 matafuegos
0200022,2023,Electricidad,Instalacion  Espacios Seguros
0200023,2023,Albañileria / Pintura,Realizar 4 aulas del futuro
0200023,2023,Calefaccion y Refrigeracion,Provision e instalacion de calderas
0200023,2023,Carpinterías,Prov. e instalacion cortinas black out S
0200023,2023,Cubiertas / Impermeabilizaciones,Impermeabilizacion de azotea de 4 aulas
0200023,2023,Electricidad,"Ejecucion Espacios Seguros, Reemplazar 7 ventiladores"
0200024,2023,Electricidad,Adecuación SDF 2023
0200024,2023,Otros Servicios,"Instalación en espacios seguros, Tareas Complementarias Eléctricas"
0200025,2023,Carpinterías,Prov y coloc cortinas aulas del futuro
0200025,2023,Electricidad,INSTALACION EN ESPACIOS SEGUROS
0200026,2023,Electricidad,INSTALACION EN ESPACIOS SEGUROS
0200026,2023,Medios de elevación,Puesta en servicio de ascensor
0200028,2023,Calefaccion y Refrigeracion,Cambio de Caldera
0200028,2023,Carpinterías,Protección rejas
0200028,2023,Incendio,Reemplazo de 1 matafuego
0200029,2023,Calefaccion y Refrigeracion,Puesta a noramtiva de calderas
0200029,2023,Carpinterías,"Prov,coloc 3 puertas reja acceso aulas"
0200029,2023,Electricidad,"Reemplazo de 19 ventiladores de pared, Realizar circuito independiente de tomas, Instalacion electrica en sala de tanques, Colocacion de 11 ventiladores de techo"
0200029,2023,Incendio,Reemplazo de componentes de ascensor
0200029,2023,Sanitarias,Cambio de 3 inodoros
0200030,2023,Gas,Adecuación de instalación de gas
0200030,2023,Medios de elevación,Reparación de plataforma elevadora
0200031,2023,Albañileria / Pintura,Pintura de Paredes pasillos 1er/2do piso
0200031,2023,Carpinterías,Rejas y protecciones de seguridad
0200031,2023,Electricidad,Iluminacion sector Bilblioteca
0200033,2023,Calefaccion y Refrigeracion,Puesta a normativa 2 calderas
0200033,2023,Cubiertas / Impermeabilizaciones,Reparar filtraciones en pared
0200076,2023,Gas,Adecuaciones en la de instalación de gas
0200076,2023,Sanitarias,Prov y coloc   inodoro en baño de varone
0200080,2023,Gas,Readecuación de la instlación de gas
0200080,2023,Medios de elevación,Reparación del montasilla de ingreso
0200080,2023,Sanitarias,Cambio del calefon a gas casa casera
0200082,2023,Electricidad,Protocolo espacios seguros
0200083,2023,Albañileria / Pintura,Puesta en valor de 2 aulas de PB
0200083,2023,Electricidad,"Prov y colocación de ventiladores SUM, Prov y coloc  luces de emergencia"
0200084,2023,Electricidad,Reemplazo de 3 ventiladores de techo
0200084,2023,Otros Servicios,Protecciones para artefacto de gas
0200085,2023,Albañileria / Pintura,Demol cielorraso/puerta reja/Inst. 2 AA
0200085,2023,Calefaccion y Refrigeracion,Adicional por conexionados de AA
0200086,2023,Electricidad,Espacios seguros Inst. alarmas y sensore
0200086,2023,Sanitarias,Reposición termo tanque en casa casero
0200087,2023,Calefaccion y Refrigeracion,Reponer aire acondicionado sala amarilla
0200087,2023,Carpinterías,"Colocar malla metálica en ventilación, Colocar red de protección anticaida"
0200087,2023,Electricidad,"Reparar/reemplazar ventilador., Instalacion de grupo electrogeno"
0200090,2023,Albañileria / Pintura,Primera etapa núcleo baño
0200090,2023,Electricidad,"Prov. Inst. sistema Espacio Seguro, Conexión cañería de agua, tanques, Provisión y colocacion de ventiladores"
0200091,2023,Calefaccion y Refrigeracion,Colocación de 2 caloventores
0200091,2023,Electricidad,Espacios seguros
0200093,2023,Electricidad,Reemplazo de Ventiladores
0200093,2023,Gas,Adecuacion de instalacion de gas
0200094,2023,Gas,Reparación en instalación de gas
0200095,2023,Carpinterías,Ejecución estructura para aro basquet
0200096,2023,Electricidad,"Prov y coloc 2 ventiladores para gym., Prov. Coloc sistema de alarma con sensor"
0200096,2023,Sanitarias,Prov.Coloc inodoro en baño de mujeres
0200097,2023,Albañileria / Pintura,"Readecuacion aulas para SDF., Reemplazo de matafuegos"
0200097,2023,Carpinterías,Adicional de 6 cerraduras para aulas
0200097,2023,Cubiertas / Impermeabilizaciones,IMPERMEABILIZACIÓN DE AZOTEA
0200097,2023,Electricidad,"Prov. Inst. sistema Espacio Seguro, Reemplazar ventiladores de techo"
0200098,2023,Albañileria / Pintura,"Prov. coloc placas antihumedad, Impermeabilización azotea y cielorraso H"
0200098,2023,Carpinterías,Proteccion metalica en balcones y escale
0200098,2023,Electricidad,Prov. Coloc sistema de alarmas rectoria
0200098,2023,Gas,Adecuación de la Instalación de Gas
0200098,2023,Sanitarias,Prov y coloc inodoro en baño de varones
0200099,2023,Calefaccion y Refrigeracion,Bombas de sistema de calefacción
0200099,2023,Electricidad,Espacios seguros Inst. alarmas y sensore
0200099,2023,Gas,Reparación en instalación de gas
0200100,2023,Albañileria / Pintura,"Reacondicionamiento de 6 aulas, Adecuaciones de i. de gas, Reparación de calderas-adicional"
0200100,2023,Carpinterías,Rejas para puerta en sala digital P.B
0200100,2023,Electricidad,"Espacios seguros, Reemplazo de un ventilador de pared"
0200102,2023,Albañileria / Pintura,Secundaria del Futuro en 2 piso
0200102,2023,Carpinterías,Cambio de 4 cerraduras puerta antipánico
0200102,2023,Electricidad,Reemplazo de 6 ventiladores de techo
0200102,2023,Medios de elevación,"Ascensor dañado por vandalismo, Cambio de puerta cabina del ascensor"
0200102,2023,Sanitarias,Reposición de 3 inodoros
0200103,2023,Calefaccion y Refrigeracion,Provision e instalacion de Calefactor
0200103,2023,Carpinterías,Proteccion ventanas en fachada
0200104,2023,Electricidad,Cambio de ventilador en Dirección
0200105,2023,Albañileria / Pintura,Reparación de fachada del Polideportivo
0200106,2023,Calefaccion y Refrigeracion,"Acondicionar 4 calefactores del taller, Reponer fancoil sector administrativo"
0200120,2023,Incendio,"Reemplazo de 3 matafuegos, Reemplazo de 8 matafuegos"
0200126,2023,Carpinterías,Puerta reja sobre LM
0200126,2023,Electricidad,Reemplazo de portero eléctrico
0200127,2023,Otros Servicios,Cambio de termotanque casa casera
0200128,2023,Albañileria / Pintura,Circuito para tomas
0200128,2023,Carpinterías,Colocación de puerta de rejas
0200128,2023,Electricidad,"Ejecucion Espacios Seguros, Reemplazo de Ventiladores"
0200129,2023,Electricidad,Reemplazo ventiladores de pared en aulas
0200130,2023,Sanitarias,Reemplazo de inodoro
0200131,2023,Albañileria / Pintura,Reparación de patología en fachada
0200132,2023,Electricidad,Cambio de ventiladores
0200133,2023,Electricidad,Instalación en espacios seguros
0200133,2023,Gas,"Adecuación de inst de gas a Normativa, REPONER MEDIDOR DE GAS EN COCINA, Reparacion segun informe MetroGas"
0200135,2023,Carpinterías,Protecciones en ventanas 1° piso
0200135,2023,Electricidad,Reemplazo de ventiladores de techo
0200136,2023,Sanitarias,Reparaciones en tanque de agua
0200137,2023,Albañileria / Pintura,Secundaria del Futuro 2do Piso 3Etapa
0200137,2023,Electricidad,Reemplazo de ventiladores en aulas
0200138,2023,Electricidad,"Instalacion es espacios seguros, Reemplazo y provision de ventiladores"
0200138,2023,Incendio,Reemplazo de extintores
0200139,2023,Albañileria / Pintura,Aulas SdF 2023- 9 aulas
0200139,2023,Cubiertas / Impermeabilizaciones,Remplazo de cañeria pluvial y cielorraso
0200139,2023,Electricidad,"Reparación de red telefónica interna, Instalacion de Generador Electrico Elect"
0200139,2023,Otros Servicios,Retiro de Materiales o Restos de Obra
0200140,2023,Albañileria / Pintura,Rep carpeta de piso del patio destechado
0200140,2023,Electricidad,"Renovacion de tableros eléctricos, Reponer 13 ventiladores de pared"
0200142,2023,Electricidad,Reemplazo de térmicas
0200142,2023,Gas,INFORME METROGAS
0200143,2023,Albañileria / Pintura,Reemplazo de Solados de Subsuelo y Tarea
0200144,2023,Albañileria / Pintura,Cambio de solado en patio descubierto
0200145,2023,Incendio,Reemplazo y provision de extintores
0200145,2023,Medios de elevación,Puesta en marcha del ascensor
0200148,2023,Albañileria / Pintura,"Provision y coloc de baldosas antigolpes, Impermeab terraza y solado antigole"
0200148,2023,Gas,"Adecuacion de instal de gas a normativa, Reemplazo de 3 estufas"
0200163,2023,Otros Servicios,Podar tres arboles
0200168,2023,Albañileria / Pintura,Construcción de depósito
0200173,2023,Calefaccion y Refrigeracion,Reemplazar 1 estufa
0200173,2023,Carpinterías,Cerradura puerta principal
0200174,2023,Calefaccion y Refrigeracion,Cambio de estufa
0200176,2023,Calefaccion y Refrigeracion,Reemplazar 1 estufa
0200176,2023,Electricidad,Instalacion Espacio Seguro
0200177,2023,Electricidad,Instalación de espacios seguro
0200177,2023,Incendio,Provisión/Colocación extintor ABC 5kg
0200178,2023,Calefaccion y Refrigeracion,Reparar equipo de aire acondicionado
0200178,2023,Electricidad,"Instalación de espacios seguro, readecuación instalación de gas"
0200179,2023,Electricidad,Instalación tablero de luces emergencia
0200180,2023,Calefaccion y Refrigeracion,Cambio de estufas
0200180,2023,Carpinterías,herrajes para las puertas nuevas
0200180,2023,Electricidad,implementar los medios espacios seguro
0200181,2023,Calefaccion y Refrigeracion,Cambio de estufas
0200181,2023,Electricidad,Prov. Coloc 2 ventiladores de pared
0200182,2023,Carpinterías,Pintura de puerta de entrada
0200183,2023,Albañileria / Pintura,Trabajos de pintura
0200183,2023,Calefaccion y Refrigeracion,Cambio de estufas
0200183,2023,Incendio,Reposición de matafuegos ABC
0200187,2023,Electricidad,Timbre lumínico para hipoacúsicos
0200188,2023,Electricidad,Reemplazo de ventiladores en varios sec
0200190,2023,Medios de elevación,Nueva rampa de acceso en hall escuela
0200190,2023,Sanitarias,Cambio cañería cloacal en baño varones
0200191,2023,Calefaccion y Refrigeracion,Instalación 2 estufas nuevas
0200191,2023,Electricidad,Insonorizacion campana
0200193,2023,Electricidad,Instalación de espacios seguro
0200193,2023,Incendio,Provisión/Colocación 12 extintores
0200194,2023,Otros Servicios,Instalación en espacios seguros
0200195,2023,Electricidad,"INSTALACION EN ESPACIOS SEGUROS, TENDIDO ELECTRICO Y CONEXION HORNO"
0200195,2023,Incendio,REPARACION BOMBA INCENDIO
0200196,2023,Cubiertas / Impermeabilizaciones,Impermeabilización casa casera
0200196,2023,Electricidad,Instalacion Espacio Seguro
0200197,2023,Albañileria / Pintura,Durlock
0200197,2023,Incendio,Reposición 1 matafuegos ABC
0200199,2023,Carpinterías,"Adecuación de SDF 2023, Prov y colocacion de ventanas en aulas"
0200199,2023,Electricidad,Reemplazo de ventiladores en aulas
0200200,2023,Albañileria / Pintura,Reemplazo de solados 5to piso frente
0200201,2023,Carpinterías,Reparacion dos hojas puerta Emerg
0200201,2023,Incendio,Provisión/Colocación extintor ABC 5kg
0200201,2023,Medios de elevación,"Reparar eje de polea, polea tensora"
0200214,2023,Carpinterías,Reparacion de puerta de espacios seguros
0200214,2023,Electricidad,Espacios seguros
0200216,2023,Carpinterías,Vidrios de ventana vandalizado
0200216,2023,Sanitarias,Reponer 8 griferías en lavarorios
0200223,2023,Albañileria / Pintura,Reparar pared/reponer azulejos B° mujer
0200223,2023,Carpinterías,Colocar alambrado en sector faltante
0200224,2023,Albañileria / Pintura,Servicio camion atmosferico
0200224,2023,Incendio,Luces de emergencia
0200224,2023,Sanitarias,TANQUE SISTERNA
0200225,2023,Carpinterías,Rehacer hormigón y coloc. candado
0200225,2023,Cubiertas / Impermeabilizaciones,Reparar filtraciones en techo
0200225,2023,Saneamiento,Desinsectacion
0200227,2023,Albañileria / Pintura,"Puesta en valor aula 2do, Puesta en valor aula 1ero"
0200227,2023,Electricidad,Reemplazo de ventiladores en aula.
0200229,2023,Albañileria / Pintura,"Cateos, Cateo contrafrente"
0200229,2023,Carpinterías,cerradura archivo
0200229,2023,Electricidad,"instalación de 16 ventiladores, Instalacion Espacio Seguro"
0200230,2023,Albañileria / Pintura,Espacio Seguro
0200230,2023,Calefaccion y Refrigeracion,Reparar equipo de aire acondicionado
0200231,2023,Albañileria / Pintura,Reparación y cambio de solado
0200232,2023,Gas,Tapa tanque; recambio estufas; chapa vec
0200233,2023,Carpinterías,Espacio seguro EN LA PLANILLA DE COMPUTO
0200235,2023,Calefaccion y Refrigeracion,Provision e instalación de 1 A°A°
0200236,2023,Albañileria / Pintura,"Reposición de paneles de Cielorraso, Reposición de percheros faltantes"
0200236,2023,Electricidad,"Gestión y Alquiler de GEM, Espacios seguros, Adecuacion de gas, Baja Tensión"
0200236,2023,Sanitarias,"Reemplazo de bombas,adecuacion tablero"
0200237,2023,Albañileria / Pintura,Reacondicionamiento de la dirección
0200238,2023,Albañileria / Pintura,Restauración de cielorraso
0200238,2023,Gas,Prov.colocacion de 2 estufas en aulas
0200239,2023,Electricidad,Recambio de inodoro
0200240,2023,Medios de elevación,Cargador para el montasiilas
0200242,2023,Calefaccion y Refrigeracion,Adecuacion de gas
0200243,2023,Electricidad,Recambio de inodoro
0200245,2023,Calefaccion y Refrigeracion,Remplazo 3 estufas + protecciones
0200250,2023,Albañileria / Pintura,Freno de deterioro - etapa 1
0200251,2023,Electricidad,Reemplazo de 4 ventiladores
0200252,2023,Carpinterías,Construcción de rampa para elecciones
0200253,2023,Electricidad,AULAS SECUNDARIAS DEL FUTURO
0200253,2023,Incendio,Reposición Balizas y Soporte Matafuegos
0200254,2023,Albañileria / Pintura,Freno deterioro
0200254,2023,Calefaccion y Refrigeracion,Reemplazo estufa/reposición 1 matafuegos
0200254,2023,Carpinterías,Cerraduras
0200254,2023,Electricidad,"Luces de emergencia, Instalacion Espacio Seguro"
0200256,2023,Electricidad,"Proteger cables expuestos en tablero, Instalación de espacios seguro"
0200257,2023,Electricidad,Espacio Seguro
0200259,2023,Albañileria / Pintura,Pintura en pasillos y alumnos
0200259,2023,Calefaccion y Refrigeracion,Estufa casera
0200259,2023,Carpinterías,"Colocar picaportes y cerraduras, Reparación de ventana aula planta alta"
0200259,2023,Incendio,Recarga de 3 extintores accionados
0200262,2023,Albañileria / Pintura,"SDF 2023. Adecuación, 2 aulas"
0200262,2023,Electricidad,"Traslado Tablero Eléctrico, Espacios seguros"
0200266,2023,Albañileria / Pintura,Reparacion muro sobre la línea municipal
0200266,2023,Calefaccion y Refrigeracion,Cambio de estufas
0200266,2023,Electricidad,Adecuar aulas de computación
0200266,2023,Sanitarias,Reparación de griferias vandalizadas
0200281,2023,Cubiertas / Impermeabilizaciones,"Trabajos a Reparación de Cubierta, Trabajos a Realizar Reparación de Cubier"
0200281,2023,Electricidad,"3 Aulas Secundaria del Futuro, Espacio Seguro, Espacio Seguro"
0200281,2023,Sanitarias,"Realizar nueva red cloacal hasta cámara, Descubrir cámara cloacal oculta y otros."
0200293,2023,Albañileria / Pintura,Demolición y limpieza de vivienda
0200293,2023,Incendio,Matafuegos abc en buffet
0200294,2023,Electricidad,Ejecucion Espacios Seguros
0200295,2023,Incendio,Adecuación sala bombas incendio
0200297,2023,Carpinterías,Rampa de acceso en madera
0200297,2023,Electricidad,Provisión y colocacion de ventiladores
0200298,2023,Sanitarias,Reemplazo cañeria bajada de tanque
0200299,2023,Calefaccion y Refrigeracion,Reemplazo de tramo de cañería de caldera
0200301,2023,Electricidad,Generador electrico
0200304,2023,Albañileria / Pintura,Instalación de malla metálica.
0200304,2023,Electricidad,Reemplazo de Ventiladores
0200304,2023,Gas,Colocar nuevo termotanque en jardín
0200305,2023,Electricidad,"Provisión y colocacion de ventiladores, Provisión y colocacion de ventiladores, Prov. Coloc Espacios Seguros"
0200307,2023,Sanitarias,Reemplazo cañería cloacal sanitarios
0200308,2023,Electricidad,Provisión y colocacion de ventiladores
0200308,2023,Sanitarias,Proveer y colocar inodoro B° Varones
0200309,2023,Electricidad,Reemplazo de 2 ventiladores de pared
0200310,2023,Electricidad,PROVISION E INST. DE VENTILADORES
0200310,2023,Otros Servicios,Reponer regulador de gas e instalacion
0200311,2023,Electricidad,PROVISION E INST. DE VENTILADORES
0200312,2023,Albañileria / Pintura,"Realizar plataforma, coloc piso goma"
0200312,2023,Calefaccion y Refrigeracion,"reemplazo cañería vapor colector caldera, Reparaciones cañeria de vapor PB"
0200312,2023,Carpinterías,Reemplazo puertas de 2 aulas
0200312,2023,Cubiertas / Impermeabilizaciones,Impermeabilizacion cubierta cocina comed
0200312,2023,Electricidad,"Instalacion tomacorrientes en aulas, reparacion maquina de traccion A4, Trabajos varios piso, termotanque"
0200312,2023,Saneamiento,Realizar desinsectacion arañas en museo
0200315,2023,Carpinterías,Malla protección en ventanas
0200315,2023,Gas,Provisión y conexión de 2 estufas
0200316,2023,Electricidad,Reemplazo de un ventilador de techo
0200318,2023,Electricidad,Reemplazar ventiladores de pared
0200319,2023,Electricidad,Instalación en espacios seguros
0200320,2023,Electricidad,"Reemp ventiladores en aulas y oficinas, Reemplazar y reubicar cajas electricas, Instalación en espacio seguro"
0200320,2023,Gas,Informe de Metrogas
0200320,2023,Sanitarias,Habilitar y mejorar cubiculos de baños
0200322,2023,Albañileria / Pintura,Realizar 3 aulas del futuro
0200322,2023,Calefaccion y Refrigeracion,Reemplazo de 2 estufas
0200322,2023,Carpinterías,Prov. e instalacion cortina blackout aul
0200322,2023,Electricidad,"2DA ETAPA-Adecuacion de inst de gas, Ejecución Espacios Seguros"
0200322,2023,Gas,"Adecuacion de gas en el edificio, Carpinterás - Placas antihumeddad"
0200323,2023,Carpinterías,Cambio de cerradura en puerta de acceso
0200323,2023,Electricidad,"Espacios seguros, Reemplazo de 3 ventiladores, Reposición central telefónica"
0200324,2023,Albañileria / Pintura,"Realizar 3 aulas del futuro, Renovacion de sector afectado incendio"
0200324,2023,Electricidad,"Realizacion de espacio digital, Reemplazar 21 ventiladores"
0200324,2023,Gas,Puesta a normativa de gas
0200324,2023,Medios de elevación,Prov e inst de contactora en ascensor
0200325,2023,Albañileria / Pintura,Aulas SdF 2023- 3 aulas
0200325,2023,Carpinterías,Prov y colocación de cortinas roller
0200326,2023,Carpinterías,Prov y colocación de cortinas roller
0200327,2023,Albañileria / Pintura,"Tratamiento ignifugo escalera madera, Realizacion 2 aulas SDF para 4to año"
0200327,2023,Calefaccion y Refrigeracion,Reemplazo 2 estufas y termotanque
0200327,2023,Cubiertas / Impermeabilizaciones,Extender Cubierta alero acceso aula
0200328,2023,Sanitarias,"Acondicionamiento gral sanitarios PB, Reemplazo de tanques de agua"
0200332,2023,Calefaccion y Refrigeracion,Colocación de equipos de calefacción
0200335,2023,Carpinterías,Terminacion reja parque y ventana
0200335,2023,Gas,Reemplazo termotanque y pintura hall
0200343,2023,Albañileria / Pintura,Reparacion de Terrazas y pintura interio
0200343,2023,Electricidad,PROVISION E INST. DE VENTILADORES
0200353,2023,Albañileria / Pintura,Reparar desprendimientos en pared.
0200353,2023,Calefaccion y Refrigeracion,Readecuacion de caldera
0200356,2023,Calefaccion y Refrigeracion,Reemplazo cuadro de bombas calefacción
0200356,2023,Electricidad,INSTALACION EN ESPACIOS SEGUROS
0200357,2023,Medios de elevación,Rampa para elecciones PASO 2023
0200358,2023,Cubiertas / Impermeabilizaciones,"Cambio chapas policarbonato circulacion, Cambio de cubierta 3° y Biblioteca"
0200358,2023,Electricidad,Cambio de mueble y mesada de cocina Y lu
0200359,2023,Medios de elevación,Reparación de Ascensor
0200361,2023,Electricidad,Readecuacion luces emergencia
0200361,2023,Gas,Adecuación caldera e instalación de gas
0200363,2023,Gas,Cambio de estufa FVU
0200364,2023,Albañileria / Pintura,Pintura en circulación de 1P y B° Doc
0200365,2023,Carpinterías,Rampa movil el el ingreso
0200366,2023,Calefaccion y Refrigeracion,instalacion de aire acondicionado
0200367,2023,Carpinterías,Reparar red protección en patio
0200367,2023,Incendio,Reemplazo de tendido de cable
0200369,2023,Carpinterías,Adecuación instalación gas
0200369,2023,Gas,Cajones de Durlock
0200369,2023,Sanitarias,Arreglo Tanque de Agua y tablero electr.
0200371,2023,Sanitarias,Cambio termotanque en cocina
0200372,2023,Electricidad,"Colocacion de luces de emergencia, Provisión tomas para cargar notebooks El"
0200373,2023,Electricidad,Provisión y colocacion de ventiladores
0200374,2023,Gas,Reparaciones de inst de gas
0200374,2023,Sanitarias,Reemplazo termotanque eléctrico
0200375,2023,Electricidad,Inst. aires acondicionado
0200375,2023,Gas,"Adecuación instalación de gas, Cajones de Durlock"
0200375,2023,Medios de elevación,Rampa móvil
0200376,2023,Albañileria / Pintura,Ejecución de 4 aulas del futuro
0200376,2023,Electricidad,Tendido eléctrico con tablero 2do piso
0200377,2023,Calefaccion y Refrigeracion,Adecuación sistema de calefacción
0200377,2023,Electricidad,"Instalacion Espacio Seguro, Colocacíon de portero electrico"
0200379,2023,Incendio,Cambio de manguera
0200380,2023,Sanitarias,Adecuación de laboratorio
0200381,2023,Carpinterías,Prov y coloc cortinas rollers blackouts
0200381,2023,Electricidad,INSTALACION EN ESPACIOS SEGUROS
0200381,2023,Sanitarias,Colocar tablas de inodoros y matafuegos
0200382,2023,Electricidad,Instalacion Espacio Seguro
0200382,2023,Incendio,Proveer Extintores faltantes
0200385,2023,Gas,CAMBIO TERMOTANQUE CASA CASERO
0200385,2023,Incendio,Reposicion de faltantes  hidrantes
0200385,2023,Medios de elevación,Reparacion puertas ascensor
0200397,2023,Cubiertas / Impermeabilizaciones,Reemplazo chapas cubierta Salas Jardin
0200400,2023,Electricidad,Reparacion de Sistema de Vigilancia
0200402,2023,Carpinterías,Provisión y colocación de mampara
0200403,2023,Electricidad,Prov. Coloc.  7 ventiladores
0200403,2023,Saneamiento,"Proveer certificados, obleas"
0200404,2023,Otros Servicios,"Espacios seguros, PROVISION E INST. DE VENTILADORES"
0200405,2023,Electricidad,Inst. alarma y camara espacio Seguro
0200406,2023,Carpinterías,"Ejecución de oficina y cambiador en sala, Prov. Coloc. Mosquiter en ventana"
0200406,2023,Electricidad,Instalación de tomas en oficina
0200407,2023,Albañileria / Pintura,Pintura de circulación de 1erPiso
0200407,2023,Electricidad,"Coloc.  luces de emergencia, INSTALACION EN ESPACIOS SEGUROS"
0200409,2023,Albañileria / Pintura,Pintura de Paredes y carpinterias 4 sala
0200410,2023,Electricidad,Instalacion Espacio Seguro
0200411,2023,Calefaccion y Refrigeracion,Adecuacion sistema de calefacción
0200411,2023,Electricidad,Instalación de purificadores en el EE
0200411,2023,Gas,Reparar medidores de gas
0200412,2023,Calefaccion y Refrigeracion,Proveer y colocar dos caloventores
0200412,2023,Electricidad,"Reemplazar-reponer bomba quemada, Reponer ventiladores"
0200413,2023,Albañileria / Pintura,Reemplazo de piso madera-Salón Actos PA
0200413,2023,Electricidad,Instalaciones en Espacio Seguro
0200414,2023,Albañileria / Pintura,Provision e instalacion de placa antihum
0200414,2023,Electricidad,PROVISION E INST. DE VENTILADORES
0200414,2023,Otros Servicios,Colocacion placa san francisco
0200417,2023,Medios de elevación,Rampa para elecciones PASO 2023
0200418,2023,Electricidad,Inst. alarma y camara espacio Seguro
0200420,2023,Albañileria / Pintura,Adicional por placa san francisco
0200420,2023,Electricidad,PROVISION E INST. DE VENTILADORES
0200420,2023,Otros Servicios,"AULAS SECUNDARIAS DEL FUTURO, Espacio digital Secundarias del futuro"
0200423,2023,Medios de elevación,Rampa para elecciones PASO 2023
0200425,2023,Albañileria / Pintura,Adecuación aulas SdF
0200425,2023,Carpinterías,Prov.Coloc. rejas en puertas a patio
0200425,2023,Electricidad,"Instalación de espacio seguro, Reparar portero eléct/timbre de ingreso"
0200426,2023,Electricidad,INSTALACION EN ESPACIOS SEGUROS
0200426,2023,Gas,"Reacondicionamiento del gas en el buffet, Reacondicionamiento de gas en buffet"
0200427,2023,Albañileria / Pintura,"Reacondicionamiento para 7 aulas, Adicional por zocalos"
0200427,2023,Carpinterías,Reacondicionamiento de reja
0200427,2023,Electricidad,Prov. Coloc nuevos teléfonos y nueva lín
0200427,2023,Gas,Adecuación según indicaciones de Metroga
0200431,2023,Albañileria / Pintura,Cambio de solado en aula
0200431,2023,Electricidad,Cortinas black out y ventiladores
0200441,2023,Electricidad,Cambiar cables de tablero ppal
0200441,2023,Incendio,Colocación de hidrante en 1er piso
0200443,2023,Sanitarias,Colocacion de Bomba y tanque de bombeo
0200445,2023,Gas,Puesta en Norma Inst. de Gas
0200446,2023,Albañileria / Pintura,Pintura de hall y comedor
0200446,2023,Gas,Adecuación del conducto de ventilación
0200448,2023,Incendio,Provisión y colocación de un matafuego
0200450,2023,Calefaccion y Refrigeracion,Cambio de equipo calefactor
0200451,2023,Cubiertas / Impermeabilizaciones,Cambio de chapas de policarbonato
0200452,2023,Electricidad,Instalación en espacios seguros.
0200452,2023,Sanitarias,Reparación de la cámara cloacal
0200454,2023,Albañileria / Pintura,Reparación humedades en Placares y muros
0200455,2023,Gas,povisión de 12 protecciones de estufa
0200456,2023,Electricidad,Instalación de 2 ventiladores de pared
0200458,2023,Albañileria / Pintura,PINTURA DE FRISO EN CIRCULACION
0200461,2023,Electricidad,"instalación de seguridad, Readecuación de instalación electrica"
0200461,2023,Sanitarias,Cambio de inodoro por rotura
0200462,2023,Albañileria / Pintura,Pintura de aulas de jardín
0200462,2023,Calefaccion y Refrigeracion,Prov. Coloc. de estufas en aulas.
0200464,2023,Incendio,Provision e instalacion matafuego
0200465,2023,Electricidad,Provision e instalacion de ventiladores
0200466,2023,Electricidad,instalación de seguridad
0200466,2023,Gas,CAMBIO DE TERMOTANQUE
0200467,2023,Albañileria / Pintura,Adecuar aula para guardado de material
0200467,2023,Otros Servicios,Cerramiento medianera
0200468,2023,Electricidad,"Insalación de seguridad, Reemplazar 8 artefactos iluminación led, Instalación de 4 enchufes trifásico"
0200468,2023,Gas,Reacondicionar inst. de gas calefactor
0200469,2023,Albañileria / Pintura,Instalacion eléctrica y pintura en aulas
0200469,2023,Electricidad,"SECUNDARIAS DEL FUTURO- 3 AULAS, INSTALACION EN ESPACIOS SEGUROS"
0200470,2023,Calefaccion y Refrigeracion,Reparación de aire acondicionado
0200471,2023,Carpinterías,Instalación de porteroeléctrico
0200471,2023,Electricidad,"instalación de seguridad, Instalación de tomas"
0200471,2023,Incendio,Reemplazo de 1 matafuego
0200474,2023,Carpinterías,"Cambio de vidrios comunes,fantasia,rotos"
0200475,2023,Otros Servicios,Provision y Colocacion de Ventiladores
0200478,2023,Incendio,Provisión y colocación de dos matafuegos
0200479,2023,Albañileria / Pintura,"Pintura Aulas, Comedor,  Baño, EPSE., Pintura Fachadas."
0200497,2023,Albañileria / Pintura,"Reparación de muros y pintura, Pintura del gimnasio"
0200497,2023,Gas,Inst.5 protecciones mecánicas en estufas
0200497,2023,Saneamiento,"Prov.Coloc red anti palomas patio acceso, Prov.Coloc red anti palomas en Sum"
0200497,2023,Sanitarias,"Nuevo red clocal entre cámara, Reparación del tramo de cañería hall"
0200499,2023,Albañileria / Pintura,Pintura rampa interna PB a 1°P
0200500,2023,Calefaccion y Refrigeracion,PROVISION E INSTALACION DE 2 A°A°
0200500,2023,Otros Servicios,Toldo sobre calle Besares
0200500,2023,Sanitarias,Instalación de bombas elevadora por robo
0200506,2023,Electricidad,"INSTALACION EN ESPACIOS SEGUROS, Proveer y colocar ventiladores"
0200508,2023,Carpinterías,CAMBIO TRES PUERTAS CORREDIZAS JARDÍN
0200509,2023,Electricidad,INSTALACION EN ESPACIOS SEGUROS
0200510,2023,Albañileria / Pintura,Adecuacion patio exterior
0200513,2023,Albañileria / Pintura,"Pintura espacios en PB , electricidad e, Pintura de aula comedor"
0200513,2023,Carpinterías,"Reposicion de 17 persianas de fachas, Pintura Patio exterior."
0200515,2023,Albañileria / Pintura,"Adecuación de sector depósitos, Reparar arenero en Jardín, Retiro revestimiento sala musica"
0200517,2023,Albañileria / Pintura,"Pintura Patio exterior., Pintura Comedor, Caja de escaleras SUM, Pintura Pasillo primer piso"
0200520,2023,Albañileria / Pintura,Reparación de muros y provisión reja
0200520,2023,Electricidad,Adecuar portero eléctrico
0200521,2023,Albañileria / Pintura,Cambio de solado de patio
0200521,2023,Calefaccion y Refrigeracion,Prov y coloc estructura apoyo de 4 unid.
0200521,2023,Carpinterías,Pintura de fachada y provision y colocac
0200521,2023,Electricidad,Instalacion equipos aire acondicionado
0200521,2023,Sanitarias,Reemplazo de tanque de reserva
0200523,2023,Albañileria / Pintura,"Acondicionamiento 2 aulas para SDF, Pintura de Fachades, pintura interior"
0200523,2023,Electricidad,Acondicionamiento de aula p/espacio digi
0200525,2023,Albañileria / Pintura,"Ejecución de 2 aulas del futuro 3er piso, Ejecución 3 aulas del futuro  5to año."
0200525,2023,Calefaccion y Refrigeracion,Puesta a punto y encendido de caldera
0200525,2023,Electricidad,Instalación en espacios seguros.
0200526,2023,Albañileria / Pintura,"Pintura de muros y aberturas de fachada, Pintura de parede, y aberturas fachada, Puesta en valor Sala de Musica y SUM"
0200526,2023,Electricidad,"5 Aulas secundarias del Futuro, Adecuar central telefonica"
0200527,2023,Albañileria / Pintura,"Puesta en valor patio ppal, Puesta en valor solado de escenario SUM"
0200527,2023,Carpinterías,"Reparacion de pergola, Herreria patio ppal, Prov.Coloc protección en escalera"
0200527,2023,Electricidad,"2 aulas secundaria del futuro, Pintura de fachada mas Provisión e insta"
0200528,2023,Albañileria / Pintura,"Acondicionamiento aulas 25 y 26 para SDF, Acondicionamiento aulas 27 y 28 para SDF, Acondicionamiento aulas 29 y 30 para SDF, Acondicionamiento Secundarias del Futuro"
0200528,2023,Electricidad,"Prov, coloc ventiladores aulas SDF 1ºP, Prov, coloc ventiladores aulas SDF 2ºP, Prov,coloc extractor p/conducto de campa"
0200528,2023,Saneamiento,Retiro de panal parque de deportes.
0200529,2023,Electricidad,INSTALACION EN ESPACIOS SEGUROS
0200530,2023,Albañileria / Pintura,Pintura paredes y carpintería en PB
0200530,2023,Electricidad,INSTALACION EN ESPACIOS SEGUROS
0200531,2023,Albañileria / Pintura,Adecuacion sala de bombas
0200531,2023,Electricidad,Instalacion electrica aulas 1 y 2 P
0200542,2023,Electricidad,Instalación en espacios seguros.
0200556,2023,Medios de elevación,Cambio variador de velocidad ascensor
0200557,2023,Albañileria / Pintura,REACONDICIONAMIENTO AULA
0200557,2023,Sanitarias,Adecuacción baño de inicial y cambiador
0200560,2023,Gas,Inst. de Gas
0200562,2023,Electricidad,Instalacion para Espacios Seguros
0200563,2023,Medios de elevación,Colocación de rampa provisoria
0200565,2023,Albañileria / Pintura,"Tabiques de durlock en aulas de inicial, Refuncionalizacion de deposito para aula"
0200565,2023,Electricidad,Reacondicionamoento de instalación eléct
0200565,2023,Sanitarias,Cambio de caños de agua y canillas
0200570,2023,Albañileria / Pintura,Pintura dos aulas del primer piso Jardin
0200571,2023,Albañileria / Pintura,"4 salas del futuro, Acondicionamiento espacio biblioteca"
0200572,2023,Electricidad,INSTALACION EN ESPACIOS SEGUROS
0200574,2023,Cubiertas / Impermeabilizaciones,Reparación de losa de acceso a casona
0200574,2023,Electricidad,INSTALACION EN ESPACIOS SEGUROS
0200575,2023,Albañileria / Pintura,3 salas del futuro
0200579,2023,Albañileria / Pintura,Cielorraso de surlock en B° PA
0200584,2023,Sanitarias,Cambio de tanques cisterna en primaria
0200586,2023,Albañileria / Pintura,Cambio taparrollos de sala de plastica
0200586,2023,Gas,Cambio de caño ventilación caldera
0200586,2023,Sanitarias,Reparación de desagües/Cielorraso
0200587,2023,Calefaccion y Refrigeracion,"Caloventiladores e-2, Provisión y reemplazo de tubos de calder"
0200587,2023,Electricidad,Protocolo espacios seguros
0200588,2023,Albañileria / Pintura,Pintura de aulas - 1era etapa
0200588,2023,Calefaccion y Refrigeracion,INSTALACION ELECTRICA PARA SPLITS  AA
0200589,2023,Gas,Ventilación cocina s/pedido
0200591,2023,Albañileria / Pintura,"Trabajos de pintura y circulaciones, Pintura de sectores varios"
0200593,2023,Incendio,"Luces de emergencia, Reparación de central de alarma IFCI"
0200594,2023,Electricidad,Completar iluminación de emergencia. Seg
0200594,2023,Gas,Reemplazo de estufas en aulas
0200594,2023,Sanitarias,Cambio de depósito inodoro baño casero
0200595,2023,Electricidad,Instalaciones en Espacio Seguro
0200595,2023,Sanitarias,INSTALACIÓN BOMBA DE AGUA
0200598,2023,Albañileria / Pintura,Pintura en espacios comunes interiores
0200599,2023,Electricidad,Instalaciones en Espacio Seguro
0200599,2023,Gas,REEMPLAZO CINCO ESTUFAS
0200600,2023,Sanitarias,Reparación red pluvial/revoques/manijon
0200603,2023,Electricidad,"Insonorización extracción cocina, Reparar Sist.Alarmas s/informe ASBA"
0200604,2023,Electricidad,Cambio de dos ventiladores en sala
0200604,2023,Gas,Reemplazo de estufas
0200605,2023,Electricidad,INSTALACIÓN DE 2 VENTILADORES
0200606,2023,Albañileria / Pintura,"AULAS SECUNDARIAS DEL FUTURO, FRISO GALERIA Y AULAS"
0200606,2023,Electricidad,Instalaciones en Espacio Seguro
0200606,2023,Gas,"CAMBIAR CAÑERIA GAS LABORATORIOS, HABILITACION CALDERA Y RAMAS REGULACIÓN"
0200607,2023,Albañileria / Pintura,AULAS SECUNDARIAS DEL FUTURO
0200607,2023,Electricidad,"ADECUACIÓN ESPACIO DIGITAL para SDF, Espacio Seguro"
0200608,2023,Albañileria / Pintura,AULAS SECUNDARIAS DEL FUTURO
0200608,2023,Sanitarias,INSTALACIÓN BOMBA DE AGUA
0200611,2023,Gas,Cambio de estufa FVU
0200612,2023,Electricidad,Proveer y colocar 3 ventiladores
0200612,2023,Gas,Reemplazo de estufas
0200618,2023,Calefaccion y Refrigeracion,Caloventiladores e-1
0200619,2023,Albañileria / Pintura,"Rep. piso cocina consecionario, Reparar sala de maestros"
0200620,2023,Albañileria / Pintura,Pintura de Paredes varias aulas
0200622,2023,Calefaccion y Refrigeracion,Reparacion de calderas y ventilacion
0200624,2023,Albañileria / Pintura,Reparar mampostería de arco-Pasillo PA
0200624,2023,Electricidad,Reemplazar ventiladores rotos.
0200625,2023,Albañileria / Pintura,"Reparación y pintura de patios, Pintura del patio, etapa 2"
0200626,2023,Carpinterías,Reponer cerraduras rotas
0200626,2023,Electricidad,Instalacion  Espacios Seguros
0200626,2023,Sanitarias,"Reemplazo de griferias en baños, Sumist e instalación de mochilas"
0200627,2023,Calefaccion y Refrigeracion,Prov. Coloc  de A°A
0200627,2023,Electricidad,INSTALACION DE SISTEMA DE ALARMA
0200628,2023,Calefaccion y Refrigeracion,Inst de equipo de A°A°
0200629,2023,Sanitarias,cambio de tanque de reserva
0200633,2023,Electricidad,"INSTALACION DE SISTEMA DE ALARMA, Remplazo de ventiladores."
0200633,2023,Gas,"Reemplazo de dos estufas, REMPLAZO DE TERMOTANQUE"
0200638,2023,Carpinterías,Rampa para elecciones
0200638,2023,Electricidad,Prov.Coloc.  dos ventiladores
0200639,2023,Calefaccion y Refrigeracion,Prov.Coloc aire acondicionado.
0200639,2023,Electricidad,Reemplazo de central telefonica
0200639,2023,Gas,Remplazo de estufas
0200641,2023,Carpinterías,Instalar pasamanos y barandas.Modificar
0200642,2023,Carpinterías,Colocación de vidrios de seguridad
0200643,2023,Electricidad,"Adecuación de 7 aulas S.F, INSTALACION EN ESPACIOS SEGUROS"
0200644,2023,Albañileria / Pintura,Desmontaje cielorraso sector administrac
0200644,2023,Electricidad,"Adecuación de 5 aulas Sec. Futuro, INSTALACION EN ESPACIOS SEGUROS, Cableado de sistema de emergencia"
0200647,2023,Calefaccion y Refrigeracion,Reparar sistema de calefacción
0200647,2023,Cubiertas / Impermeabilizaciones,Impermeabilización de hall ingreso
0200647,2023,Electricidad,"Instalar un sistema Alarma:, Prov.Coloc. luces de emergencia, Remplazo de ventiladores de pared."
0200647,2023,Medios de elevación,Adecuacion de ascensor
0200648,2023,Calefaccion y Refrigeracion,Remplazo de aire acondicionado
0200650,2023,Calefaccion y Refrigeracion,Reparación y limpieza de calderas 1-2-3
0200655,2023,Albañileria / Pintura,Adecuar 3 aulas
0200655,2023,Calefaccion y Refrigeracion,Reemplazar estufas rotas.
0200655,2023,Electricidad,Reemplazar cables deteriorados
0200665,2023,Electricidad,Alquiler de generador eléctrico
0200666,2023,Albañileria / Pintura,Mosaico de patio principal
0200666,2023,Medios de elevación,Colocar rampa móvil para acceso
0200666,2023,Sanitarias,Prov. Coloc termotanque electrico
0200668,2023,Calefaccion y Refrigeracion,Cañería de calefacción y bomba caldera
0200672,2023,Gas,"TRABAJO DE GAS EN COCINA, Trabajo de instalación de gas"
0200674,2023,Albañileria / Pintura,GUARDAGANADO Y PINTURA PATIO JARDIN
0200676,2023,Calefaccion y Refrigeracion,Coloc.6 Split provistos por Cooperadora
0200676,2023,Gas,Estufa tb 3500cal por fin vida útil
0200678,2023,Gas,Solenoide horno por falta de vástago
0200679,2023,Carpinterías,Prov. coloc antipaloma
0200679,2023,Electricidad,Alquiler de grupo electrógeno
0200681,2023,Calefaccion y Refrigeracion,Instalacion Aire acondicionado
0200682,2023,Carpinterías,Remplazo puerta ventana/bomba presuriz.
0200683,2023,Calefaccion y Refrigeracion,Colocar ailslacion termica sist. calefac
0200684,2023,Carpinterías,Reparacion black out aulas
0200684,2023,Cubiertas / Impermeabilizaciones,"Adecuacion gas, pintura y cambio artefac"
0200684,2023,Electricidad,Adecuacion para espacio seguro.
0200684,2023,Sanitarias,Cambio tanques de agua
0200685,2023,Albañileria / Pintura,Cambio pisos patio planta baja
0200685,2023,Sanitarias,Cambio canaleta y pluviales gimnasio
0200687,2023,Electricidad,Secundarias del Futuro 2 aulas 1 año
0200687,2023,Medios de elevación,Reemplazo botonera y coloc llave
0200689,2023,Electricidad,Prov. Inst.  circuito iluminación emerge
0200699,2023,Electricidad,Ejecucion Pilar de Luz
0200706,2023,Albañileria / Pintura,Cateo estructural bajo solado
0200709,2023,Sanitarias,Instalación de cañería Alim. de agua
0200710,2023,Medios de elevación,Reparación de plataforma elevadora
0200714,2023,Albañileria / Pintura,Pintura de casrpinterías en comedor
0200714,2023,Carpinterías,Instalacion de Alambrado Olimpico
0200714,2023,Otros Servicios,Cambio de cañería cloacal y acondicionam
0200718,2023,Electricidad,Instalación en espacios seguros
0200720,2023,Sanitarias,CAMBIO CAÑO ENTRADA Y SUBIDA AGUA
0200726,2023,Albañileria / Pintura,Puesta en valor de aulas SDF
0200726,2023,Electricidad,Instalación en espacios seguros
0200727,2023,Electricidad,INSTALACION EN ESPACIOS SEGUROS
0200736,2023,Calefaccion y Refrigeracion,REPARACION DE CALDERA
0200736,2023,Gas,Proveer e instalar termotanque
0200740,2023,Albañileria / Pintura,"Reparación de revoques y pintura, pintura en salas del jardín, Reparación de revoques retiro  pizarron"
0200740,2023,Calefaccion y Refrigeracion,Cambio de estufas en salas varias
0200740,2023,Cubiertas / Impermeabilizaciones,Impermeabilizacion cubierta plana
0200741,2023,Cubiertas / Impermeabilizaciones,Impermeabilización en cubiertas varias
0200742,2023,Carpinterías,"Desratizacion y cambio de persianas, Cerramiento de lona en patio"
0200743,2023,Albañileria / Pintura,Reacondicionando los baños
0200743,2023,Calefaccion y Refrigeracion,"RETRO, PROV Y COLOCACION DE PERSIANAS"
0200743,2023,Electricidad,Espacio de seguridad
0200744,2023,Albañileria / Pintura,Reparación de revoques y pintura
0200746,2023,Calefaccion y Refrigeracion,Cambio de eq compactos de calef. central
0200747,2023,Cubiertas / Impermeabilizaciones,Cambio de chapas en patio de P.A.
0200747,2023,Sanitarias,Cambio de un tanque cisterna
0200749,2023,Electricidad,Reacondicionar  tablero electrico
0200752,2023,Electricidad,Prov y col de 12 ventiladores
0200757,2023,Sanitarias,Reemplazo de guardaganados en patio.
0200758,2023,Albañileria / Pintura,Pintura general en patios de primaria
0200763,2023,Carpinterías,Prov. Coloc  red de protección
0200766,2023,Albañileria / Pintura,"SDF 2 AULAS 2023, Espacio Digital"
0200766,2023,Calefaccion y Refrigeracion,"prov y col de 2 radiadores en aulas, prov y col de 2 bombas recircu calef"
0200769,2023,Electricidad,Inst. Eléctrica s/etapas prevista
0200770,2023,Gas,Estufa en sala plastica
0200771,2023,Albañileria / Pintura,"Pintura en cielorraso, pared, Pintura en patio de deportes Primaria"
0200772,2023,Albañileria / Pintura,Reparación Cielorrasos Circulación y Bañ
0200773,2023,Electricidad,Timbre para hipoacsicos
0200775,2023,Otros Servicios,Vallado de contención
0200776,2023,Albañileria / Pintura,"Pintura de completa patio cubierto, Pintura/mueble/terminaciones en cocina"
0200779,2023,Carpinterías,Protecciones para barandas
0200780,2023,Electricidad,Inst. alarma y cámara de seguridad
0200781,2023,Albañileria / Pintura,Pintura patio sobre medianera
0200782,2023,Sanitarias,Provisión de bomba faltante
0200783,2023,Albañileria / Pintura,Cielorraso desmontable en comedor
0200784,2023,Albañileria / Pintura,Pintura en salas y hall de entrada JIN
0200785,2023,Electricidad,Acond. Inst. elect. por aum. de potencia
0200786,2023,Electricidad,"Reparar sist alarma incendio s/infoAsba, Reparar tablero A A"
0200787,2023,Albañileria / Pintura,"Pintura patio exterior y frente, Cielorraso de baño varones"
0200788,2023,Albañileria / Pintura,Reparacion  revoques y pintura
0200789,2023,Albañileria / Pintura,"Pintura de Paredes techos, y carpintería"
0200789,2023,Gas,Reemplazar estufas sala jardin y aulas
0200790,2023,Albañileria / Pintura,Reacondicionamiento de 3 aulas para SDF
0200791,2023,Albañileria / Pintura,"Acondicionamiento de medianera, Pintura en laboratorio, baños y aulas"
0200791,2023,Electricidad,Reacondicionamiento de 3 aulas para SDF
0200792,2023,Albañileria / Pintura,Ejecucion 1  aula del Futuro
0200792,2023,Electricidad,Inst. alarma y cámara de seguridad
0200793,2023,Electricidad,"SDF - 6 aulas de 4to año, Aumentar la potencia eléctrica, Espacios seguros S/especif UASE"
0200794,2023,Electricidad,Instalación de luces de emergencia
0200794,2023,Gas,Retiro/provisíon/instalación 10 estufas
0200795,2023,Albañileria / Pintura,"Pintura contrafrente y patio, Pintura patio interior"
0200795,2023,Electricidad,"PROV Y COLOC LUCES EMERGENCIA, Espacios seguros"
0200796,2023,Calefaccion y Refrigeracion,Reemplazo de estufas TB fin de vida útil
0200797,2023,Gas,Reemplazo estufa tb 5500cal
0200798,2023,Gas,Retiro/provisíon/instalación 15 estufas
0200801,2023,Albañileria / Pintura,Reparar revoque y pintura office y baños
0200801,2023,Carpinterías,Coloc red antipaloma en ventanas
0200805,2023,Albañileria / Pintura,"Pintura de hall y 2 aulas de Primaria, Pintura de sala verde"
0200805,2023,Carpinterías,Mallado en reja de acceso
0200806,2023,Electricidad,Colocacion Sist Alarma Espacio Seguro
0200806,2023,Sanitarias,Cambiador en Sala de 2 años Inicial
0200807,2023,Electricidad,provision de 2 ventiladores para direcci
0200808,2023,Albañileria / Pintura,Reparacion friso y pintura Aula musica
0200808,2023,Carpinterías,Cambiador en baño Sala 2
0200808,2023,Gas,Adecuación Inst. Gas
0200809,2023,Calefaccion y Refrigeracion,Reemplazar motor sistema de calefaccion
0200811,2023,Albañileria / Pintura,Reparacion  revoques y pintura de friso
0200811,2023,Electricidad,Proveer ventiladores-Modif inst S Video
0200811,2023,Gas,Reemplazo de estufas en aulas
0200813,2023,Albañileria / Pintura,Pintura en cielorrasos y cubierta
0200814,2023,Electricidad,"Prov.Coloc seis ventiladores de pared, Ejecución de tomas plan escuela bilingüe"
0200814,2023,Gas,Reemplazo de estufas en aulas. Cambiar e
0200815,2023,Albañileria / Pintura,"Red de contencion para palomas, Red anti palomas en ventana"
0200816,2023,Electricidad,Colocacion cuatro ventiladores
0200816,2023,Gas,Colocacion cuatro estufas TB
0200817,2023,Albañileria / Pintura,"Reparar frizos PB y 1er piso, Reacondicionamiento solado, Reparar desprendimientos en pared"
0200817,2023,Electricidad,"Reemplazar 4 ventiladores, Cambio de timbre del recreo"
0200818,2023,Electricidad,Colocación de equipo forzado para ventil
0200819,2023,Electricidad,5 ventiladores
0200821,2023,Albañileria / Pintura,Pintura de fachada
0200821,2023,Calefaccion y Refrigeracion,Cambio termotanque de casero
0200823,2023,Albañileria / Pintura,Reemplazo de vidrios de ventanas
0200825,2023,Electricidad,Colocacion de dos ventiladores de 19´
0200826,2023,Carpinterías,Reconstrucción guarda ganado en jardin
0200828,2023,Albañileria / Pintura,"3 aulas del Futuro, Construcción de vereda en acceso parque, provisión e instalación de ventiladores"
0200828,2023,Calefaccion y Refrigeracion,Reemplazo de caldera y adecuación de SM
0200828,2023,Electricidad,"Cambio de artefactos electrico, Adecuación electrica en preceptoria PB/P"
0200828,2023,Sanitarias,"Retiro de tanque de reserva, Colocación de tanque de reserva"
0200829,2023,Albañileria / Pintura,"Reparacion de revoques, cielorraso, Secundarias del Futuro 2023, Solado oficina biblioteca"
0200829,2023,Electricidad,"Colocacion Sist Alarma Espacio Seguro, Colocacion de 10 placas Led en Aulas"
0200829,2023,Sanitarias,Tanques de Reserva
0200830,2023,Albañileria / Pintura,Secundarias del Futuro 2023
0200830,2023,Calefaccion y Refrigeracion,Colocacion de dos Aires Acondicionados
0200830,2023,Electricidad,"Colocacion Sist Alarma Espacio Seguro, Inst. electrica reflectores azotea (3)"
0200831,2023,Albañileria / Pintura,Colocacion revestimientos vestuarios/bañ
0200831,2023,Electricidad,"Colocacion Sist Alarma Espacio Seguro, Colocacion de 15 placas de iluminacion"
0200831,2023,Sanitarias,Canaleta perimetral patio deportes
0200832,2023,Carpinterías,Soportes de pantallas digitales
0200833,2023,Albañileria / Pintura,"Reparaciones en estructura de HA, Reparaciones en estructura de HA E 2, Reparaciones en estructura de HA E 3"
0200833,2023,Electricidad,Colocación nueva contactora en ascensor
0200833,2023,Incendio,Reposición de faltantes en IFCI
0200834,2023,Gas,Reemplazo de estufas en aulas
0200836,2023,Electricidad,Colocacion de grupo electrógeno
0200839,2023,Calefaccion y Refrigeracion,"Cambio de tubos en caldera, REACONDICIONAMIENTO CALEFACCIÓN"
0200844,2023,Calefaccion y Refrigeracion,Provision estufa de 3000 kcal.
0200846,2023,Calefaccion y Refrigeracion,Reemplazo y Acondicionamiento Estufas
0200846,2023,Carpinterías,Placas ignifugas
0200848,2023,Calefaccion y Refrigeracion,Remplazo de 4 estufas de 3500 kcal
0200851,2023,Albañileria / Pintura,EJECUCION DE DIRECCION
0200851,2023,Calefaccion y Refrigeracion,Remplazo de equipo de aire acondicionado
0200852,2023,Calefaccion y Refrigeracion,Remplazo de equipo de aire acondicionado
0200852,2023,Electricidad,Cambio de 1 ventilador en techo
0200853,2023,Calefaccion y Refrigeracion,Adecuacion de gas
0200855,2023,Electricidad,Instalacion para Espacios Seguros
0200855,2023,Incendio,Reacondicionamiento de IFCI
0200857,2023,Calefaccion y Refrigeracion,Remplazo de equipo de aire acondicionado
0200859,2023,Electricidad,INSTALACION EN ESPACIOS SEGUROS
0200859,2023,Medios de elevación,Reparación del ascensor
0200860,2023,Carpinterías,Instalar 11 pizarrones en aulas
0200860,2023,Electricidad,Cotización de aulas seguras.
0200860,2023,Sanitarias,Reponer inodoro destruido por vandalismo
0200862,2023,Electricidad,"Prov. inst, luces de emergencia, Prov y coloc ventiladores por vandalismo, INSTALACION EN ESPACIOS SEGUROS"
0200862,2023,Incendio,Cambiar matafuegos de pasillo 1erP
0200863,2023,Carpinterías,Automatización de portones
0200863,2023,Electricidad,"INSTALACION EN ESPACIOS SEGUROS, Secundarias del Futuro"
0200863,2023,Incendio,"Instalación contra incendio., Instalación contra incendio."
0200864,2023,Carpinterías,Prov. y coloc. vidrios rotos en sala por
0200864,2023,Electricidad,Prov e Inst. 2 ventiladores en aula
0200865,2023,Sanitarias,Sanitaria
0200868,2023,Calefaccion y Refrigeracion,Colocacion de equipo de aire
0200868,2023,Cubiertas / Impermeabilizaciones,IMPERMEABILIZACION DE AZOTEA
0200868,2023,Electricidad,Remplazo de ventiladores
0200869,2023,Calefaccion y Refrigeracion,Reposicion de caldera fuera de servicio
0200869,2023,Electricidad,INSTALACION EN ESPACIOS SEGUROS
0200869,2023,Sanitarias,Reponer bomba de agua
0200870,2023,Albañileria / Pintura,"SDF 2023. Adecuación, 1 aula"
0200870,2023,Cubiertas / Impermeabilizaciones,Filtración Laboratorio
0200870,2023,Electricidad,Espacios seguros
0200870,2023,Sanitarias,"Adecuación bajada Sanitaria, Sanitarios, Sanitaria"
0200871,2023,Electricidad,INSTALACION EN ESPACIOS SEGUROS
0200871,2023,Gas,Correcciones de la instalación de gas
0200872,2023,Gas,Adecuación de sistema de gas
0200873,2023,Albañileria / Pintura,"Pintura y reparación de cielorraso, Adecuacion de patio"
0200873,2023,Calefaccion y Refrigeracion,Adecuación de sistema de refrigeración
0200873,2023,Cubiertas / Impermeabilizaciones,Impermeabilizacion en azotea
0200873,2023,Electricidad,"Prov. Coloc.  central teléfonica., Cambio de artefactos de iluminación, Prov. Coloc  ventiladores e Iluminacion"
0200873,2023,Incendio,Adecuacion instalacion contra incendio
0200874,2023,Albañileria / Pintura,2 aulas del futuro - Primer Piso
0200874,2023,Carpinterías,Prov y coloc puertas baños vandalizadas
0200874,2023,Electricidad,INSTALACION EN ESPACIOS SEGUROS
0200886,2023,Electricidad,Edificación de aula
0200887,2023,Albañileria / Pintura,"Secundarias del Futuro, dos aulas taller"
0200904,2023,Carpinterías,Colocar protecciones de ventanas
0200904,2023,Electricidad,"Reemplazo de artefactos led titilando, Colocacion de camaras, alarma( Apolo)"
0200905,2023,Carpinterías,Proveer rampa movil
0200905,2023,Electricidad,Cambio de ventiladores de pared
0200905,2023,Gas,Cambiar 2 estufas
0200909,2023,Calefaccion y Refrigeracion,Reemplazar estufas obsoletas o rotas
0200911,2023,Calefaccion y Refrigeracion,Reparar caldera
0200911,2023,Carpinterías,Proveer rampa movil
0200918,2023,Electricidad,"Provision y colocación de 15 ventiladore, Informática y Secretaria ubicado en PB"
0200918,2023,Gas,Reacondicionamiento de inst de gas
0200918,2023,Sanitarias,"Cambio de tapas de inspeccion y limpieza, Provision y colocación de bomba de agua"
0200919,2023,Carpinterías,Obra de seguridad por vandalismo
0200919,2023,Electricidad,"Proveer  luminarias exteriores, Sistema de alarma y vigilancia"
0200919,2023,Sanitarias,Ejecucion camaras cloacales 2 etapa
0200923,2023,Electricidad,Remplazo de ventiladores de pared
0200923,2023,Incendio,Prov y coloc lanza vandalizada.
0200923,2023,Sanitarias,Reemplazo de dos mochilas por vandalismo
0200927,2023,Electricidad,"Colocación de luces de emergencia, Espacio digital y oficina de alumnos, Provision de 15 Ventiladores"
0200927,2023,Gas,reemplazo de regulador de gas
0200927,2023,Medios de elevación,Reparar ascensor
0200946,2023,Albañileria / Pintura,Reparacion de patio jardin
0200946,2023,Electricidad,"Seguridad para aula laboratorio pa, Reposición de 4 de pared de 20"
0200946,2023,Incendio,Reposición de manguera y lanza de cobre
0200946,2023,Medios de elevación,Reparar puerta ascensor vandalismo
0200946,2023,Sanitarias,"Reposición de dos inodoros, Realización de 2 cámaras de inspección, Cañería de agua alimentación jardín"
0200948,2023,Electricidad,Seguridad sala informática y sala apoyo
0200949,2023,Electricidad,Seguridad para aula informática 2do piso
0200949,2023,Gas,Adecuación instalación de gas
0200950,2023,Sanitarias,Depósito para peluquería
0200951,2023,Calefaccion y Refrigeracion,Reparación de sistema de calefacción.
0200951,2023,Electricidad,Protocolo Espacio seguro
0200952,2023,Carpinterías,Cambio de puerta en baños varones patio
0200952,2023,Electricidad,Seguridad para aula informática pb
0200953,2023,Electricidad,Protocolo Espacio seguro
0200954,2023,Electricidad,Protocolo Espacio seguro
0200955,2023,Albañileria / Pintura,"Retiro de revestimiento, Pintura de 3 aulas"
0200955,2023,Electricidad,"Recambio motor ventana corrediza, Seguridad para aula informática pb"
0200955,2023,Sanitarias,Reposición  válvula de descarga inodoro
0200956,2023,Electricidad,Seguridad aula informática salón  música
0200956,2023,Gas,Adecuación gas casa casero
0200957,2023,Electricidad,"Remplazo de ventiladores, Espacios Seguros adecuar prov.colocacion"
0200957,2023,Sanitarias,"Realizar camara de inspeccion, Cambio de tapas de tanque laterales, Cambio termotanque"
0200958,2023,Calefaccion y Refrigeracion,Reposicion de 2 calderas
0200958,2023,Electricidad,"Seguridad para espacio digital 2do piso, Reposición de 10 ventialdores"
0200958,2023,Gas,Instalación de gas por corte de suminist
0200960,2023,Electricidad,Instalación de luces de emergencia
0200960,2023,Gas,Instalación de gas
0200961,2023,Albañileria / Pintura,Revestimiento de durlok en direccion
0200961,2023,Calefaccion y Refrigeracion,Equipo aire frio calor inverter de 5000
0200961,2023,Carpinterías,Cambio rejas frente colocacion de puerta
0200961,2023,Electricidad,"Colocacion de artefactos luz tubos led, Reposición de 3 ventiladores de techo"
0200961,2023,Gas,Adecuacion instalacion de gas
0200962,2023,Albañileria / Pintura,Pintura de dos aulas
0200962,2023,Electricidad,"Seguridad rectoria y aula virtual PA, Suministrar un grupo electrogeno"
0200963,2023,Calefaccion y Refrigeracion,REPARACION DE CALDERA
0200963,2023,Electricidad,Protocolo Espacio seguro
0200964,2023,Albañileria / Pintura,Pintura de 3 aulas y la instalación SDF
0200964,2023,Sanitarias,Cambio de inodoro roto x vandalismo
0200965,2023,Calefaccion y Refrigeracion,Provisión de 40 placas calefactoras-
0200965,2023,Carpinterías,Reja protectora de equipo de aire
0200965,2023,Gas,Restitución de servicio gas
0200965,2023,Incendio,Cambio central de instalación incendio
0200965,2023,Sanitarias,Cambio de inodoro corto por vandalismo.
0200979,2023,Sanitarias,Cambio de caño principal cloacal
0200984,2023,Carpinterías,Prov colocacion de redes de proteccion
0200984,2023,Medios de elevación,Reparacion de medios de elevacion
0200989,2023,Carpinterías,Provisión e instalación de zócalos burle
0201863,2023,Calefaccion y Refrigeracion,Bombas de sistema de calefacción
0201863,2023,Gas,Adecuaciones de instalación de gas
0201864,2023,Albañileria / Pintura,"Acondicionamiento de 2 aulas, Realizar 2 cielorrasos en aulas"
0201864,2023,Gas,Reparar perdida en cañería exterior
0201865,2023,Electricidad,Protocolo espacios seguros
0201865,2023,Incendio,Adecuación IFCI
0202135,2023,Albañileria / Pintura,Pintura de Paredes y Cielo rasos
0202135,2023,Sanitarias,Colocar canilla en patio
0202144,2023,Albañileria / Pintura,Puesta en valor de Sala de Máquinas PB
0202144,2023,Electricidad,Instalación en espacios seguros
0202145,2023,Incendio,Reemplazo y provisión de extintores falt
0202178,2023,Albañileria / Pintura,Realización de tabiques divisorios
0202178,2023,Electricidad,"Colocacion de alarma y camaras, Reposicion ventilador y toma corriente, Reposición1 ventilador de techo aula, Cambio de ventilador en aula"
0202178,2023,Medios de elevación,Puesta en marcha ascensor por vandalismo
0202179,2023,Calefaccion y Refrigeracion,Prov. Coloc. A°A°
0202180,2023,Carpinterías,Instalacion y extensión rejas
0202188,2023,Calefaccion y Refrigeracion,"Instalación de dos equipos de AA, colocacion/reparacion de blackout"
0202188,2023,Carpinterías,"Cambio de vidrios vandalizados, Colocación de parasoles, Reemplazo de espejo y vidrios rotos, Reparación equipos calefacción"
0202188,2023,Electricidad,"Instalación de portero eléctrico, Reparación de ventiladores, Colocación de luces LED, Instalación en espacios seguros., Instalación luces led, Colocación de ventiladores de pared"
0202188,2023,Incendio,Reemplazo de sensor en taller
0202188,2023,Sanitarias,Cambio de tanques cisterna
0202194,2023,Carpinterías,Pintura barandas y refuerzo placares.
0202204,2023,Cubiertas / Impermeabilizaciones,"Impermeabilizar azotea y patio, Reposicion de cenefas en techo"
0202204,2023,Electricidad,"Colocacion de camaras, alarma( Apolo)"
0202204,2023,Sanitarias,Cambiar 2 bombas cisterna de agua
0202310,2023,Albañileria / Pintura,"Pintura de salas,prolongar reja frente"
0202379,2023,Calefaccion y Refrigeracion,Reparación y puesta en marcha calefactor
0202387,2023,Albañileria / Pintura,"Readecuacion sector juegos, Readecuacion sector juegos segunda etapa"
0202387,2023,Calefaccion y Refrigeracion,Prov.Coloc.  A.A. frio/calor de 3000
0202387,2023,Electricidad,Reparacion de Sistema de Vigilancia
0202391,2023,Electricidad,Instalación de horno eléctrico en cocina
0202430,2023,Carpinterías,"Reposicion 6 puertas de baño, Colocación de rejas de protección"
0202562,2023,Electricidad,INSTALACION EN ESPACIOS SEGUROS
0202562,2023,Gas,Regulador de gas en fachada
0202569,2023,Albañileria / Pintura,"6 aulas SdF 2023, Espacio Digital SdF"
0202569,2023,Sanitarias,CAMBIO DE TAPAS DE CISTERNA - TERRAZA
0202583,2023,Carpinterías,"Prov y coloc  red antipalomas en sum, Prov y coloc  vidrios vandalizados"
0202583,2023,Gas,Prov y coloc  válvula solenoide por vand
0202583,2023,Incendio,Adecuación de nichos de hidrantes
0202584,2023,Electricidad,"Prov, coloc 4 reflectores LED 100 watt, Colocacion de sistema de seguridad"
0202595,2023,Albañileria / Pintura,"Pintura de circulaciones, Pintura de aulas y pasillos, Modificación de baños, Puesta a punto del edificio, Pintura interior de aulas, Mantenimiento equipo BMS, Reemplazo paneles vinilicos vandalizados"
0202595,2023,Calefaccion y Refrigeracion,Reparación de equipo vrv
0202595,2023,Carpinterías,"reparación de carpinterias de aluminio, Colocación de red antipalomas"
0202595,2023,Electricidad,"Mantención del equipo BMS, Reparación del sistema de ventilación, Reparación del sistema de datos, Colocación de paneles LED"
0202595,2023,Sanitarias,"Colocación de válvula interceptora, Reemplazo de bombas de circulacion"
0202602,2023,Electricidad,Espacios seguros
0202629,2023,Gas,Readecuacion de Instalacion de Gas
0202635,2023,Electricidad,Instalación 4 fotocelulas reflectores
0202635,2023,Medios de elevación,Cambio de colisas de cabina
0202638,2023,Albañileria / Pintura,"Pintura fachada gimnasio, PEGADO UNIONES SOLADO AULAS"
0202656,2023,Calefaccion y Refrigeracion,cambio de cableado de datos equipos AA
0202656,2023,Electricidad,"Prov y coloc de 4 ventiladores, Reemplazo de artefactos de luminarias"
0202660,2023,Albañileria / Pintura,DEMARCACION CANCHA FUTBOL - PATIO
0202660,2023,Calefaccion y Refrigeracion,REPARACION AA VRV - JARDIN Y PRIMARIA
0202661,2023,Electricidad,Baja Tensión
0202662,2023,Albañileria / Pintura,Puesta en servicio de ascensores 3 y 4 n
0202662,2023,Carpinterías,Reparar y colocar faltantes en 21 puerta
0202662,2023,Electricidad,Reemplazar artefactos led agotados
0202662,2023,Gas,READECUACIÓN INSTALACION GAS
0202662,2023,Incendio,Poner en Norma IFCI
0202662,2023,Sanitarias,"Reemplazo de Griferias vandalizadas, Reemplazar 2 bombas cloacales, Desagote de camaras primarias con atmosf"
0202667,2023,Calefaccion y Refrigeracion,Reposición Cañería de Aire Acondicionado
0202668,2023,Electricidad,Reemplazar 5 ventiladores
0202669,2023,Carpinterías,Ejecución cerco olimpico y reja malla
0202678,2023,Electricidad,Reemplazo de Ventiladores
0202678,2023,Medios de elevación,Puesta en marcha de ascensor
0202679,2023,Calefaccion y Refrigeracion,Colocacion de aires acondicionados
0202679,2023,Electricidad,Reemplazo de Ventiladores
0202680,2023,Electricidad,Reposicion de ventiladores
0202682,2023,Calefaccion y Refrigeracion,Provision y coloc. Aire acondicionado
0202682,2023,Carpinterías,"Prov y coloc rejas en ventanas sector ad, Prov. Coloc  rejas en sector posterior"
0202682,2023,Cubiertas / Impermeabilizaciones,Aislación en cubierta de chapa
0202682,2023,Electricidad,"Recambio de luces y ventiladores en sum, Reposición de 4 ventiladores de techo"
0202683,2023,Calefaccion y Refrigeracion,Acondicionar sist de calefacción
0202685,2023,Sanitarias,Coloc 2 griferias bacha de sala y otro
0202686,2023,Carpinterías,Reparación de rejas
0202687,2023,Electricidad,"Prov. y coloc. equipo de iluminacion, Sistema de Vigilancia, Prov.Coloc. 6 ventiladores"
0202689,2023,Calefaccion y Refrigeracion,Reconexión de equipos de termomecánica
0202689,2023,Carpinterías,Reposicion vidrio vandalizados
0202731,2023,Albañileria / Pintura,Colocación y sujeción piso de goma Corre
0202732,2023,Carpinterías,Prov y coloc  red de protección
0202735,2023,Albañileria / Pintura,Reacond de pisos y ampliación de red plu
0202773,2023,Sanitarias,Cañería de alimentación de bombas
0202774,2023,Carpinterías,Carpinterías
NA,2023,Albañileria / Pintura,Pintura de sectores
NA,2023,Calefaccion y Refrigeracion,"Instalación de tanques de expansión cerr, Instalación de equipos split en 2do piso"
NA,2023,Electricidad,"Adecuaciones electricas mudanza del Cens, Readecuación de fusiblera principal, Elecciones PASO 2023, Elecciones PASO 2023, Elecciones PASO 2023, Elecciones PASO 2023, Elecciones PASO 2023, Elecciones PASO 2023, Elecciones PASO 2023"
NA,2023,Medios de elevación,Reparar plataforma elevadora
NA,2023,Otros Servicios,Volquete para limpieza de sectores
